product_id,product_name,category,unit_price,active
1,Product_1,Home,91.49,true
2,Product_2,Electronics,116.55,true
3,Product_3,Electronics,55.78,true
4,Product_4,Electronics,310.18,true
5,Product_5,Home,357.29,true
6,Product_6,Home,273.63,true
7,Product_7,,202.82,true
8,Product_8,Home,422.53,true
9,Product_9,Home,488.52,true
10,Product_10,Clothing,489.65,true
11,Product_11,Clothing,161.27,true
12,Product_12,Clothing,356.87,true
13,Product_13,Electronics,68.97,true
14,Product_14,Home,18.09,true
15,Product_15,Clothing,409.57,true
16,Product_16,Home,385.84,true
17,Product_17,Clothing,199.86,true
18,Product_18,Home,482.83,true
19,Product_19,Electronics,348.05,true
20,Product_20,Electronics,391.37,true
21,Product_21,Clothing,125.53,true
22,Product_22,Home,202.89,true
23,Product_23,Clothing,373.4,true
24,Product_24,Electronics,188.53,true
25,Product_25,Home,85.23,true
26,Product_26,Home,353.61,true
27,Product_27,Electronics,293.25,true
28,Product_28,Clothing,95.65,true
29,Product_29,Home,226.43,true
30,Product_30,Home,27.79,true
31,Product_31,Electronics,406.59,true
32,Product_32,,424.16,true
33,Product_33,Electronics,346.8,true
34,Product_34,Clothing,116.19,true
35,Product_35,Clothing,443.09,true
36,Product_36,Electronics,484.85,false
37,Product_37,Home,101.18,false
38,Product_38,Electronics,245.89,true
39,Product_39,Electronics,249.07,true
40,Product_40,,459.02,true
41,Product_41,,416.98,true
42,Product_42,Electronics,202.78,true
43,Product_43,Electronics,49.08,true
44,Product_44,Clothing,184.27,true
45,Product_45,,412.03,true
46,Product_46,Electronics,327.65,false
47,Product_47,Electronics,243.86,true
48,Product_48,Electronics,334.61,true
49,Product_49,,366.1,true
50,Product_50,Clothing,66.46,true
51,Product_51,Clothing,407.58,true
52,Product_52,Electronics,91.6,true
53,Product_53,Clothing,71.05,true
54,Product_54,Electronics,219.57,false
55,Product_55,Home,303.15,true
56,Product_56,Clothing,450.0,true
57,Product_57,,68.65,true
58,Product_58,,303.78,true
59,Product_59,Clothing,145.48,true
60,Product_60,Electronics,122.36,true
61,Product_61,Clothing,279.31,true
62,Product_62,Electronics,383.17,true
63,Product_63,,68.67,true
64,Product_64,Electronics,432.32,true
65,Product_65,Home,55.8,true
66,Product_66,Electronics,332.64,true
67,Product_67,Home,56.9,true
68,Product_68,Electronics,109.65,true
69,Product_69,Electronics,389.08,true
70,Product_70,Electronics,68.85,true
71,Product_71,Home,10.17,true
72,Product_72,Electronics,403.41,true
73,Product_73,Clothing,112.65,true
74,Product_74,,30.08,true
75,Product_75,Clothing,82.43,true
76,Product_76,Home,218.38,true
77,Product_77,Clothing,373.38,true
78,Product_78,Electronics,333.44,false
79,Product_79,Electronics,243.14,true
80,Product_80,Electronics,28.46,true
81,Product_81,Electronics,212.69,true
82,Product_82,Electronics,269.32,true
83,Product_83,Clothing,397.94,true
84,Product_84,Clothing,17.1,true
85,Product_85,Electronics,217.05,true
86,Product_86,Home,464.58,true
87,Product_87,Clothing,234.67,true
88,Product_88,Electronics,350.34,true
89,Product_89,Electronics,89.91,true
90,Product_90,Home,417.2,true
91,Product_91,,479.76,true
92,Product_92,Electronics,418.14,true
93,Product_93,Clothing,353.86,true
94,Product_94,Electronics,313.52,true
95,Product_95,Electronics,202.36,true
96,Product_96,Electronics,18.76,true
97,Product_97,Electronics,245.24,true
98,Product_98,Electronics,98.16,true
99,Product_99,Electronics,157.99,true
100,Product_100,Clothing,267.94,true
101,Product_101,Home,179.41,true
102,Product_102,Electronics,459.43,true
103,Product_103,Electronics,163.68,true
104,Product_104,Home,434.41,true
105,Product_105,Electronics,77.49,true
106,Product_106,Electronics,373.12,true
107,Product_107,Home,390.03,true
108,Product_108,Electronics,213.06,true
109,Product_109,Clothing,192.95,true
110,Product_110,Home,233.05,true
111,Product_111,Electronics,180.7,true
112,Product_112,Clothing,372.32,true
113,Product_113,Clothing,489.23,true
114,Product_114,Clothing,270.93,true
115,Product_115,Clothing,347.05,true
116,Product_116,Electronics,209.64,true
117,Product_117,Clothing,10.96,true
118,Product_118,Clothing,430.34,true
119,Product_119,Electronics,132.49,true
120,Product_120,Electronics,154.56,true
121,Product_121,Clothing,282.24,true
122,Product_122,Clothing,105.73,true
123,Product_123,Electronics,375.52,true
124,Product_124,Electronics,24.5,true
125,Product_125,Electronics,488.26,true
126,Product_126,Clothing,43.29,true
127,Product_127,Clothing,160.83,true
128,Product_128,Electronics,261.5,true
129,Product_129,Electronics,91.41,true
130,Product_130,Electronics,275.46,true
131,Product_131,Home,129.01,true
132,Product_132,Home,242.17,true
133,Product_133,Clothing,93.28,true
134,Product_134,Clothing,328.27,true
135,Product_135,Clothing,172.38,true
136,Product_136,Electronics,56.38,true
137,Product_137,Electronics,286.61,true
138,Product_138,Electronics,143.49,true
139,Product_139,Clothing,195.56,true
140,Product_140,Electronics,79.54,true
141,Product_141,Clothing,434.53,true
142,Product_142,Electronics,329.29,true
143,Product_143,Electronics,59.57,true
144,Product_144,Clothing,63.3,true
145,Product_145,Electronics,455.29,true
146,Product_146,Electronics,492.19,true
147,Product_147,Electronics,122.39,true
148,Product_148,Electronics,66.9,true
149,Product_149,Home,304.68,true
150,Product_150,Home,162.29,true
151,Product_151,Electronics,243.83,true
152,Product_152,Clothing,198.4,true
153,Product_153,Clothing,86.64,true
154,Product_154,,468.91,false
155,Product_155,Electronics,426.71,true
156,Product_156,Clothing,443.63,true
157,Product_157,Electronics,450.44,true
158,Product_158,Clothing,13.12,true
159,Product_159,Electronics,89.18,true
160,Product_160,Home,246.09,false
161,Product_161,Electronics,182.55,true
162,Product_162,Clothing,424.41,true
163,Product_163,Clothing,281.86,true
164,Product_164,Electronics,184.66,true
165,Product_165,Clothing,234.39,true
166,Product_166,,189.82,true
167,Product_167,Electronics,11.39,true
168,Product_168,Home,355.69,true
169,Product_169,Home,23.99,true
170,Product_170,Home,214.62,true
171,Product_171,Clothing,100.36,true
172,Product_172,Home,287.64,true
173,Product_173,,205.88,true
174,Product_174,Electronics,162.2,false
175,Product_175,Clothing,259.98,true
176,Product_176,Clothing,90.93,true
177,Product_177,Electronics,43.04,true
178,Product_178,Home,446.27,true
179,Product_179,Clothing,279.1,true
180,Product_180,Clothing,371.59,true
181,Product_181,Clothing,10.83,false
182,Product_182,Electronics,441.96,true
183,Product_183,Electronics,381.48,true
184,Product_184,Electronics,467.11,true
185,Product_185,Clothing,125.05,false
186,Product_186,Clothing,131.13,true
187,Product_187,Electronics,255.18,true
188,Product_188,Clothing,428.99,true
189,Product_189,Clothing,463.75,true
190,Product_190,Electronics,464.5,true
191,Product_191,Electronics,230.18,true
192,Product_192,Electronics,281.62,true
193,Product_193,Electronics,304.32,true
194,Product_194,Clothing,358.58,true
195,Product_195,Home,371.58,true
196,Product_196,Electronics,360.9,true
197,Product_197,Clothing,458.93,true
198,Product_198,Electronics,73.06,true
199,Product_199,Electronics,51.01,true
200,Product_200,Home,301.68,true
201,Product_201,Clothing,353.62,true
202,Product_202,Clothing,304.81,true
203,Product_203,Electronics,223.77,true
204,Product_204,Clothing,434.17,true
205,Product_205,Home,247.87,true
206,Product_206,Home,467.76,true
207,Product_207,Clothing,82.66,true
208,Product_208,Clothing,211.95,true
209,Product_209,Home,200.58,true
210,Product_210,Electronics,237.97,true
211,Product_211,Clothing,157.38,true
212,Product_212,,155.76,true
213,Product_213,,382.73,true
214,Product_214,Home,378.94,true
215,Product_215,Home,387.4,true
216,Product_216,Clothing,278.25,false
217,Product_217,,190.57,true
218,Product_218,Electronics,34.27,true
219,Product_219,Electronics,23.71,true
220,Product_220,Electronics,282.83,true
221,Product_221,Electronics,103.83,true
222,Product_222,Electronics,206.44,true
223,Product_223,Home,361.8,true
224,Product_224,Electronics,194.5,true
225,Product_225,Electronics,208.66,true
226,Product_226,Electronics,45.94,false
227,Product_227,Electronics,419.43,true
228,Product_228,Clothing,270.94,false
229,Product_229,Clothing,438.69,true
230,Product_230,Electronics,496.41,true
231,Product_231,Clothing,265.05,true
232,Product_232,Electronics,21.22,true
233,Product_233,Electronics,211.69,true
234,Product_234,Clothing,163.39,true
235,Product_235,Electronics,317.34,true
236,Product_236,Home,384.65,true
237,Product_237,Electronics,108.91,true
238,Product_238,Home,291.36,true
239,Product_239,Clothing,250.55,true
240,Product_240,Electronics,362.15,true
241,Product_241,Electronics,203.3,true
242,Product_242,Home,59.83,true
243,Product_243,Home,223.6,true
244,Product_244,Electronics,258.75,true
245,Product_245,Clothing,209.56,true
246,Product_246,Electronics,96.92,true
247,Product_247,Electronics,490.2,true
248,Product_248,,19.44,true
249,Product_249,Home,37.79,true
250,Product_250,Clothing,78.71,true
251,Product_251,Electronics,109.8,true
252,Product_252,Electronics,409.48,true
253,Product_253,Home,219.37,true
254,Product_254,Home,73.83,true
255,Product_255,Electronics,126.04,true
256,Product_256,Clothing,212.15,true
257,Product_257,Home,12.97,true
258,Product_258,Clothing,353.95,true
259,Product_259,Electronics,462.77,true
260,Product_260,Electronics,386.05,true
261,Product_261,Electronics,343.72,true
262,Product_262,Clothing,178.42,true
263,Product_263,Electronics,253.13,true
264,Product_264,Electronics,303.58,true
265,Product_265,Electronics,134.31,true
266,Product_266,Clothing,294.78,true
267,Product_267,Clothing,264.14,true
268,Product_268,Electronics,61.53,false
269,Product_269,Clothing,191.98,true
270,Product_270,Electronics,54.09,true
271,Product_271,Clothing,334.34,true
272,Product_272,Home,221.37,true
273,Product_273,Electronics,273.63,true
274,Product_274,Home,492.34,true
275,Product_275,Home,133.91,false
276,Product_276,Clothing,194.72,true
277,Product_277,Electronics,297.78,true
278,Product_278,Home,112.67,true
279,Product_279,Electronics,273.43,true
280,Product_280,Electronics,70.18,true
281,Product_281,,170.34,false
282,Product_282,Clothing,42.7,true
283,Product_283,Home,18.76,true
284,Product_284,,305.52,false
285,Product_285,Clothing,280.37,true
286,Product_286,Electronics,380.81,true
287,Product_287,Clothing,100.79,true
288,Product_288,,365.94,true
289,Product_289,Clothing,157.63,true
290,Product_290,Electronics,71.54,true
291,Product_291,Clothing,337.86,true
292,Product_292,Electronics,188.93,true
293,Product_293,Electronics,174.06,true
294,Product_294,Electronics,105.88,true
295,Product_295,Clothing,133.37,true
296,Product_296,Electronics,280.07,true
297,Product_297,Clothing,497.84,true
298,Product_298,Home,125.75,true
299,Product_299,Electronics,215.55,true
300,Product_300,Electronics,58.06,false
301,Product_301,Home,287.03,true
302,Product_302,Clothing,153.32,true
303,Product_303,Clothing,56.18,true
304,Product_304,Home,98.53,true
305,Product_305,Clothing,139.29,true
306,Product_306,Clothing,391.35,true
307,Product_307,Electronics,231.34,true
308,Product_308,Clothing,471.97,true
309,Product_309,Clothing,220.18,true
310,Product_310,Home,311.78,true
311,Product_311,Electronics,80.65,true
312,Product_312,Electronics,240.03,true
313,Product_313,,468.54,true
314,Product_314,Electronics,56.45,false
315,Product_315,Clothing,328.25,true
316,Product_316,Clothing,96.49,true
317,Product_317,Electronics,199.81,true
318,Product_318,Electronics,140.36,true
319,Product_319,Electronics,82.2,true
320,Product_320,Electronics,223.04,true
321,Product_321,Electronics,296.58,true
322,Product_322,Clothing,220.2,true
323,Product_323,Electronics,239.05,true
324,Product_324,Home,65.21,true
325,Product_325,Electronics,403.36,true
326,Product_326,Home,354.27,true
327,Product_327,Clothing,226.04,false
328,Product_328,Electronics,437.47,true
329,Product_329,Home,273.97,true
330,Product_330,Electronics,450.55,true
331,Product_331,Electronics,329.9,true
332,Product_332,Electronics,182.51,true
333,Product_333,Home,215.52,true
334,Product_334,Electronics,409.07,true
335,Product_335,Home,315.19,true
336,Product_336,,427.16,true
337,Product_337,Clothing,48.34,true
338,Product_338,Home,176.46,true
339,Product_339,Home,49.49,false
340,Product_340,Electronics,397.02,true
341,Product_341,Electronics,432.77,true
342,Product_342,Clothing,342.51,true
343,Product_343,Clothing,437.94,true
344,Product_344,Clothing,406.8,true
345,Product_345,Electronics,374.56,true
346,Product_346,Electronics,489.29,true
347,Product_347,Electronics,309.44,true
348,Product_348,,321.74,true
349,Product_349,Clothing,114.82,true
350,Product_350,Electronics,279.99,true
351,Product_351,Clothing,13.69,true
352,Product_352,Clothing,67.39,true
353,Product_353,,342.5,true
354,Product_354,Electronics,339.48,true
355,Product_355,Clothing,76.53,true
356,Product_356,Electronics,110.72,true
357,Product_357,Clothing,335.94,false
358,Product_358,Electronics,353.63,true
359,Product_359,Home,462.04,true
360,Product_360,Clothing,101.37,true
361,Product_361,Clothing,198.51,true
362,Product_362,Electronics,129.81,true
363,Product_363,Electronics,319.41,true
364,Product_364,Home,198.8,true
365,Product_365,,478.15,true
366,Product_366,Clothing,344.14,true
367,Product_367,Clothing,445.84,true
368,Product_368,Clothing,459.94,true
369,Product_369,Home,78.26,true
370,Product_370,Clothing,165.02,true
371,Product_371,Clothing,254.5,true
372,Product_372,Clothing,390.78,true
373,Product_373,Clothing,407.53,true
374,Product_374,Electronics,46.34,true
375,Product_375,Electronics,222.54,true
376,Product_376,,301.84,true
377,Product_377,,291.83,true
378,Product_378,Electronics,32.19,true
379,Product_379,Electronics,143.04,true
380,Product_380,Home,287.28,true
381,Product_381,Clothing,84.13,true
382,Product_382,Home,203.2,true
383,Product_383,Clothing,223.13,true
384,Product_384,Electronics,327.37,true
385,Product_385,Home,456.2,true
386,Product_386,Electronics,460.47,true
387,Product_387,Electronics,154.58,true
388,Product_388,,222.24,true
389,Product_389,Clothing,357.99,true
390,Product_390,Electronics,336.51,true
391,Product_391,Electronics,88.6,true
392,Product_392,Home,42.59,true
393,Product_393,Clothing,98.18,true
394,Product_394,Electronics,461.89,true
395,Product_395,Clothing,175.04,true
396,Product_396,Home,417.06,true
397,Product_397,Electronics,216.89,true
398,Product_398,Clothing,104.5,false
399,Product_399,Home,157.62,false
400,Product_400,,174.36,false
401,Product_401,Home,128.19,false
402,Product_402,Clothing,448.34,true
403,Product_403,Electronics,90.22,true
404,Product_404,Home,199.56,true
405,Product_405,Clothing,30.66,false
406,Product_406,Home,454.95,true
407,Product_407,Clothing,195.58,true
408,Product_408,Electronics,190.2,false
409,Product_409,Electronics,390.86,true
410,Product_410,Clothing,429.95,true
411,Product_411,,287.43,true
412,Product_412,,128.63,true
413,Product_413,Clothing,373.26,false
414,Product_414,Electronics,352.33,true
415,Product_415,Electronics,456.86,true
416,Product_416,Clothing,83.17,true
417,Product_417,Electronics,248.68,true
418,Product_418,Electronics,11.34,true
419,Product_419,Home,265.7,false
420,Product_420,Electronics,63.04,true
421,Product_421,Electronics,428.76,true
422,Product_422,Home,207.16,true
423,Product_423,Home,147.42,true
424,Product_424,Electronics,168.31,true
425,Product_425,Home,345.52,true
426,Product_426,Home,478.67,true
427,Product_427,Clothing,92.78,true
428,Product_428,Clothing,57.52,true
429,Product_429,Home,28.49,true
430,Product_430,Electronics,20.09,true
431,Product_431,Electronics,418.02,true
432,Product_432,Electronics,88.49,true
433,Product_433,Electronics,211.91,true
434,Product_434,Clothing,141.98,true
435,Product_435,Home,479.95,true
436,Product_436,Clothing,73.76,true
437,Product_437,,312.35,true
438,Product_438,Electronics,424.0,true
439,Product_439,Home,217.16,false
440,Product_440,Clothing,298.87,true
441,Product_441,Electronics,401.82,true
442,Product_442,Clothing,247.73,true
443,Product_443,Home,259.03,false
444,Product_444,Clothing,490.79,true
445,Product_445,Clothing,203.37,true
446,Product_446,Home,135.56,true
447,Product_447,Home,436.69,true
448,Product_448,Clothing,251.41,true
449,Product_449,Electronics,364.1,true
450,Product_450,Home,471.68,true
451,Product_451,Electronics,305.59,true
452,Product_452,Electronics,139.52,true
453,Product_453,Electronics,114.52,true
454,Product_454,Home,21.84,true
455,Product_455,Home,80.49,true
456,Product_456,Electronics,107.13,false
457,Product_457,Clothing,331.86,true
458,Product_458,,85.5,false
459,Product_459,Home,285.95,true
460,Product_460,Electronics,109.29,true
461,Product_461,Electronics,280.41,false
462,Product_462,Home,122.37,true
463,Product_463,Home,205.88,true
464,Product_464,Electronics,448.11,true
465,Product_465,,91.61,true
466,Product_466,Clothing,26.07,true
467,Product_467,Electronics,155.89,true
468,Product_468,Home,205.24,true
469,Product_469,Home,387.71,true
470,Product_470,Clothing,491.8,true
471,Product_471,Home,336.8,true
472,Product_472,,90.29,true
473,Product_473,Clothing,441.52,true
474,Product_474,Electronics,138.85,true
475,Product_475,Electronics,498.89,true
476,Product_476,Electronics,236.06,true
477,Product_477,,117.22,false
478,Product_478,Electronics,116.78,true
479,Product_479,Electronics,113.98,true
480,Product_480,Electronics,417.23,true
481,Product_481,Electronics,223.14,true
482,Product_482,Home,350.79,true
483,Product_483,Clothing,454.42,true
484,Product_484,,71.5,true
485,Product_485,Clothing,366.46,true
486,Product_486,Electronics,404.59,true
487,Product_487,Electronics,112.81,true
488,Product_488,Home,296.2,true
489,Product_489,Clothing,408.1,true
490,Product_490,Clothing,43.15,true
491,Product_491,Electronics,122.83,false
492,Product_492,Home,214.27,true
493,Product_493,Electronics,282.55,true
494,Product_494,Clothing,241.47,true
495,Product_495,Electronics,104.07,false
496,Product_496,Clothing,274.96,true
497,Product_497,Home,265.14,true
498,Product_498,Clothing,39.95,true
499,Product_499,,469.77,true
500,Product_500,Electronics,135.2,true
501,Product_501,Clothing,426.72,true
502,Product_502,Clothing,212.54,true
503,Product_503,Electronics,451.1,true
504,Product_504,Electronics,388.23,false
505,Product_505,Electronics,419.52,true
506,Product_506,Electronics,450.0,true
507,Product_507,,247.44,false
508,Product_508,Clothing,114.36,true
509,Product_509,Clothing,157.08,false
510,Product_510,Home,292.55,true
511,Product_511,Electronics,364.96,true
512,Product_512,Electronics,79.79,true
513,Product_513,Clothing,166.49,true
514,Product_514,Electronics,261.37,true
515,Product_515,Home,378.78,true
516,Product_516,Home,127.59,true
517,Product_517,Clothing,61.22,true
518,Product_518,Electronics,357.21,false
519,Product_519,Electronics,217.56,true
520,Product_520,Clothing,498.86,true
521,Product_521,,156.56,true
522,Product_522,,101.61,true
523,Product_523,Clothing,408.73,true
524,Product_524,Electronics,458.53,false
525,Product_525,,475.24,true
526,Product_526,Home,402.04,true
527,Product_527,Clothing,123.29,true
528,Product_528,,34.75,false
529,Product_529,Home,233.78,true
530,Product_530,Clothing,48.5,false
531,Product_531,Clothing,89.75,false
532,Product_532,Electronics,28.13,true
533,Product_533,Home,221.65,true
534,Product_534,Clothing,203.64,true
535,Product_535,Clothing,317.48,true
536,Product_536,Electronics,299.18,true
537,Product_537,Clothing,476.86,true
538,Product_538,,191.02,true
539,Product_539,Clothing,438.48,true
540,Product_540,Electronics,467.28,true
541,Product_541,Home,409.08,true
542,Product_542,Electronics,246.18,true
543,Product_543,Electronics,20.3,true
544,Product_544,Clothing,141.55,true
545,Product_545,Clothing,123.7,true
546,Product_546,Clothing,181.64,true
547,Product_547,Electronics,454.91,true
548,Product_548,Home,415.36,true
549,Product_549,,487.51,true
550,Product_550,Electronics,343.43,true
551,Product_551,Home,41.4,true
552,Product_552,Electronics,191.33,true
553,Product_553,Electronics,125.19,true
554,Product_554,,411.26,true
555,Product_555,Electronics,142.47,true
556,Product_556,Clothing,441.06,true
557,Product_557,Clothing,493.74,true
558,Product_558,Electronics,147.92,false
559,Product_559,Home,246.95,true
560,Product_560,Electronics,272.97,true
561,Product_561,Clothing,127.71,true
562,Product_562,,150.2,true
563,Product_563,,376.13,true
564,Product_564,Electronics,211.43,true
565,Product_565,Electronics,326.91,true
566,Product_566,Home,326.96,true
567,Product_567,Electronics,374.89,true
568,Product_568,Clothing,115.59,true
569,Product_569,Electronics,405.58,true
570,Product_570,Clothing,109.81,true
571,Product_571,Clothing,455.82,true
572,Product_572,Home,467.94,true
573,Product_573,Clothing,69.96,true
574,Product_574,Clothing,121.04,true
575,Product_575,Clothing,88.81,false
576,Product_576,Home,455.88,true
577,Product_577,Home,72.77,true
578,Product_578,Clothing,289.28,true
579,Product_579,Clothing,13.15,false
580,Product_580,,25.39,true
581,Product_581,,167.09,true
582,Product_582,Electronics,325.35,true
583,Product_583,Electronics,178.09,true
584,Product_584,Electronics,215.19,true
585,Product_585,Electronics,307.16,true
586,Product_586,Electronics,338.82,true
587,Product_587,Electronics,104.55,false
588,Product_588,Home,280.92,true
589,Product_589,Electronics,478.0,true
590,Product_590,Clothing,245.4,true
591,Product_591,Electronics,238.72,false
592,Product_592,Clothing,64.52,true
593,Product_593,Electronics,434.63,false
594,Product_594,Electronics,351.35,true
595,Product_595,,371.42,true
596,Product_596,,388.45,true
597,Product_597,Home,275.52,false
598,Product_598,Electronics,165.39,false
599,Product_599,Clothing,103.13,true
600,Product_600,Clothing,441.69,false
601,Product_601,Clothing,227.96,true
602,Product_602,Electronics,130.37,true
603,Product_603,Clothing,407.85,true
604,Product_604,Electronics,29.94,true
605,Product_605,Home,32.43,true
606,Product_606,Clothing,487.89,true
607,Product_607,Clothing,250.43,true
608,Product_608,Clothing,247.56,true
609,Product_609,,126.37,true
610,Product_610,Home,120.17,true
611,Product_611,Electronics,498.78,false
612,Product_612,Electronics,32.45,true
613,Product_613,,16.98,true
614,Product_614,Home,483.65,true
615,Product_615,Home,224.75,false
616,Product_616,Home,312.25,true
617,Product_617,Electronics,488.29,true
618,Product_618,Electronics,451.1,true
619,Product_619,Electronics,370.09,true
620,Product_620,Clothing,298.83,true
621,Product_621,Clothing,347.12,true
622,Product_622,Home,108.34,true
623,Product_623,,137.05,true
624,Product_624,Electronics,127.82,true
625,Product_625,Electronics,14.16,true
626,Product_626,Clothing,373.08,false
627,Product_627,Electronics,203.3,true
628,Product_628,Clothing,118.01,true
629,Product_629,Electronics,71.97,true
630,Product_630,Electronics,482.83,true
631,Product_631,,291.87,true
632,Product_632,Clothing,202.15,true
633,Product_633,,363.18,true
634,Product_634,Electronics,246.44,true
635,Product_635,Electronics,165.07,true
636,Product_636,Clothing,489.55,true
637,Product_637,Clothing,128.04,true
638,Product_638,Clothing,275.39,true
639,Product_639,Electronics,350.25,true
640,Product_640,Clothing,151.6,false
641,Product_641,Electronics,435.63,true
642,Product_642,Electronics,62.26,true
643,Product_643,Clothing,93.53,true
644,Product_644,Clothing,484.38,true
645,Product_645,Electronics,457.15,true
646,Product_646,Electronics,162.64,true
647,Product_647,Clothing,399.96,true
648,Product_648,Clothing,128.57,false
649,Product_649,Clothing,288.14,false
650,Product_650,Clothing,390.28,true
651,Product_651,Home,215.43,true
652,Product_652,,230.44,true
653,Product_653,Electronics,76.7,true
654,Product_654,Electronics,69.53,true
655,Product_655,Electronics,360.81,true
656,Product_656,Electronics,149.69,true
657,Product_657,Clothing,161.06,true
658,Product_658,,186.62,true
659,Product_659,Electronics,24.85,false
660,Product_660,Clothing,106.31,true
661,Product_661,Clothing,481.68,true
662,Product_662,,395.73,true
663,Product_663,Clothing,356.6,true
664,Product_664,Clothing,278.12,true
665,Product_665,Clothing,149.49,true
666,Product_666,Clothing,461.66,true
667,Product_667,Electronics,309.05,true
668,Product_668,Electronics,65.96,true
669,Product_669,,383.22,true
670,Product_670,Electronics,161.9,true
671,Product_671,Electronics,195.46,true
672,Product_672,Clothing,221.11,false
673,Product_673,Home,261.92,true
674,Product_674,Electronics,110.25,true
675,Product_675,Electronics,315.52,true
676,Product_676,Home,30.69,true
677,Product_677,Home,37.21,true
678,Product_678,Electronics,445.62,true
679,Product_679,Home,293.75,true
680,Product_680,Clothing,453.5,true
681,Product_681,Clothing,296.03,true
682,Product_682,Clothing,499.57,true
683,Product_683,Home,493.3,true
684,Product_684,Home,87.08,true
685,Product_685,Clothing,272.26,false
686,Product_686,Electronics,367.37,true
687,Product_687,Electronics,76.21,true
688,Product_688,Clothing,260.18,true
689,Product_689,Clothing,356.91,true
690,Product_690,Clothing,436.15,true
691,Product_691,Electronics,221.34,true
692,Product_692,Electronics,204.46,true
693,Product_693,Electronics,42.92,true
694,Product_694,Clothing,248.0,true
695,Product_695,Clothing,176.55,true
696,Product_696,Clothing,499.01,true
697,Product_697,Clothing,257.93,true
698,Product_698,Clothing,224.61,true
699,Product_699,Home,131.39,true
700,Product_700,Clothing,89.36,true
701,Product_701,Clothing,400.45,true
702,Product_702,Home,441.97,true
703,Product_703,Clothing,32.33,true
704,Product_704,Home,399.2,true
705,Product_705,,357.27,false
706,Product_706,Clothing,188.31,false
707,Product_707,Home,258.21,true
708,Product_708,Electronics,431.82,true
709,Product_709,Electronics,135.58,true
710,Product_710,Home,426.19,true
711,Product_711,Home,328.85,true
712,Product_712,Electronics,143.5,true
713,Product_713,Clothing,366.37,true
714,Product_714,Clothing,252.09,true
715,Product_715,Electronics,36.28,true
716,Product_716,Electronics,447.06,true
717,Product_717,Clothing,397.92,true
718,Product_718,Electronics,269.24,true
719,Product_719,Home,193.84,true
720,Product_720,Clothing,252.54,true
721,Product_721,Electronics,441.42,true
722,Product_722,Electronics,322.78,true
723,Product_723,Home,248.87,true
724,Product_724,Electronics,489.93,true
725,Product_725,Electronics,444.78,true
726,Product_726,Clothing,298.73,true
727,Product_727,Electronics,230.2,true
728,Product_728,Clothing,322.42,true
729,Product_729,Electronics,325.24,true
730,Product_730,Electronics,50.41,false
731,Product_731,Home,112.65,true
732,Product_732,Electronics,315.89,false
733,Product_733,Clothing,414.99,true
734,Product_734,Clothing,85.78,true
735,Product_735,Home,368.94,true
736,Product_736,Clothing,251.43,true
737,Product_737,Electronics,368.26,true
738,Product_738,Clothing,466.54,true
739,Product_739,Home,493.96,true
740,Product_740,Clothing,455.26,true
741,Product_741,Electronics,73.77,true
742,Product_742,Electronics,243.56,true
743,Product_743,Electronics,63.86,true
744,Product_744,Home,484.93,true
745,Product_745,Electronics,332.08,true
746,Product_746,Home,17.85,true
747,Product_747,Electronics,315.33,true
748,Product_748,Home,222.49,true
749,Product_749,Electronics,72.0,true
750,Product_750,Electronics,148.09,true
751,Product_751,Clothing,191.51,true
752,Product_752,Electronics,237.93,true
753,Product_753,Electronics,202.4,true
754,Product_754,Electronics,421.72,true
755,Product_755,,468.78,true
756,Product_756,Electronics,455.58,true
757,Product_757,,362.02,true
758,Product_758,Home,433.75,false
759,Product_759,Clothing,431.76,true
760,Product_760,Electronics,351.46,true
761,Product_761,Electronics,223.34,true
762,Product_762,Electronics,291.25,true
763,Product_763,Electronics,317.23,true
764,Product_764,Home,494.46,true
765,Product_765,Electronics,283.77,false
766,Product_766,Home,145.05,true
767,Product_767,Electronics,163.57,true
768,Product_768,Electronics,481.34,true
769,Product_769,Electronics,45.21,true
770,Product_770,Electronics,368.03,true
771,Product_771,Clothing,254.31,true
772,Product_772,Electronics,212.24,true
773,Product_773,Electronics,108.05,true
774,Product_774,Electronics,41.03,true
775,Product_775,Clothing,34.2,true
776,Product_776,Electronics,471.9,true
777,Product_777,Home,88.96,true
778,Product_778,Home,133.48,true
779,Product_779,Electronics,75.22,true
780,Product_780,Electronics,474.16,true
781,Product_781,Home,94.67,true
782,Product_782,Electronics,324.2,true
783,Product_783,Clothing,70.75,true
784,Product_784,Electronics,50.49,true
785,Product_785,Electronics,42.23,true
786,Product_786,Home,416.87,true
787,Product_787,Clothing,207.77,true
788,Product_788,Home,52.78,true
789,Product_789,Clothing,485.54,false
790,Product_790,Clothing,33.06,true
791,Product_791,Electronics,154.84,true
792,Product_792,Electronics,89.79,true
793,Product_793,Electronics,128.82,true
794,Product_794,Clothing,424.76,true
795,Product_795,Home,54.3,true
796,Product_796,Clothing,461.91,true
797,Product_797,Electronics,77.1,true
798,Product_798,Home,372.32,true
799,Product_799,Electronics,313.28,true
800,Product_800,Clothing,265.07,true
801,Product_801,Clothing,13.6,true
802,Product_802,Clothing,150.93,true
803,Product_803,Clothing,22.1,true
804,Product_804,Home,380.94,true
805,Product_805,Clothing,147.81,true
806,Product_806,Electronics,439.32,true
807,Product_807,Home,234.95,true
808,Product_808,Electronics,97.25,true
809,Product_809,Clothing,468.24,false
810,Product_810,Home,274.91,false
811,Product_811,Electronics,294.79,true
812,Product_812,Home,351.94,true
813,Product_813,Clothing,121.14,false
814,Product_814,Clothing,67.73,true
815,Product_815,Clothing,48.45,true
816,Product_816,,216.62,true
817,Product_817,Clothing,97.63,true
818,Product_818,Clothing,107.02,true
819,Product_819,Electronics,410.27,true
820,Product_820,Clothing,418.86,true
821,Product_821,Home,67.87,true
822,Product_822,Clothing,175.87,true
823,Product_823,Electronics,489.78,true
824,Product_824,Clothing,147.31,true
825,Product_825,Clothing,416.03,false
826,Product_826,Electronics,490.95,true
827,Product_827,Electronics,398.77,true
828,Product_828,Clothing,205.25,true
829,Product_829,Electronics,132.47,true
830,Product_830,,149.04,true
831,Product_831,Electronics,103.35,true
832,Product_832,Clothing,434.68,true
833,Product_833,Clothing,354.06,true
834,Product_834,Home,37.17,false
835,Product_835,Clothing,154.46,true
836,Product_836,Home,304.38,true
837,Product_837,Electronics,382.7,true
838,Product_838,Clothing,153.26,true
839,Product_839,Electronics,264.19,true
840,Product_840,Electronics,127.6,true
841,Product_841,Clothing,229.6,true
842,Product_842,Electronics,104.66,true
843,Product_843,Clothing,231.72,true
844,Product_844,,464.3,true
845,Product_845,Clothing,195.04,true
846,Product_846,Home,373.85,false
847,Product_847,Electronics,248.87,true
848,Product_848,Clothing,174.02,true
849,Product_849,Clothing,200.07,true
850,Product_850,Electronics,66.9,true
851,Product_851,Electronics,67.97,true
852,Product_852,Electronics,195.76,true
853,Product_853,Clothing,499.07,true
854,Product_854,Home,170.98,true
855,Product_855,Clothing,45.32,true
856,Product_856,Clothing,148.32,true
857,Product_857,Electronics,460.69,true
858,Product_858,Home,238.22,true
859,Product_859,Home,461.63,true
860,Product_860,Clothing,163.88,true
861,Product_861,Electronics,149.49,true
862,Product_862,Home,121.36,true
863,Product_863,Electronics,137.88,true
864,Product_864,Clothing,126.44,true
865,Product_865,Electronics,91.45,true
866,Product_866,Home,271.12,true
867,Product_867,Clothing,356.73,true
868,Product_868,Home,446.58,true
869,Product_869,Electronics,255.25,true
870,Product_870,,34.79,true
871,Product_871,Electronics,87.56,true
872,Product_872,Clothing,449.84,true
873,Product_873,,358.05,true
874,Product_874,Home,100.27,true
875,Product_875,Home,252.6,false
876,Product_876,Home,209.71,true
877,Product_877,Electronics,109.49,false
878,Product_878,Electronics,172.87,true
879,Product_879,Home,387.53,true
880,Product_880,Electronics,293.21,true
881,Product_881,Electronics,164.49,true
882,Product_882,Electronics,248.61,true
883,Product_883,Clothing,437.07,true
884,Product_884,Home,337.0,true
885,Product_885,Clothing,33.48,false
886,Product_886,Electronics,456.3,true
887,Product_887,Home,266.38,true
888,Product_888,,354.3,true
889,Product_889,Home,219.84,true
890,Product_890,Clothing,213.87,true
891,Product_891,Clothing,172.26,false
892,Product_892,Electronics,337.49,true
893,Product_893,Home,408.23,true
894,Product_894,Clothing,197.79,true
895,Product_895,Clothing,21.13,true
896,Product_896,Clothing,221.52,false
897,Product_897,,116.12,true
898,Product_898,,150.6,true
899,Product_899,Home,381.58,true
900,Product_900,Electronics,383.12,true
901,Product_901,,186.75,true
902,Product_902,Electronics,380.66,true
903,Product_903,Clothing,356.87,true
904,Product_904,,124.51,true
905,Product_905,Electronics,397.84,true
906,Product_906,Home,410.89,true
907,Product_907,Clothing,464.92,true
908,Product_908,Electronics,46.43,false
909,Product_909,Clothing,301.49,true
910,Product_910,Clothing,349.21,true
911,Product_911,Electronics,274.53,true
912,Product_912,,199.73,true
913,Product_913,Clothing,154.38,true
914,Product_914,Electronics,127.61,true
915,Product_915,Home,490.77,true
916,Product_916,Clothing,94.23,true
917,Product_917,Home,136.41,true
918,Product_918,Electronics,437.11,true
919,Product_919,Clothing,17.16,true
920,Product_920,Clothing,70.76,true
921,Product_921,Clothing,56.99,true
922,Product_922,Clothing,209.87,true
923,Product_923,Clothing,106.66,true
924,Product_924,,407.36,true
925,Product_925,,47.93,true
926,Product_926,Clothing,43.39,true
927,Product_927,Electronics,434.48,true
928,Product_928,Clothing,199.57,false
929,Product_929,Electronics,334.12,true
930,Product_930,Electronics,482.36,true
931,Product_931,Electronics,377.1,true
932,Product_932,Electronics,314.4,false
933,Product_933,Clothing,109.26,true
934,Product_934,Clothing,148.17,true
935,Product_935,,276.27,true
936,Product_936,Electronics,261.96,true
937,Product_937,Electronics,65.74,true
938,Product_938,Clothing,106.71,false
939,Product_939,Electronics,124.29,true
940,Product_940,,215.91,true
941,Product_941,Clothing,375.71,true
942,Product_942,Clothing,379.84,true
943,Product_943,Electronics,71.31,true
944,Product_944,Electronics,392.91,true
945,Product_945,Clothing,40.34,true
946,Product_946,Clothing,55.98,true
947,Product_947,Home,214.52,true
948,Product_948,Electronics,373.62,true
949,Product_949,Clothing,372.24,true
950,Product_950,Clothing,122.45,true
951,Product_951,Clothing,224.08,true
952,Product_952,Electronics,57.53,false
953,Product_953,Home,104.78,true
954,Product_954,Electronics,379.36,true
955,Product_955,,354.9,true
956,Product_956,Clothing,396.35,true
957,Product_957,,291.34,true
958,Product_958,Electronics,137.88,true
959,Product_959,Clothing,208.96,true
960,Product_960,Clothing,152.2,true
961,Product_961,Electronics,90.39,true
962,Product_962,,26.85,true
963,Product_963,Clothing,251.66,true
964,Product_964,Electronics,380.59,true
965,Product_965,Home,102.12,true
966,Product_966,Clothing,278.44,true
967,Product_967,Electronics,417.08,true
968,Product_968,Electronics,231.36,true
969,Product_969,Clothing,495.13,true
970,Product_970,Clothing,28.93,true
971,Product_971,Home,70.21,true
972,Product_972,Clothing,269.93,true
973,Product_973,Clothing,349.42,true
974,Product_974,,128.22,false
975,Product_975,Clothing,488.29,true
976,Product_976,Clothing,347.06,true
977,Product_977,Electronics,25.54,true
978,Product_978,Electronics,131.84,true
979,Product_979,Clothing,359.15,true
980,Product_980,,351.35,true
981,Product_981,Clothing,40.3,true
982,Product_982,Electronics,334.07,true
983,Product_983,Electronics,191.11,true
984,Product_984,Clothing,30.39,true
985,Product_985,Electronics,471.6,true
986,Product_986,Electronics,361.62,false
987,Product_987,Home,399.28,true
988,Product_988,Home,284.25,true
989,Product_989,Home,229.01,true
990,Product_990,,114.26,true
991,Product_991,Home,212.72,true
992,Product_992,Clothing,390.54,true
993,Product_993,Clothing,45.03,true
994,Product_994,Clothing,497.09,true
995,Product_995,Clothing,132.81,true
996,Product_996,Home,389.0,true
997,Product_997,Electronics,80.99,true
998,Product_998,Electronics,12.9,true
999,Product_999,Home,390.83,true
1000,Product_1000,Clothing,273.3,true
1001,Product_1001,Electronics,97.83,true
1002,Product_1002,Clothing,93.14,false
1003,Product_1003,Home,319.55,true
1004,Product_1004,Electronics,276.17,true
1005,Product_1005,Electronics,193.37,true
1006,Product_1006,Electronics,266.07,true
1007,Product_1007,Home,461.78,true
1008,Product_1008,Electronics,102.26,true
1009,Product_1009,Electronics,105.21,true
1010,Product_1010,Clothing,28.33,true
1011,Product_1011,Electronics,482.2,true
1012,Product_1012,Clothing,187.69,true
1013,Product_1013,Electronics,266.49,true
1014,Product_1014,Clothing,402.05,true
1015,Product_1015,Electronics,320.07,true
1016,Product_1016,Home,345.29,true
1017,Product_1017,,386.14,true
1018,Product_1018,Home,77.39,false
1019,Product_1019,Home,376.1,false
1020,Product_1020,Electronics,127.07,true
1021,Product_1021,Electronics,214.36,true
1022,Product_1022,Clothing,165.53,true
1023,Product_1023,Home,280.02,true
1024,Product_1024,Clothing,192.38,true
1025,Product_1025,Clothing,294.32,false
1026,Product_1026,Home,41.26,true
1027,Product_1027,Electronics,409.54,true
1028,Product_1028,Electronics,63.53,false
1029,Product_1029,,204.39,true
1030,Product_1030,Electronics,447.88,true
1031,Product_1031,,220.99,true
1032,Product_1032,Electronics,13.24,true
1033,Product_1033,,144.99,false
1034,Product_1034,Electronics,86.77,true
1035,Product_1035,Home,40.45,true
1036,Product_1036,Clothing,390.67,true
1037,Product_1037,Clothing,332.17,true
1038,Product_1038,Clothing,176.25,true
1039,Product_1039,Home,17.85,true
1040,Product_1040,Electronics,321.46,true
1041,Product_1041,Home,108.26,true
1042,Product_1042,Clothing,235.14,true
1043,Product_1043,Clothing,450.99,true
1044,Product_1044,Clothing,377.96,true
1045,Product_1045,Home,195.8,true
1046,Product_1046,Electronics,179.41,true
1047,Product_1047,Home,399.79,true
1048,Product_1048,Clothing,50.91,true
1049,Product_1049,Electronics,285.79,true
1050,Product_1050,Home,363.61,true
1051,Product_1051,Clothing,370.91,true
1052,Product_1052,,282.44,true
1053,Product_1053,Electronics,336.88,true
1054,Product_1054,Electronics,140.21,true
1055,Product_1055,Clothing,198.29,false
1056,Product_1056,Home,40.47,false
1057,Product_1057,Clothing,21.39,true
1058,Product_1058,Home,345.74,true
1059,Product_1059,Clothing,11.73,true
1060,Product_1060,Clothing,459.54,true
1061,Product_1061,,242.05,true
1062,Product_1062,Electronics,148.35,true
1063,Product_1063,Clothing,428.34,true
1064,Product_1064,Home,259.29,true
1065,Product_1065,Clothing,493.34,true
1066,Product_1066,,330.46,true
1067,Product_1067,Electronics,333.33,true
1068,Product_1068,Clothing,106.2,true
1069,Product_1069,Electronics,309.36,true
1070,Product_1070,Electronics,104.41,true
1071,Product_1071,Electronics,267.62,true
1072,Product_1072,,310.12,true
1073,Product_1073,Home,24.03,true
1074,Product_1074,Electronics,78.89,true
1075,Product_1075,Clothing,201.05,true
1076,Product_1076,Clothing,120.4,false
1077,Product_1077,Electronics,112.45,true
1078,Product_1078,Clothing,276.69,true
1079,Product_1079,Home,452.52,true
1080,Product_1080,Electronics,136.37,true
1081,Product_1081,Clothing,48.11,true
1082,Product_1082,Home,481.71,true
1083,Product_1083,Home,108.13,true
1084,Product_1084,,386.93,true
1085,Product_1085,Home,22.22,true
1086,Product_1086,Clothing,160.08,false
1087,Product_1087,Home,81.42,true
1088,Product_1088,Clothing,18.62,true
1089,Product_1089,Electronics,286.34,true
1090,Product_1090,Electronics,253.27,true
1091,Product_1091,Home,218.9,true
1092,Product_1092,Electronics,497.93,true
1093,Product_1093,Home,213.04,true
1094,Product_1094,,138.89,true
1095,Product_1095,Electronics,327.51,true
1096,Product_1096,Home,237.24,true
1097,Product_1097,Clothing,487.94,true
1098,Product_1098,,214.99,true
1099,Product_1099,Electronics,495.29,true
1100,Product_1100,Clothing,307.86,true
1101,Product_1101,Electronics,474.25,true
1102,Product_1102,Home,250.72,true
1103,Product_1103,Electronics,134.93,true
1104,Product_1104,Electronics,267.25,false
1105,Product_1105,Clothing,495.91,true
1106,Product_1106,Electronics,308.27,true
1107,Product_1107,Clothing,210.39,true
1108,Product_1108,Clothing,465.48,true
1109,Product_1109,Electronics,439.65,true
1110,Product_1110,,494.05,false
1111,Product_1111,Home,61.4,true
1112,Product_1112,Clothing,259.93,true
1113,Product_1113,Electronics,77.84,true
1114,Product_1114,Home,90.35,false
1115,Product_1115,Electronics,192.15,true
1116,Product_1116,Clothing,487.83,true
1117,Product_1117,Electronics,447.17,true
1118,Product_1118,Clothing,466.56,true
1119,Product_1119,Electronics,313.27,true
1120,Product_1120,Clothing,354.17,true
1121,Product_1121,Clothing,222.29,true
1122,Product_1122,Electronics,107.63,true
1123,Product_1123,,106.58,false
1124,Product_1124,Home,42.52,true
1125,Product_1125,Clothing,323.66,false
1126,Product_1126,Electronics,108.99,true
1127,Product_1127,Electronics,482.29,true
1128,Product_1128,Home,56.38,true
1129,Product_1129,Electronics,206.61,false
1130,Product_1130,,314.81,true
1131,Product_1131,Electronics,449.48,true
1132,Product_1132,Clothing,30.41,true
1133,Product_1133,Electronics,348.97,true
1134,Product_1134,Clothing,318.96,false
1135,Product_1135,Electronics,238.14,true
1136,Product_1136,Electronics,104.44,true
1137,Product_1137,Clothing,311.72,true
1138,Product_1138,,182.63,true
1139,Product_1139,Home,307.1,true
1140,Product_1140,Electronics,411.94,true
1141,Product_1141,Home,14.24,true
1142,Product_1142,,201.93,true
1143,Product_1143,Home,358.13,true
1144,Product_1144,Home,317.94,true
1145,Product_1145,,244.9,true
1146,Product_1146,Home,474.05,true
1147,Product_1147,Electronics,190.73,false
1148,Product_1148,Electronics,103.64,true
1149,Product_1149,Clothing,158.58,true
1150,Product_1150,,304.15,true
1151,Product_1151,,400.35,false
1152,Product_1152,Electronics,235.16,true
1153,Product_1153,,64.14,true
1154,Product_1154,Electronics,77.03,true
1155,Product_1155,Electronics,104.83,true
1156,Product_1156,Clothing,160.34,true
1157,Product_1157,,371.6,true
1158,Product_1158,Electronics,417.23,true
1159,Product_1159,Clothing,401.53,false
1160,Product_1160,Electronics,295.27,true
1161,Product_1161,Clothing,219.16,false
1162,Product_1162,Clothing,245.32,true
1163,Product_1163,Electronics,74.58,true
1164,Product_1164,Home,398.04,true
1165,Product_1165,Clothing,499.06,true
1166,Product_1166,Electronics,128.16,true
1167,Product_1167,Clothing,252.1,true
1168,Product_1168,Electronics,120.3,true
1169,Product_1169,,353.56,true
1170,Product_1170,Clothing,93.81,true
1171,Product_1171,Home,179.93,false
1172,Product_1172,Home,125.34,true
1173,Product_1173,Electronics,212.89,true
1174,Product_1174,Electronics,468.35,true
1175,Product_1175,Electronics,492.71,true
1176,Product_1176,Home,432.75,true
1177,Product_1177,Electronics,475.36,false
1178,Product_1178,Clothing,332.17,true
1179,Product_1179,Electronics,77.65,true
1180,Product_1180,Electronics,305.31,true
1181,Product_1181,Electronics,204.17,true
1182,Product_1182,Clothing,300.34,true
1183,Product_1183,Electronics,449.78,true
1184,Product_1184,Home,455.71,true
1185,Product_1185,Home,10.27,true
1186,Product_1186,Home,285.96,true
1187,Product_1187,Home,483.35,true
1188,Product_1188,Electronics,202.19,true
1189,Product_1189,Electronics,186.97,true
1190,Product_1190,Electronics,313.34,true
1191,Product_1191,Home,32.48,false
1192,Product_1192,Clothing,82.81,true
1193,Product_1193,Home,490.98,true
1194,Product_1194,Electronics,495.0,true
1195,Product_1195,Clothing,72.9,true
1196,Product_1196,Clothing,333.67,true
1197,Product_1197,Home,401.1,true
1198,Product_1198,Clothing,381.05,true
1199,Product_1199,Electronics,319.53,true
1200,Product_1200,Clothing,26.48,false
1201,Product_1201,Clothing,122.99,false
1202,Product_1202,Home,231.98,true
1203,Product_1203,,10.16,true
1204,Product_1204,Electronics,58.25,true
1205,Product_1205,Electronics,66.9,true
1206,Product_1206,Electronics,499.67,true
1207,Product_1207,Electronics,383.26,true
1208,Product_1208,Electronics,128.13,true
1209,Product_1209,Electronics,257.17,true
1210,Product_1210,Electronics,85.31,true
1211,Product_1211,Home,471.44,true
1212,Product_1212,Home,413.86,true
1213,Product_1213,Electronics,378.02,false
1214,Product_1214,Home,71.15,false
1215,Product_1215,,36.57,true
1216,Product_1216,Clothing,11.06,true
1217,Product_1217,Electronics,176.77,true
1218,Product_1218,Electronics,284.42,true
1219,Product_1219,,319.2,true
1220,Product_1220,Clothing,226.79,true
1221,Product_1221,,219.78,true
1222,Product_1222,Clothing,484.62,true
1223,Product_1223,Electronics,296.62,true
1224,Product_1224,Electronics,170.11,true
1225,Product_1225,Clothing,302.15,true
1226,Product_1226,Clothing,303.65,true
1227,Product_1227,Electronics,475.05,true
1228,Product_1228,Electronics,49.71,true
1229,Product_1229,Electronics,238.56,true
1230,Product_1230,,149.96,true
1231,Product_1231,,66.81,true
1232,Product_1232,Electronics,390.27,true
1233,Product_1233,Clothing,24.26,true
1234,Product_1234,Clothing,304.76,true
1235,Product_1235,Clothing,443.51,true
1236,Product_1236,Electronics,403.34,true
1237,Product_1237,Clothing,175.99,true
1238,Product_1238,,47.13,true
1239,Product_1239,Home,232.28,true
1240,Product_1240,Electronics,205.39,true
1241,Product_1241,Clothing,104.16,true
1242,Product_1242,Electronics,295.99,true
1243,Product_1243,Clothing,479.12,true
1244,Product_1244,Electronics,341.96,true
1245,Product_1245,Electronics,428.67,true
1246,Product_1246,Clothing,229.09,true
1247,Product_1247,Electronics,322.53,true
1248,Product_1248,Electronics,175.32,true
1249,Product_1249,Clothing,134.33,true
1250,Product_1250,Home,492.83,true
1251,Product_1251,Electronics,178.66,true
1252,Product_1252,Home,61.23,true
1253,Product_1253,Home,270.11,true
1254,Product_1254,Home,101.46,true
1255,Product_1255,,424.03,true
1256,Product_1256,Electronics,355.93,true
1257,Product_1257,Clothing,242.65,true
1258,Product_1258,Clothing,464.24,true
1259,Product_1259,Electronics,184.1,true
1260,Product_1260,Electronics,21.62,false
1261,Product_1261,Electronics,372.2,true
1262,Product_1262,Clothing,260.79,true
1263,Product_1263,Electronics,136.67,true
1264,Product_1264,Clothing,152.52,true
1265,Product_1265,Home,101.45,true
1266,Product_1266,Electronics,298.58,true
1267,Product_1267,,458.04,true
1268,Product_1268,Clothing,77.55,true
1269,Product_1269,Electronics,128.73,true
1270,Product_1270,Clothing,298.1,true
1271,Product_1271,Clothing,412.92,true
1272,Product_1272,Clothing,367.52,true
1273,Product_1273,Home,68.9,true
1274,Product_1274,Electronics,288.28,true
1275,Product_1275,Electronics,49.48,true
1276,Product_1276,Home,212.34,true
1277,Product_1277,Clothing,450.04,true
1278,Product_1278,Home,137.53,true
1279,Product_1279,Clothing,366.14,true
1280,Product_1280,Electronics,418.34,true
1281,Product_1281,Clothing,259.18,true
1282,Product_1282,Electronics,468.94,true
1283,Product_1283,,30.73,true
1284,Product_1284,Electronics,496.09,true
1285,Product_1285,Clothing,465.58,true
1286,Product_1286,,361.93,false
1287,Product_1287,Clothing,213.99,true
1288,Product_1288,Clothing,376.01,true
1289,Product_1289,Electronics,75.67,true
1290,Product_1290,Electronics,186.83,false
1291,Product_1291,Electronics,434.69,true
1292,Product_1292,Electronics,349.96,true
1293,Product_1293,Clothing,345.43,true
1294,Product_1294,Clothing,349.81,true
1295,Product_1295,Clothing,76.7,true
1296,Product_1296,Electronics,190.44,true
1297,Product_1297,,19.84,true
1298,Product_1298,Electronics,176.91,true
1299,Product_1299,Clothing,53.04,true
1300,Product_1300,Electronics,175.5,true
1301,Product_1301,Electronics,41.13,false
1302,Product_1302,Electronics,441.61,true
1303,Product_1303,Clothing,448.14,true
1304,Product_1304,Electronics,140.65,false
1305,Product_1305,Clothing,471.51,false
1306,Product_1306,Clothing,406.43,false
1307,Product_1307,Electronics,310.58,true
1308,Product_1308,Electronics,280.35,true
1309,Product_1309,Electronics,316.14,false
1310,Product_1310,Electronics,283.95,true
1311,Product_1311,Clothing,278.81,true
1312,Product_1312,Clothing,404.41,true
1313,Product_1313,,177.65,true
1314,Product_1314,Clothing,134.65,false
1315,Product_1315,Electronics,129.0,true
1316,Product_1316,Electronics,399.62,true
1317,Product_1317,Electronics,392.82,true
1318,Product_1318,Home,38.24,true
1319,Product_1319,Home,203.42,true
1320,Product_1320,,320.12,true
1321,Product_1321,Clothing,355.1,true
1322,Product_1322,Electronics,281.63,true
1323,Product_1323,Home,162.1,true
1324,Product_1324,Electronics,229.91,true
1325,Product_1325,Electronics,404.65,false
1326,Product_1326,Electronics,159.83,true
1327,Product_1327,Home,473.07,true
1328,Product_1328,Home,359.47,true
1329,Product_1329,,256.82,true
1330,Product_1330,Electronics,128.62,true
1331,Product_1331,Electronics,158.94,true
1332,Product_1332,Electronics,447.23,false
1333,Product_1333,Electronics,138.28,true
1334,Product_1334,,46.55,true
1335,Product_1335,Home,238.85,true
1336,Product_1336,Electronics,75.83,true
1337,Product_1337,Electronics,423.83,true
1338,Product_1338,,123.88,true
1339,Product_1339,Home,20.77,true
1340,Product_1340,Clothing,486.69,true
1341,Product_1341,Electronics,91.76,true
1342,Product_1342,Electronics,292.59,true
1343,Product_1343,Electronics,374.32,true
1344,Product_1344,Clothing,267.12,false
1345,Product_1345,,447.87,true
1346,Product_1346,Clothing,357.63,false
1347,Product_1347,Home,201.85,true
1348,Product_1348,Clothing,363.13,true
1349,Product_1349,Electronics,113.72,true
1350,Product_1350,Electronics,375.01,true
1351,Product_1351,Clothing,138.98,true
1352,Product_1352,,383.74,true
1353,Product_1353,Electronics,478.19,true
1354,Product_1354,Home,412.05,true
1355,Product_1355,Clothing,331.77,true
1356,Product_1356,Electronics,443.02,false
1357,Product_1357,Clothing,18.77,true
1358,Product_1358,Clothing,464.53,true
1359,Product_1359,,60.65,true
1360,Product_1360,Electronics,415.57,true
1361,Product_1361,Clothing,388.71,true
1362,Product_1362,Clothing,457.8,true
1363,Product_1363,Electronics,368.87,true
1364,Product_1364,Home,440.19,true
1365,Product_1365,Clothing,169.3,true
1366,Product_1366,Clothing,425.03,true
1367,Product_1367,,242.27,true
1368,Product_1368,Electronics,350.03,true
1369,Product_1369,Electronics,216.24,true
1370,Product_1370,Clothing,166.78,false
1371,Product_1371,Home,20.18,true
1372,Product_1372,,424.5,true
1373,Product_1373,Clothing,168.13,true
1374,Product_1374,Clothing,499.3,true
1375,Product_1375,Home,89.44,false
1376,Product_1376,Clothing,301.36,true
1377,Product_1377,Home,303.58,true
1378,Product_1378,Home,206.66,true
1379,Product_1379,Clothing,437.67,true
1380,Product_1380,Clothing,177.36,true
1381,Product_1381,Clothing,28.57,true
1382,Product_1382,Electronics,473.03,true
1383,Product_1383,Clothing,191.98,true
1384,Product_1384,Home,43.55,true
1385,Product_1385,Clothing,388.99,true
1386,Product_1386,Clothing,210.49,true
1387,Product_1387,Electronics,266.71,true
1388,Product_1388,Clothing,85.53,true
1389,Product_1389,Electronics,121.4,false
1390,Product_1390,Clothing,98.87,true
1391,Product_1391,Electronics,459.36,true
1392,Product_1392,Clothing,109.71,true
1393,Product_1393,Electronics,391.55,true
1394,Product_1394,Clothing,403.62,true
1395,Product_1395,Home,57.53,true
1396,Product_1396,Electronics,428.91,true
1397,Product_1397,Electronics,416.17,true
1398,Product_1398,Electronics,90.97,true
1399,Product_1399,Home,467.39,false
1400,Product_1400,Clothing,378.21,true
1401,Product_1401,Clothing,426.48,true
1402,Product_1402,Electronics,30.62,true
1403,Product_1403,Clothing,213.22,true
1404,Product_1404,Electronics,343.05,true
1405,Product_1405,,498.65,true
1406,Product_1406,Home,28.77,true
1407,Product_1407,Clothing,307.66,true
1408,Product_1408,Home,100.53,true
1409,Product_1409,Electronics,33.57,true
1410,Product_1410,Clothing,163.58,false
1411,Product_1411,Electronics,201.47,true
1412,Product_1412,Home,175.48,true
1413,Product_1413,,484.53,true
1414,Product_1414,,386.68,false
1415,Product_1415,,499.04,true
1416,Product_1416,Home,86.61,false
1417,Product_1417,Home,233.09,true
1418,Product_1418,Home,497.07,true
1419,Product_1419,Clothing,326.49,false
1420,Product_1420,Clothing,420.1,true
1421,Product_1421,Electronics,89.39,true
1422,Product_1422,Home,58.62,true
1423,Product_1423,Electronics,271.42,true
1424,Product_1424,Home,472.34,false
1425,Product_1425,Electronics,385.79,true
1426,Product_1426,Electronics,451.84,true
1427,Product_1427,Electronics,152.55,true
1428,Product_1428,Clothing,184.99,true
1429,Product_1429,Electronics,442.15,true
1430,Product_1430,Electronics,260.32,false
1431,Product_1431,Clothing,142.24,true
1432,Product_1432,Clothing,369.65,true
1433,Product_1433,Home,24.63,false
1434,Product_1434,Home,467.84,true
1435,Product_1435,Electronics,208.04,true
1436,Product_1436,Electronics,146.56,true
1437,Product_1437,Clothing,312.66,true
1438,Product_1438,,169.81,true
1439,Product_1439,Clothing,63.76,true
1440,Product_1440,Electronics,122.73,true
1441,Product_1441,Home,92.31,true
1442,Product_1442,,229.77,true
1443,Product_1443,Home,155.62,true
1444,Product_1444,,213.32,true
1445,Product_1445,Clothing,52.83,true
1446,Product_1446,Electronics,84.77,true
1447,Product_1447,Clothing,158.51,true
1448,Product_1448,Clothing,246.3,true
1449,Product_1449,Electronics,230.43,false
1450,Product_1450,Electronics,368.99,true
1451,Product_1451,Clothing,150.48,true
1452,Product_1452,Home,28.15,true
1453,Product_1453,Clothing,402.92,true
1454,Product_1454,Clothing,311.89,true
1455,Product_1455,Electronics,327.68,true
1456,Product_1456,Electronics,273.25,true
1457,Product_1457,Clothing,234.52,false
1458,Product_1458,,360.97,true
1459,Product_1459,Clothing,146.21,false
1460,Product_1460,Clothing,242.9,true
1461,Product_1461,Clothing,454.67,true
1462,Product_1462,Clothing,444.87,true
1463,Product_1463,Electronics,327.08,true
1464,Product_1464,Clothing,248.99,true
1465,Product_1465,Home,303.35,true
1466,Product_1466,Electronics,496.67,true
1467,Product_1467,Clothing,427.25,true
1468,Product_1468,Electronics,205.98,true
1469,Product_1469,Electronics,14.7,false
1470,Product_1470,Clothing,247.29,true
1471,Product_1471,Electronics,100.5,true
1472,Product_1472,Electronics,485.18,true
1473,Product_1473,Home,391.35,false
1474,Product_1474,Clothing,419.87,true
1475,Product_1475,Electronics,45.67,true
1476,Product_1476,Electronics,335.62,true
1477,Product_1477,Electronics,332.3,true
1478,Product_1478,,85.13,true
1479,Product_1479,Electronics,479.64,true
1480,Product_1480,Clothing,135.55,true
1481,Product_1481,Home,138.53,true
1482,Product_1482,Clothing,455.15,true
1483,Product_1483,Home,28.73,true
1484,Product_1484,Electronics,266.92,true
1485,Product_1485,Electronics,116.68,true
1486,Product_1486,Clothing,82.26,true
1487,Product_1487,Electronics,26.5,true
1488,Product_1488,Electronics,484.76,true
1489,Product_1489,Home,148.95,true
1490,Product_1490,Electronics,406.32,true
1491,Product_1491,Clothing,32.99,true
1492,Product_1492,Electronics,137.19,true
1493,Product_1493,Clothing,127.39,true
1494,Product_1494,Home,498.61,true
1495,Product_1495,Electronics,441.14,true
1496,Product_1496,Electronics,429.3,true
1497,Product_1497,Electronics,347.79,true
1498,Product_1498,Electronics,90.67,true
1499,Product_1499,Home,229.23,true
1500,Product_1500,Electronics,386.9,true
1501,Product_1501,Electronics,371.24,true
1502,Product_1502,Home,81.86,true
1503,Product_1503,Electronics,375.79,true
1504,Product_1504,Home,97.25,true
1505,Product_1505,Clothing,170.76,true
1506,Product_1506,Electronics,415.89,true
1507,Product_1507,Clothing,135.47,true
1508,Product_1508,Electronics,239.07,true
1509,Product_1509,Clothing,238.59,true
1510,Product_1510,Electronics,480.97,true
1511,Product_1511,Home,431.42,true
1512,Product_1512,Clothing,440.01,true
1513,Product_1513,,266.79,true
1514,Product_1514,Clothing,381.61,true
1515,Product_1515,Clothing,265.96,true
1516,Product_1516,Electronics,211.89,true
1517,Product_1517,Clothing,416.75,true
1518,Product_1518,Home,266.95,true
1519,Product_1519,Electronics,448.83,true
1520,Product_1520,Clothing,223.19,true
1521,Product_1521,Home,125.72,false
1522,Product_1522,Electronics,256.1,true
1523,Product_1523,Clothing,462.5,true
1524,Product_1524,Electronics,166.99,true
1525,Product_1525,Electronics,96.38,true
1526,Product_1526,Electronics,486.25,true
1527,Product_1527,Home,113.43,true
1528,Product_1528,Home,86.18,true
1529,Product_1529,Home,257.57,true
1530,Product_1530,,193.89,true
1531,Product_1531,,361.29,true
1532,Product_1532,Electronics,241.88,true
1533,Product_1533,Home,262.14,true
1534,Product_1534,,76.67,true
1535,Product_1535,,215.88,true
1536,Product_1536,Electronics,67.79,true
1537,Product_1537,Home,497.59,false
1538,Product_1538,Home,165.48,false
1539,Product_1539,Clothing,396.55,true
1540,Product_1540,Electronics,425.67,true
1541,Product_1541,Electronics,212.17,false
1542,Product_1542,,85.58,true
1543,Product_1543,Clothing,115.44,true
1544,Product_1544,Clothing,419.29,true
1545,Product_1545,Home,282.41,true
1546,Product_1546,Electronics,246.68,true
1547,Product_1547,Clothing,91.54,true
1548,Product_1548,Clothing,169.87,true
1549,Product_1549,Electronics,326.3,true
1550,Product_1550,Clothing,56.37,true
1551,Product_1551,Electronics,474.15,true
1552,Product_1552,Electronics,367.84,false
1553,Product_1553,Electronics,269.95,true
1554,Product_1554,Clothing,215.3,true
1555,Product_1555,Electronics,445.11,true
1556,Product_1556,Clothing,366.17,true
1557,Product_1557,Home,412.2,true
1558,Product_1558,Home,374.34,true
1559,Product_1559,Home,418.5,true
1560,Product_1560,Clothing,457.84,true
1561,Product_1561,Home,276.94,true
1562,Product_1562,Clothing,415.28,true
1563,Product_1563,Home,368.52,true
1564,Product_1564,Clothing,46.79,true
1565,Product_1565,Home,427.93,false
1566,Product_1566,Electronics,241.37,false
1567,Product_1567,Clothing,71.88,false
1568,Product_1568,Electronics,465.95,true
1569,Product_1569,Electronics,28.35,true
1570,Product_1570,Clothing,233.21,true
1571,Product_1571,Clothing,318.41,true
1572,Product_1572,Clothing,195.36,true
1573,Product_1573,Home,315.93,true
1574,Product_1574,Clothing,409.63,false
1575,Product_1575,Clothing,392.68,true
1576,Product_1576,Electronics,252.45,true
1577,Product_1577,Clothing,359.57,true
1578,Product_1578,Electronics,428.72,true
1579,Product_1579,,56.84,true
1580,Product_1580,Home,427.55,true
1581,Product_1581,Electronics,228.32,true
1582,Product_1582,Electronics,374.98,false
1583,Product_1583,Clothing,139.89,false
1584,Product_1584,Electronics,33.83,true
1585,Product_1585,Electronics,384.7,true
1586,Product_1586,Electronics,449.65,true
1587,Product_1587,,216.64,true
1588,Product_1588,Electronics,179.63,true
1589,Product_1589,Electronics,143.06,false
1590,Product_1590,Home,422.52,true
1591,Product_1591,Electronics,67.95,true
1592,Product_1592,Clothing,12.01,false
1593,Product_1593,Clothing,396.04,true
1594,Product_1594,Electronics,496.16,true
1595,Product_1595,Electronics,49.36,true
1596,Product_1596,Electronics,20.72,false
1597,Product_1597,Electronics,221.86,true
1598,Product_1598,Clothing,211.45,true
1599,Product_1599,Home,279.12,true
1600,Product_1600,Clothing,493.16,false
1601,Product_1601,Home,267.5,false
1602,Product_1602,Home,449.12,true
1603,Product_1603,Electronics,374.15,true
1604,Product_1604,Clothing,136.02,true
1605,Product_1605,Electronics,260.75,true
1606,Product_1606,Home,345.46,true
1607,Product_1607,Electronics,51.03,false
1608,Product_1608,,71.93,true
1609,Product_1609,,451.37,true
1610,Product_1610,Clothing,354.41,true
1611,Product_1611,Home,83.09,true
1612,Product_1612,Electronics,478.94,true
1613,Product_1613,Electronics,133.38,true
1614,Product_1614,Home,174.23,true
1615,Product_1615,Clothing,37.56,false
1616,Product_1616,Clothing,198.32,true
1617,Product_1617,Electronics,471.62,true
1618,Product_1618,Home,72.87,true
1619,Product_1619,Clothing,407.7,true
1620,Product_1620,Clothing,402.36,true
1621,Product_1621,Clothing,490.48,false
1622,Product_1622,Home,179.1,true
1623,Product_1623,Clothing,78.91,true
1624,Product_1624,Electronics,291.14,false
1625,Product_1625,Clothing,499.98,true
1626,Product_1626,Electronics,414.56,true
1627,Product_1627,Electronics,386.59,true
1628,Product_1628,Electronics,268.65,true
1629,Product_1629,Electronics,387.99,true
1630,Product_1630,Electronics,137.85,true
1631,Product_1631,Home,363.03,true
1632,Product_1632,Electronics,138.01,true
1633,Product_1633,Electronics,418.08,true
1634,Product_1634,Electronics,139.95,true
1635,Product_1635,Electronics,69.6,true
1636,Product_1636,Electronics,324.21,true
1637,Product_1637,Electronics,393.56,true
1638,Product_1638,Electronics,243.11,true
1639,Product_1639,,371.72,true
1640,Product_1640,Clothing,330.69,true
1641,Product_1641,Electronics,394.08,true
1642,Product_1642,Electronics,24.43,true
1643,Product_1643,Clothing,202.96,true
1644,Product_1644,Home,376.15,true
1645,Product_1645,Home,10.72,true
1646,Product_1646,Home,256.39,false
1647,Product_1647,Clothing,322.03,true
1648,Product_1648,Home,416.83,true
1649,Product_1649,,195.18,true
1650,Product_1650,Electronics,45.52,true
1651,Product_1651,,334.42,false
1652,Product_1652,Clothing,26.89,true
1653,Product_1653,Clothing,427.25,true
1654,Product_1654,Electronics,227.37,false
1655,Product_1655,Electronics,393.79,false
1656,Product_1656,Electronics,304.73,true
1657,Product_1657,Clothing,299.44,true
1658,Product_1658,Electronics,418.14,true
1659,Product_1659,Home,424.64,true
1660,Product_1660,Clothing,473.67,true
1661,Product_1661,Clothing,208.46,true
1662,Product_1662,,58.45,true
1663,Product_1663,Clothing,472.57,true
1664,Product_1664,Electronics,159.51,true
1665,Product_1665,Electronics,499.74,true
1666,Product_1666,Clothing,259.91,true
1667,Product_1667,Electronics,436.7,true
1668,Product_1668,Clothing,401.6,true
1669,Product_1669,Electronics,168.86,true
1670,Product_1670,Electronics,90.61,true
1671,Product_1671,Home,75.86,true
1672,Product_1672,Clothing,141.92,true
1673,Product_1673,Electronics,224.9,true
1674,Product_1674,Clothing,470.25,true
1675,Product_1675,Home,69.7,true
1676,Product_1676,Electronics,359.77,true
1677,Product_1677,Home,222.72,true
1678,Product_1678,Clothing,400.61,true
1679,Product_1679,Electronics,491.84,true
1680,Product_1680,Electronics,245.0,true
1681,Product_1681,Clothing,411.89,true
1682,Product_1682,,275.66,true
1683,Product_1683,Electronics,296.25,true
1684,Product_1684,Electronics,121.82,true
1685,Product_1685,Home,63.41,true
1686,Product_1686,Electronics,408.65,true
1687,Product_1687,Electronics,158.12,true
1688,Product_1688,Clothing,75.21,true
1689,Product_1689,Electronics,459.8,true
1690,Product_1690,Electronics,226.68,false
1691,Product_1691,Electronics,10.65,true
1692,Product_1692,,171.89,true
1693,Product_1693,,263.68,false
1694,Product_1694,Electronics,466.24,true
1695,Product_1695,Clothing,460.93,true
1696,Product_1696,Electronics,395.06,true
1697,Product_1697,Electronics,236.33,true
1698,Product_1698,Electronics,495.16,true
1699,Product_1699,Clothing,229.52,true
1700,Product_1700,Electronics,364.25,true
1701,Product_1701,Home,88.16,true
1702,Product_1702,Clothing,368.65,true
1703,Product_1703,Clothing,53.15,true
1704,Product_1704,Clothing,342.82,true
1705,Product_1705,Electronics,34.21,true
1706,Product_1706,Clothing,399.26,true
1707,Product_1707,Home,348.72,true
1708,Product_1708,Clothing,65.18,true
1709,Product_1709,Clothing,156.14,false
1710,Product_1710,Electronics,308.75,true
1711,Product_1711,Clothing,470.55,true
1712,Product_1712,Home,143.7,true
1713,Product_1713,Home,433.51,true
1714,Product_1714,Clothing,426.65,true
1715,Product_1715,Electronics,176.15,true
1716,Product_1716,,113.53,true
1717,Product_1717,Electronics,292.07,false
1718,Product_1718,Clothing,400.23,false
1719,Product_1719,Clothing,484.25,false
1720,Product_1720,Home,219.41,true
1721,Product_1721,Clothing,438.82,true
1722,Product_1722,Electronics,470.11,true
1723,Product_1723,Home,374.38,true
1724,Product_1724,Electronics,54.52,true
1725,Product_1725,,42.08,true
1726,Product_1726,Electronics,155.95,false
1727,Product_1727,Clothing,187.68,true
1728,Product_1728,Clothing,422.24,true
1729,Product_1729,Home,151.3,true
1730,Product_1730,,204.65,true
1731,Product_1731,Home,36.13,true
1732,Product_1732,Clothing,93.72,true
1733,Product_1733,Electronics,367.3,true
1734,Product_1734,Electronics,334.55,true
1735,Product_1735,Electronics,333.61,true
1736,Product_1736,Home,209.64,true
1737,Product_1737,Clothing,199.4,true
1738,Product_1738,,283.32,true
1739,Product_1739,Electronics,108.99,true
1740,Product_1740,,495.99,true
1741,Product_1741,Clothing,350.87,true
1742,Product_1742,Clothing,489.31,true
1743,Product_1743,Electronics,29.47,true
1744,Product_1744,Electronics,461.78,true
1745,Product_1745,Electronics,201.46,true
1746,Product_1746,Electronics,451.6,true
1747,Product_1747,Clothing,397.15,false
1748,Product_1748,,124.92,true
1749,Product_1749,Home,275.1,true
1750,Product_1750,,393.19,true
1751,Product_1751,Clothing,232.61,true
1752,Product_1752,Electronics,272.41,false
1753,Product_1753,Electronics,189.39,true
1754,Product_1754,Clothing,144.93,true
1755,Product_1755,Home,319.42,true
1756,Product_1756,Clothing,220.23,true
1757,Product_1757,Home,374.39,true
1758,Product_1758,Electronics,345.03,true
1759,Product_1759,Electronics,86.8,true
1760,Product_1760,Clothing,412.17,true
1761,Product_1761,Clothing,410.42,true
1762,Product_1762,Clothing,349.41,true
1763,Product_1763,Electronics,489.46,true
1764,Product_1764,Electronics,417.01,true
1765,Product_1765,Electronics,38.41,true
1766,Product_1766,Home,374.4,true
1767,Product_1767,,408.37,true
1768,Product_1768,Clothing,111.38,true
1769,Product_1769,Home,429.65,true
1770,Product_1770,,144.45,false
1771,Product_1771,Clothing,184.81,true
1772,Product_1772,Clothing,391.42,true
1773,Product_1773,Electronics,343.33,true
1774,Product_1774,Electronics,398.68,false
1775,Product_1775,Electronics,393.85,true
1776,Product_1776,Electronics,245.97,true
1777,Product_1777,Home,159.54,true
1778,Product_1778,Electronics,31.44,false
1779,Product_1779,Electronics,326.9,true
1780,Product_1780,Clothing,414.33,true
1781,Product_1781,Clothing,133.6,true
1782,Product_1782,Home,199.47,true
1783,Product_1783,Electronics,169.41,true
1784,Product_1784,Clothing,102.79,true
1785,Product_1785,Clothing,81.52,true
1786,Product_1786,,98.16,true
1787,Product_1787,Electronics,265.38,true
1788,Product_1788,Electronics,92.79,false
1789,Product_1789,Electronics,333.69,true
1790,Product_1790,,147.15,true
1791,Product_1791,Clothing,23.42,true
1792,Product_1792,Home,407.92,true
1793,Product_1793,Clothing,254.98,true
1794,Product_1794,Home,118.42,false
1795,Product_1795,Clothing,121.57,true
1796,Product_1796,Clothing,475.28,true
1797,Product_1797,Clothing,250.85,true
1798,Product_1798,,316.1,true
1799,Product_1799,Electronics,261.59,true
1800,Product_1800,Electronics,352.54,false
1801,Product_1801,Electronics,149.03,true
1802,Product_1802,Electronics,150.76,true
1803,Product_1803,Clothing,47.52,true
1804,Product_1804,Electronics,294.21,true
1805,Product_1805,Clothing,365.38,true
1806,Product_1806,Clothing,244.01,true
1807,Product_1807,Clothing,108.67,true
1808,Product_1808,Home,160.0,false
1809,Product_1809,Home,31.64,true
1810,Product_1810,Clothing,297.4,true
1811,Product_1811,Electronics,427.28,true
1812,Product_1812,Clothing,419.43,true
1813,Product_1813,Home,93.77,false
1814,Product_1814,Electronics,250.39,true
1815,Product_1815,Electronics,369.84,true
1816,Product_1816,Electronics,393.41,true
1817,Product_1817,,397.93,true
1818,Product_1818,Clothing,342.74,true
1819,Product_1819,Electronics,149.8,true
1820,Product_1820,Electronics,137.36,true
1821,Product_1821,Home,427.69,true
1822,Product_1822,Electronics,178.95,true
1823,Product_1823,Electronics,365.6,false
1824,Product_1824,,245.61,false
1825,Product_1825,Home,204.98,true
1826,Product_1826,Clothing,258.7,true
1827,Product_1827,Electronics,216.53,true
1828,Product_1828,Electronics,246.07,true
1829,Product_1829,Home,58.82,true
1830,Product_1830,Electronics,490.19,true
1831,Product_1831,Electronics,163.85,true
1832,Product_1832,,273.64,true
1833,Product_1833,Clothing,148.24,true
1834,Product_1834,Home,447.3,true
1835,Product_1835,Clothing,197.72,false
1836,Product_1836,Electronics,238.7,true
1837,Product_1837,Clothing,16.31,true
1838,Product_1838,Clothing,316.24,true
1839,Product_1839,Home,182.62,true
1840,Product_1840,Clothing,139.6,true
1841,Product_1841,Clothing,316.27,true
1842,Product_1842,Electronics,37.74,true
1843,Product_1843,Clothing,55.6,true
1844,Product_1844,Electronics,402.65,true
1845,Product_1845,Home,141.13,true
1846,Product_1846,Clothing,444.43,true
1847,Product_1847,,218.39,true
1848,Product_1848,,404.32,true
1849,Product_1849,Clothing,160.93,true
1850,Product_1850,Clothing,367.03,true
1851,Product_1851,Electronics,19.21,true
1852,Product_1852,Electronics,260.42,true
1853,Product_1853,Electronics,43.15,true
1854,Product_1854,Home,343.09,true
1855,Product_1855,,440.45,true
1856,Product_1856,Clothing,100.7,true
1857,Product_1857,Clothing,113.86,true
1858,Product_1858,Clothing,386.52,true
1859,Product_1859,Electronics,344.71,true
1860,Product_1860,Electronics,110.94,true
1861,Product_1861,Electronics,240.64,true
1862,Product_1862,Clothing,266.81,true
1863,Product_1863,Clothing,229.56,true
1864,Product_1864,Home,355.84,true
1865,Product_1865,Electronics,216.12,true
1866,Product_1866,Home,80.98,true
1867,Product_1867,Electronics,62.64,true
1868,Product_1868,Clothing,364.17,true
1869,Product_1869,Clothing,85.07,false
1870,Product_1870,Home,76.26,true
1871,Product_1871,Electronics,147.92,false
1872,Product_1872,Electronics,351.49,true
1873,Product_1873,Electronics,214.8,false
1874,Product_1874,Clothing,282.49,true
1875,Product_1875,Home,328.71,false
1876,Product_1876,Clothing,90.5,true
1877,Product_1877,Electronics,79.62,true
1878,Product_1878,Home,396.05,true
1879,Product_1879,Clothing,299.19,true
1880,Product_1880,Clothing,99.96,true
1881,Product_1881,Electronics,374.51,true
1882,Product_1882,,458.16,true
1883,Product_1883,Electronics,263.4,true
1884,Product_1884,,444.27,true
1885,Product_1885,Electronics,463.5,true
1886,Product_1886,Home,136.0,true
1887,Product_1887,Clothing,399.35,true
1888,Product_1888,Electronics,452.99,false
1889,Product_1889,Clothing,169.99,true
1890,Product_1890,Home,373.74,true
1891,Product_1891,Electronics,238.7,true
1892,Product_1892,Electronics,184.94,false
1893,Product_1893,Electronics,38.02,true
1894,Product_1894,Clothing,309.17,true
1895,Product_1895,,341.15,true
1896,Product_1896,Electronics,177.95,true
1897,Product_1897,Electronics,440.05,true
1898,Product_1898,Clothing,18.85,true
1899,Product_1899,Electronics,473.16,false
1900,Product_1900,Electronics,439.37,true
1901,Product_1901,Electronics,450.19,true
1902,Product_1902,Home,461.12,true
1903,Product_1903,Clothing,397.46,true
1904,Product_1904,Clothing,172.4,true
1905,Product_1905,Electronics,282.63,true
1906,Product_1906,,150.1,true
1907,Product_1907,Electronics,430.05,true
1908,Product_1908,Electronics,191.77,true
1909,Product_1909,Home,279.36,true
1910,Product_1910,,326.25,true
1911,Product_1911,Electronics,407.39,true
1912,Product_1912,Clothing,251.08,false
1913,Product_1913,Electronics,235.67,true
1914,Product_1914,Home,122.02,true
1915,Product_1915,Clothing,233.53,true
1916,Product_1916,Clothing,341.92,true
1917,Product_1917,Electronics,233.75,true
1918,Product_1918,Home,464.81,true
1919,Product_1919,Electronics,275.63,true
1920,Product_1920,Clothing,239.5,true
1921,Product_1921,Electronics,337.02,false
1922,Product_1922,Home,371.92,true
1923,Product_1923,Clothing,475.1,true
1924,Product_1924,Clothing,163.25,true
1925,Product_1925,Electronics,374.19,true
1926,Product_1926,Home,405.28,true
1927,Product_1927,Electronics,24.69,true
1928,Product_1928,Clothing,134.15,true
1929,Product_1929,Electronics,346.75,true
1930,Product_1930,Electronics,268.18,true
1931,Product_1931,Clothing,27.76,true
1932,Product_1932,Clothing,379.86,true
1933,Product_1933,Clothing,292.86,true
1934,Product_1934,Electronics,310.14,true
1935,Product_1935,Home,238.04,true
1936,Product_1936,Clothing,127.19,true
1937,Product_1937,Home,476.91,true
1938,Product_1938,Home,417.5,true
1939,Product_1939,Electronics,221.57,true
1940,Product_1940,Electronics,390.8,true
1941,Product_1941,Electronics,412.16,true
1942,Product_1942,Electronics,421.75,false
1943,Product_1943,Electronics,62.34,false
1944,Product_1944,,152.53,true
1945,Product_1945,Electronics,423.82,true
1946,Product_1946,Clothing,337.98,false
1947,Product_1947,Home,466.9,false
1948,Product_1948,Electronics,374.09,true
1949,Product_1949,Clothing,345.32,true
1950,Product_1950,,397.15,true
1951,Product_1951,Electronics,354.75,true
1952,Product_1952,Electronics,248.69,true
1953,Product_1953,Electronics,76.92,false
1954,Product_1954,Electronics,308.34,true
1955,Product_1955,Clothing,158.04,true
1956,Product_1956,Home,361.1,true
1957,Product_1957,Electronics,192.9,true
1958,Product_1958,Electronics,218.8,true
1959,Product_1959,Electronics,42.19,true
1960,Product_1960,Electronics,34.68,true
1961,Product_1961,Electronics,154.35,true
1962,Product_1962,Clothing,481.43,true
1963,Product_1963,Electronics,45.25,true
1964,Product_1964,Electronics,133.53,true
1965,Product_1965,Clothing,366.61,true
1966,Product_1966,Home,75.59,true
1967,Product_1967,Clothing,316.96,false
1968,Product_1968,Home,377.49,true
1969,Product_1969,Home,186.03,true
1970,Product_1970,Electronics,277.89,false
1971,Product_1971,Electronics,271.97,true
1972,Product_1972,Clothing,102.96,true
1973,Product_1973,Clothing,440.92,true
1974,Product_1974,,301.46,true
1975,Product_1975,Clothing,14.45,true
1976,Product_1976,Clothing,407.04,true
1977,Product_1977,,123.06,true
1978,Product_1978,Home,366.27,true
1979,Product_1979,Home,270.34,true
1980,Product_1980,Clothing,452.89,true
1981,Product_1981,Home,144.96,true
1982,Product_1982,,61.88,true
1983,Product_1983,Clothing,407.31,true
1984,Product_1984,Electronics,484.46,true
1985,Product_1985,Clothing,411.99,true
1986,Product_1986,Home,295.85,true
1987,Product_1987,Clothing,494.96,true
1988,Product_1988,Electronics,443.67,true
1989,Product_1989,Electronics,386.24,true
1990,Product_1990,Electronics,86.89,true
1991,Product_1991,Clothing,363.92,true
1992,Product_1992,Electronics,186.86,true
1993,Product_1993,,178.4,true
1994,Product_1994,Electronics,390.47,true
1995,Product_1995,Electronics,91.87,true
1996,Product_1996,Electronics,287.6,true
1997,Product_1997,Clothing,193.48,true
1998,Product_1998,Clothing,61.28,true
1999,Product_1999,Electronics,96.53,true
2000,Product_2000,Electronics,425.16,true
2001,Product_2001,Clothing,322.46,true
2002,Product_2002,Electronics,446.32,true
2003,Product_2003,Electronics,291.28,true
2004,Product_2004,Clothing,34.47,true
2005,Product_2005,Clothing,135.78,true
2006,Product_2006,Clothing,433.2,true
2007,Product_2007,Home,77.65,true
2008,Product_2008,,61.7,true
2009,Product_2009,Home,443.63,true
2010,Product_2010,Clothing,337.98,true
2011,Product_2011,Home,215.96,true
2012,Product_2012,Electronics,146.2,true
2013,Product_2013,Clothing,152.04,true
2014,Product_2014,,229.6,true
2015,Product_2015,Clothing,318.25,true
2016,Product_2016,Home,492.47,true
2017,Product_2017,Electronics,366.15,true
2018,Product_2018,Clothing,437.98,true
2019,Product_2019,Home,423.7,true
2020,Product_2020,Electronics,193.49,false
2021,Product_2021,Home,223.86,true
2022,Product_2022,Electronics,243.91,true
2023,Product_2023,,151.23,true
2024,Product_2024,Clothing,409.13,true
2025,Product_2025,,210.77,false
2026,Product_2026,,191.04,true
2027,Product_2027,Clothing,429.78,true
2028,Product_2028,,398.79,true
2029,Product_2029,Home,321.93,true
2030,Product_2030,Electronics,150.22,true
2031,Product_2031,Home,318.72,true
2032,Product_2032,Home,268.37,true
2033,Product_2033,,136.77,true
2034,Product_2034,Clothing,90.26,false
2035,Product_2035,Home,454.94,true
2036,Product_2036,Electronics,206.5,true
2037,Product_2037,Clothing,39.64,true
2038,Product_2038,Electronics,100.43,true
2039,Product_2039,Clothing,331.28,true
2040,Product_2040,Clothing,163.61,true
2041,Product_2041,Clothing,467.06,true
2042,Product_2042,Home,473.45,true
2043,Product_2043,Home,402.43,true
2044,Product_2044,Clothing,481.61,true
2045,Product_2045,,38.9,true
2046,Product_2046,Electronics,440.35,true
2047,Product_2047,Electronics,244.34,true
2048,Product_2048,Electronics,213.57,true
2049,Product_2049,Electronics,180.33,true
2050,Product_2050,Clothing,281.08,false
2051,Product_2051,Electronics,165.11,true
2052,Product_2052,Electronics,402.08,true
2053,Product_2053,Electronics,362.01,true
2054,Product_2054,Home,176.98,true
2055,Product_2055,Clothing,392.03,true
2056,Product_2056,Clothing,410.9,true
2057,Product_2057,Clothing,21.54,false
2058,Product_2058,Clothing,447.3,true
2059,Product_2059,Electronics,494.66,true
2060,Product_2060,Home,181.76,true
2061,Product_2061,Electronics,472.95,true
2062,Product_2062,Clothing,472.68,true
2063,Product_2063,Clothing,463.1,true
2064,Product_2064,Clothing,381.93,true
2065,Product_2065,Home,278.54,true
2066,Product_2066,Clothing,105.39,true
2067,Product_2067,Electronics,110.58,true
2068,Product_2068,Electronics,59.69,true
2069,Product_2069,Clothing,231.31,true
2070,Product_2070,Home,217.55,true
2071,Product_2071,Clothing,404.28,true
2072,Product_2072,Electronics,374.87,false
2073,Product_2073,Electronics,343.65,false
2074,Product_2074,,223.59,true
2075,Product_2075,Home,17.54,true
2076,Product_2076,Clothing,316.83,true
2077,Product_2077,Clothing,60.52,true
2078,Product_2078,Electronics,162.9,true
2079,Product_2079,Clothing,137.44,true
2080,Product_2080,Electronics,200.05,true
2081,Product_2081,,78.97,true
2082,Product_2082,Clothing,427.16,true
2083,Product_2083,Clothing,233.23,true
2084,Product_2084,Electronics,177.87,true
2085,Product_2085,Clothing,128.11,true
2086,Product_2086,Clothing,56.99,true
2087,Product_2087,Clothing,325.39,true
2088,Product_2088,Electronics,111.53,true
2089,Product_2089,Electronics,483.23,true
2090,Product_2090,Clothing,467.32,true
2091,Product_2091,Electronics,357.4,true
2092,Product_2092,Home,304.14,true
2093,Product_2093,Electronics,362.57,false
2094,Product_2094,,445.01,true
2095,Product_2095,Home,24.87,true
2096,Product_2096,Clothing,340.69,true
2097,Product_2097,Electronics,438.1,true
2098,Product_2098,Clothing,168.78,true
2099,Product_2099,Home,209.85,true
2100,Product_2100,Clothing,355.48,true
2101,Product_2101,Clothing,214.14,true
2102,Product_2102,Electronics,292.69,true
2103,Product_2103,Home,222.34,true
2104,Product_2104,Clothing,443.53,true
2105,Product_2105,Clothing,152.13,false
2106,Product_2106,Electronics,327.25,true
2107,Product_2107,Home,452.08,true
2108,Product_2108,Electronics,170.93,true
2109,Product_2109,Home,363.76,true
2110,Product_2110,Electronics,69.51,true
2111,Product_2111,Home,248.4,true
2112,Product_2112,Electronics,381.79,false
2113,Product_2113,Clothing,397.21,true
2114,Product_2114,Electronics,211.26,true
2115,Product_2115,Home,393.63,true
2116,Product_2116,Home,53.66,true
2117,Product_2117,Electronics,385.91,true
2118,Product_2118,Clothing,307.39,true
2119,Product_2119,Electronics,389.4,true
2120,Product_2120,Electronics,224.04,true
2121,Product_2121,Electronics,54.12,true
2122,Product_2122,Electronics,46.88,true
2123,Product_2123,Home,426.8,true
2124,Product_2124,Home,133.83,true
2125,Product_2125,Electronics,455.58,true
2126,Product_2126,Electronics,395.17,true
2127,Product_2127,Home,128.57,true
2128,Product_2128,Electronics,171.67,true
2129,Product_2129,Home,121.31,true
2130,Product_2130,Clothing,194.12,true
2131,Product_2131,Electronics,215.01,true
2132,Product_2132,Electronics,389.1,true
2133,Product_2133,Electronics,50.13,true
2134,Product_2134,Clothing,364.56,true
2135,Product_2135,Electronics,424.73,true
2136,Product_2136,Clothing,210.5,true
2137,Product_2137,Electronics,368.96,false
2138,Product_2138,Home,46.68,true
2139,Product_2139,Electronics,90.48,true
2140,Product_2140,,59.51,true
2141,Product_2141,Home,150.29,true
2142,Product_2142,Home,389.66,true
2143,Product_2143,Home,51.87,true
2144,Product_2144,Home,74.75,true
2145,Product_2145,Home,138.01,true
2146,Product_2146,,412.95,true
2147,Product_2147,Electronics,228.53,true
2148,Product_2148,,185.96,true
2149,Product_2149,Electronics,149.52,true
2150,Product_2150,Clothing,248.5,true
2151,Product_2151,Clothing,217.35,true
2152,Product_2152,Home,486.0,false
2153,Product_2153,Home,193.63,true
2154,Product_2154,Home,146.54,true
2155,Product_2155,Electronics,437.77,false
2156,Product_2156,Electronics,358.98,true
2157,Product_2157,Home,62.91,true
2158,Product_2158,,59.28,true
2159,Product_2159,Clothing,219.19,true
2160,Product_2160,Clothing,452.11,true
2161,Product_2161,Clothing,22.81,true
2162,Product_2162,Electronics,482.09,true
2163,Product_2163,,420.62,true
2164,Product_2164,Home,345.52,true
2165,Product_2165,Electronics,131.37,true
2166,Product_2166,,346.6,true
2167,Product_2167,Home,415.01,true
2168,Product_2168,,280.93,true
2169,Product_2169,Electronics,113.72,true
2170,Product_2170,Clothing,445.92,true
2171,Product_2171,Electronics,272.89,true
2172,Product_2172,Electronics,409.71,true
2173,Product_2173,Electronics,147.69,true
2174,Product_2174,Electronics,494.33,true
2175,Product_2175,Electronics,219.61,true
2176,Product_2176,Clothing,476.12,true
2177,Product_2177,Home,310.19,true
2178,Product_2178,Clothing,401.81,true
2179,Product_2179,Home,237.98,false
2180,Product_2180,Home,213.42,true
2181,Product_2181,Clothing,116.39,true
2182,Product_2182,Home,493.29,true
2183,Product_2183,Home,226.96,true
2184,Product_2184,Clothing,425.89,true
2185,Product_2185,Home,199.08,true
2186,Product_2186,Clothing,315.29,true
2187,Product_2187,Home,281.11,true
2188,Product_2188,,443.68,false
2189,Product_2189,Clothing,165.23,true
2190,Product_2190,Electronics,222.73,true
2191,Product_2191,Clothing,165.2,true
2192,Product_2192,Clothing,68.69,true
2193,Product_2193,,250.51,true
2194,Product_2194,Clothing,305.23,true
2195,Product_2195,Electronics,30.18,true
2196,Product_2196,Home,372.94,true
2197,Product_2197,Clothing,333.88,true
2198,Product_2198,Clothing,413.73,true
2199,Product_2199,Electronics,27.39,false
2200,Product_2200,Electronics,384.56,true
2201,Product_2201,Clothing,175.73,true
2202,Product_2202,Clothing,128.44,true
2203,Product_2203,Home,58.1,true
2204,Product_2204,Electronics,364.59,true
2205,Product_2205,Electronics,439.95,true
2206,Product_2206,Clothing,366.5,true
2207,Product_2207,Electronics,40.64,false
2208,Product_2208,Clothing,330.48,true
2209,Product_2209,Electronics,180.2,true
2210,Product_2210,,145.11,false
2211,Product_2211,Clothing,274.55,true
2212,Product_2212,Electronics,210.68,true
2213,Product_2213,Clothing,484.44,true
2214,Product_2214,Clothing,325.87,true
2215,Product_2215,,68.96,true
2216,Product_2216,Clothing,472.22,true
2217,Product_2217,Clothing,168.67,true
2218,Product_2218,Clothing,340.48,true
2219,Product_2219,Clothing,71.03,true
2220,Product_2220,Electronics,63.06,true
2221,Product_2221,Electronics,263.82,true
2222,Product_2222,Electronics,369.61,true
2223,Product_2223,Clothing,221.77,false
2224,Product_2224,Electronics,444.08,false
2225,Product_2225,Electronics,80.35,true
2226,Product_2226,Clothing,162.68,true
2227,Product_2227,Electronics,292.97,true
2228,Product_2228,Home,213.65,true
2229,Product_2229,Clothing,414.61,false
2230,Product_2230,Electronics,393.85,true
2231,Product_2231,Electronics,492.49,true
2232,Product_2232,,130.5,true
2233,Product_2233,Home,122.08,true
2234,Product_2234,Electronics,69.09,true
2235,Product_2235,,80.91,true
2236,Product_2236,Home,374.09,true
2237,Product_2237,Clothing,21.57,true
2238,Product_2238,Home,15.03,false
2239,Product_2239,Clothing,425.7,true
2240,Product_2240,Electronics,310.54,true
2241,Product_2241,Clothing,254.99,true
2242,Product_2242,Electronics,441.67,true
2243,Product_2243,Electronics,336.24,true
2244,Product_2244,Clothing,230.59,true
2245,Product_2245,Clothing,464.03,true
2246,Product_2246,,154.01,true
2247,Product_2247,Home,333.67,false
2248,Product_2248,Clothing,45.37,true
2249,Product_2249,Electronics,392.43,true
2250,Product_2250,Clothing,312.42,true
2251,Product_2251,Home,59.24,true
2252,Product_2252,Clothing,147.82,true
2253,Product_2253,Home,240.54,true
2254,Product_2254,Home,264.71,false
2255,Product_2255,Home,390.76,true
2256,Product_2256,Clothing,380.53,true
2257,Product_2257,Electronics,415.54,true
2258,Product_2258,Electronics,491.04,true
2259,Product_2259,Electronics,97.22,true
2260,Product_2260,Clothing,51.62,true
2261,Product_2261,Clothing,452.18,true
2262,Product_2262,Electronics,142.05,true
2263,Product_2263,,90.45,false
2264,Product_2264,Electronics,302.08,true
2265,Product_2265,Home,177.24,true
2266,Product_2266,Clothing,275.79,true
2267,Product_2267,Clothing,117.08,true
2268,Product_2268,Electronics,217.51,true
2269,Product_2269,Clothing,230.17,true
2270,Product_2270,Electronics,94.63,true
2271,Product_2271,Home,338.02,true
2272,Product_2272,Electronics,486.14,true
2273,Product_2273,Electronics,303.68,true
2274,Product_2274,Electronics,341.28,true
2275,Product_2275,,226.37,true
2276,Product_2276,,233.04,true
2277,Product_2277,Clothing,56.31,true
2278,Product_2278,Electronics,125.3,true
2279,Product_2279,Electronics,68.82,true
2280,Product_2280,Clothing,272.14,true
2281,Product_2281,Home,258.24,true
2282,Product_2282,Clothing,395.48,false
2283,Product_2283,Electronics,30.52,true
2284,Product_2284,Electronics,140.82,true
2285,Product_2285,Electronics,163.51,true
2286,Product_2286,Electronics,347.71,true
2287,Product_2287,Clothing,252.09,true
2288,Product_2288,Home,112.45,true
2289,Product_2289,Electronics,364.87,true
2290,Product_2290,Clothing,158.55,true
2291,Product_2291,Clothing,117.17,true
2292,Product_2292,Electronics,360.2,true
2293,Product_2293,Electronics,235.49,true
2294,Product_2294,Home,319.49,true
2295,Product_2295,Home,90.1,true
2296,Product_2296,Electronics,218.61,true
2297,Product_2297,Electronics,490.64,true
2298,Product_2298,Electronics,280.11,true
2299,Product_2299,Home,218.77,true
2300,Product_2300,Clothing,38.57,true
2301,Product_2301,Electronics,231.36,true
2302,Product_2302,Clothing,463.11,true
2303,Product_2303,Clothing,399.61,false
2304,Product_2304,,85.97,true
2305,Product_2305,Clothing,12.31,false
2306,Product_2306,Home,149.58,true
2307,Product_2307,Electronics,286.57,true
2308,Product_2308,Electronics,153.72,true
2309,Product_2309,Electronics,13.16,true
2310,Product_2310,Home,290.92,true
2311,Product_2311,Electronics,474.93,true
2312,Product_2312,Clothing,201.54,true
2313,Product_2313,Home,448.83,true
2314,Product_2314,Home,473.8,true
2315,Product_2315,Electronics,44.53,true
2316,Product_2316,Home,203.27,true
2317,Product_2317,Clothing,408.84,true
2318,Product_2318,Electronics,498.69,true
2319,Product_2319,Electronics,79.99,true
2320,Product_2320,Electronics,70.11,true
2321,Product_2321,Clothing,265.02,false
2322,Product_2322,Home,497.44,true
2323,Product_2323,Electronics,336.24,true
2324,Product_2324,Home,420.38,true
2325,Product_2325,Home,187.5,true
2326,Product_2326,Clothing,220.88,true
2327,Product_2327,Electronics,201.43,true
2328,Product_2328,,414.8,true
2329,Product_2329,Electronics,293.96,true
2330,Product_2330,Clothing,59.73,true
2331,Product_2331,Electronics,466.11,true
2332,Product_2332,Clothing,351.79,true
2333,Product_2333,Electronics,159.81,true
2334,Product_2334,Home,209.25,true
2335,Product_2335,Electronics,73.61,true
2336,Product_2336,Electronics,19.9,true
2337,Product_2337,,199.55,true
2338,Product_2338,Home,414.97,true
2339,Product_2339,Electronics,369.54,false
2340,Product_2340,Home,15.39,true
2341,Product_2341,Clothing,149.81,true
2342,Product_2342,Clothing,166.97,true
2343,Product_2343,Electronics,173.59,false
2344,Product_2344,Electronics,498.34,true
2345,Product_2345,Home,188.33,true
2346,Product_2346,Electronics,317.47,true
2347,Product_2347,Electronics,126.47,true
2348,Product_2348,Clothing,106.45,true
2349,Product_2349,Clothing,211.35,true
2350,Product_2350,Clothing,391.58,true
2351,Product_2351,Electronics,189.51,true
2352,Product_2352,Electronics,134.6,true
2353,Product_2353,Clothing,422.93,true
2354,Product_2354,Clothing,106.43,true
2355,Product_2355,Clothing,44.96,true
2356,Product_2356,Electronics,444.31,true
2357,Product_2357,Electronics,68.05,false
2358,Product_2358,Electronics,397.44,true
2359,Product_2359,Home,450.15,true
2360,Product_2360,Home,275.27,true
2361,Product_2361,Home,127.13,true
2362,Product_2362,Clothing,339.66,true
2363,Product_2363,Clothing,258.3,true
2364,Product_2364,Home,239.06,false
2365,Product_2365,Home,193.05,true
2366,Product_2366,Electronics,322.84,true
2367,Product_2367,Electronics,191.21,true
2368,Product_2368,Electronics,311.37,true
2369,Product_2369,Electronics,25.48,true
2370,Product_2370,Electronics,130.81,true
2371,Product_2371,Electronics,378.98,true
2372,Product_2372,Electronics,77.09,true
2373,Product_2373,Electronics,315.27,true
2374,Product_2374,Electronics,305.97,true
2375,Product_2375,Home,268.8,true
2376,Product_2376,,99.1,true
2377,Product_2377,Home,76.11,true
2378,Product_2378,Clothing,270.36,true
2379,Product_2379,Electronics,410.32,false
2380,Product_2380,Electronics,97.21,true
2381,Product_2381,Electronics,253.56,true
2382,Product_2382,Clothing,278.96,true
2383,Product_2383,Clothing,218.5,true
2384,Product_2384,Clothing,366.74,false
2385,Product_2385,Clothing,470.3,true
2386,Product_2386,Electronics,260.82,true
2387,Product_2387,Clothing,265.71,true
2388,Product_2388,Home,25.04,true
2389,Product_2389,Electronics,346.69,true
2390,Product_2390,Clothing,52.37,true
2391,Product_2391,Clothing,426.25,true
2392,Product_2392,,75.79,true
2393,Product_2393,Home,162.82,true
2394,Product_2394,Clothing,48.68,true
2395,Product_2395,Clothing,284.07,false
2396,Product_2396,,454.05,true
2397,Product_2397,Electronics,392.22,false
2398,Product_2398,Clothing,137.64,true
2399,Product_2399,Electronics,322.77,true
2400,Product_2400,Electronics,443.36,true
2401,Product_2401,Clothing,127.77,true
2402,Product_2402,Electronics,339.14,true
2403,Product_2403,Electronics,453.41,false
2404,Product_2404,Electronics,236.67,true
2405,Product_2405,Clothing,499.8,true
2406,Product_2406,,480.33,true
2407,Product_2407,,382.38,true
2408,Product_2408,Clothing,156.18,true
2409,Product_2409,Clothing,465.07,true
2410,Product_2410,Electronics,300.89,true
2411,Product_2411,Home,29.06,true
2412,Product_2412,Electronics,386.29,true
2413,Product_2413,Electronics,145.27,true
2414,Product_2414,Clothing,216.3,false
2415,Product_2415,,262.07,true
2416,Product_2416,Clothing,493.91,true
2417,Product_2417,Electronics,235.2,true
2418,Product_2418,Home,368.57,true
2419,Product_2419,Electronics,427.67,true
2420,Product_2420,Electronics,168.7,true
2421,Product_2421,Electronics,205.08,true
2422,Product_2422,,164.05,true
2423,Product_2423,Electronics,31.6,true
2424,Product_2424,Clothing,442.11,true
2425,Product_2425,Electronics,65.23,true
2426,Product_2426,Home,375.05,false
2427,Product_2427,Electronics,320.03,true
2428,Product_2428,,183.41,true
2429,Product_2429,,81.65,false
2430,Product_2430,Clothing,401.38,true
2431,Product_2431,,225.04,true
2432,Product_2432,Clothing,276.98,true
2433,Product_2433,Home,231.3,true
2434,Product_2434,Electronics,334.88,false
2435,Product_2435,Clothing,452.22,true
2436,Product_2436,Home,438.41,true
2437,Product_2437,,343.44,true
2438,Product_2438,Electronics,32.78,true
2439,Product_2439,,491.53,true
2440,Product_2440,Clothing,395.06,true
2441,Product_2441,Home,426.16,true
2442,Product_2442,Clothing,420.51,true
2443,Product_2443,Electronics,322.93,false
2444,Product_2444,Electronics,268.88,true
2445,Product_2445,Electronics,156.19,true
2446,Product_2446,Electronics,469.45,true
2447,Product_2447,Electronics,210.61,true
2448,Product_2448,Electronics,393.21,false
2449,Product_2449,Electronics,17.57,true
2450,Product_2450,Home,180.35,true
2451,Product_2451,Clothing,185.89,true
2452,Product_2452,,155.84,true
2453,Product_2453,Electronics,428.64,true
2454,Product_2454,Clothing,477.93,true
2455,Product_2455,Electronics,178.71,true
2456,Product_2456,Home,244.88,true
2457,Product_2457,,231.32,true
2458,Product_2458,Electronics,193.35,false
2459,Product_2459,Home,317.14,true
2460,Product_2460,Clothing,445.34,true
2461,Product_2461,Electronics,253.94,true
2462,Product_2462,Electronics,361.78,true
2463,Product_2463,Electronics,441.97,true
2464,Product_2464,Electronics,60.53,true
2465,Product_2465,Electronics,78.72,true
2466,Product_2466,Electronics,436.66,true
2467,Product_2467,Clothing,79.37,true
2468,Product_2468,Clothing,396.58,true
2469,Product_2469,Home,223.22,true
2470,Product_2470,Electronics,338.05,true
2471,Product_2471,Home,462.47,true
2472,Product_2472,,267.05,true
2473,Product_2473,Clothing,409.02,true
2474,Product_2474,Clothing,425.52,true
2475,Product_2475,,335.01,false
2476,Product_2476,Clothing,93.68,true
2477,Product_2477,Home,294.29,true
2478,Product_2478,Home,232.49,true
2479,Product_2479,Clothing,48.32,true
2480,Product_2480,Clothing,77.42,true
2481,Product_2481,Electronics,76.65,true
2482,Product_2482,Electronics,374.2,false
2483,Product_2483,Clothing,35.52,true
2484,Product_2484,,224.28,true
2485,Product_2485,Electronics,351.18,true
2486,Product_2486,Electronics,267.38,true
2487,Product_2487,Electronics,467.61,true
2488,Product_2488,Clothing,41.51,true
2489,Product_2489,Electronics,332.17,true
2490,Product_2490,Home,387.3,true
2491,Product_2491,Home,11.42,true
2492,Product_2492,Clothing,430.71,true
2493,Product_2493,Home,34.76,false
2494,Product_2494,,332.62,false
2495,Product_2495,Clothing,90.14,true
2496,Product_2496,,271.59,true
2497,Product_2497,Home,490.83,true
2498,Product_2498,Electronics,432.1,true
2499,Product_2499,Electronics,83.71,false
2500,Product_2500,,85.86,true
2501,Product_2501,Clothing,320.14,true
2502,Product_2502,Clothing,288.09,true
2503,Product_2503,Electronics,367.98,true
2504,Product_2504,Clothing,136.96,true
2505,Product_2505,Clothing,464.62,true
2506,Product_2506,Clothing,392.21,true
2507,Product_2507,Electronics,337.8,true
2508,Product_2508,Home,276.65,true
2509,Product_2509,Home,308.89,true
2510,Product_2510,Electronics,388.82,true
2511,Product_2511,Clothing,241.29,true
2512,Product_2512,Electronics,85.75,true
2513,Product_2513,,333.24,true
2514,Product_2514,Clothing,17.4,true
2515,Product_2515,Electronics,379.28,true
2516,Product_2516,Clothing,342.61,true
2517,Product_2517,Clothing,327.99,true
2518,Product_2518,Clothing,128.16,true
2519,Product_2519,Electronics,434.54,true
2520,Product_2520,Electronics,331.45,true
2521,Product_2521,Electronics,157.63,true
2522,Product_2522,Clothing,118.45,true
2523,Product_2523,Electronics,227.43,false
2524,Product_2524,Clothing,73.34,true
2525,Product_2525,,231.99,true
2526,Product_2526,Clothing,172.55,false
2527,Product_2527,Home,297.55,false
2528,Product_2528,Clothing,42.58,true
2529,Product_2529,Clothing,481.15,true
2530,Product_2530,Clothing,46.77,true
2531,Product_2531,Electronics,425.88,true
2532,Product_2532,Electronics,41.28,true
2533,Product_2533,Electronics,58.57,true
2534,Product_2534,Home,122.93,true
2535,Product_2535,Clothing,124.85,true
2536,Product_2536,,489.76,true
2537,Product_2537,Electronics,231.27,true
2538,Product_2538,Electronics,76.4,true
2539,Product_2539,Electronics,37.96,true
2540,Product_2540,Electronics,455.6,true
2541,Product_2541,Home,19.24,true
2542,Product_2542,Electronics,400.13,true
2543,Product_2543,Clothing,454.46,true
2544,Product_2544,Clothing,17.78,true
2545,Product_2545,Electronics,328.37,false
2546,Product_2546,Electronics,447.85,true
2547,Product_2547,Electronics,496.66,true
2548,Product_2548,Home,279.08,true
2549,Product_2549,Clothing,76.47,true
2550,Product_2550,Clothing,490.15,true
2551,Product_2551,Home,469.89,true
2552,Product_2552,Electronics,438.53,true
2553,Product_2553,Home,352.28,true
2554,Product_2554,Electronics,399.02,true
2555,Product_2555,Electronics,38.96,true
2556,Product_2556,Clothing,123.77,false
2557,Product_2557,Home,491.62,true
2558,Product_2558,Electronics,69.56,true
2559,Product_2559,Home,298.31,true
2560,Product_2560,Electronics,429.81,true
2561,Product_2561,Clothing,381.43,true
2562,Product_2562,Electronics,86.92,false
2563,Product_2563,Clothing,132.5,true
2564,Product_2564,Home,309.24,true
2565,Product_2565,Electronics,116.68,true
2566,Product_2566,Electronics,53.86,true
2567,Product_2567,Clothing,203.74,true
2568,Product_2568,Clothing,386.78,true
2569,Product_2569,Electronics,319.77,true
2570,Product_2570,Home,477.82,true
2571,Product_2571,Electronics,320.36,true
2572,Product_2572,Home,395.35,true
2573,Product_2573,Electronics,36.94,true
2574,Product_2574,Home,29.72,true
2575,Product_2575,Electronics,168.12,true
2576,Product_2576,Home,96.45,true
2577,Product_2577,Electronics,405.02,true
2578,Product_2578,,79.07,true
2579,Product_2579,Electronics,342.25,false
2580,Product_2580,Electronics,432.64,true
2581,Product_2581,Clothing,416.7,true
2582,Product_2582,Electronics,95.09,true
2583,Product_2583,Electronics,448.9,false
2584,Product_2584,Clothing,197.17,true
2585,Product_2585,Clothing,296.18,true
2586,Product_2586,Home,156.26,true
2587,Product_2587,Electronics,414.4,true
2588,Product_2588,Electronics,85.97,false
2589,Product_2589,Clothing,92.13,true
2590,Product_2590,Clothing,41.58,true
2591,Product_2591,Electronics,330.55,true
2592,Product_2592,Home,179.93,true
2593,Product_2593,Home,286.99,true
2594,Product_2594,Electronics,441.79,true
2595,Product_2595,Clothing,247.19,false
2596,Product_2596,Clothing,328.33,true
2597,Product_2597,Electronics,279.55,true
2598,Product_2598,Clothing,185.74,false
2599,Product_2599,Electronics,333.92,true
2600,Product_2600,,442.1,true
2601,Product_2601,,276.21,true
2602,Product_2602,Electronics,122.74,true
2603,Product_2603,Home,223.17,true
2604,Product_2604,Home,221.9,true
2605,Product_2605,Electronics,413.34,true
2606,Product_2606,Clothing,91.58,false
2607,Product_2607,Electronics,401.15,true
2608,Product_2608,Electronics,273.11,true
2609,Product_2609,Clothing,138.38,true
2610,Product_2610,Electronics,488.66,true
2611,Product_2611,Clothing,219.96,false
2612,Product_2612,Electronics,58.39,true
2613,Product_2613,Home,456.48,true
2614,Product_2614,Clothing,116.51,true
2615,Product_2615,Electronics,203.07,true
2616,Product_2616,Home,96.23,true
2617,Product_2617,Electronics,123.06,false
2618,Product_2618,Electronics,98.78,true
2619,Product_2619,,22.88,true
2620,Product_2620,Clothing,192.97,true
2621,Product_2621,Clothing,426.36,true
2622,Product_2622,Clothing,216.45,true
2623,Product_2623,Electronics,379.32,true
2624,Product_2624,,69.74,true
2625,Product_2625,Home,113.07,true
2626,Product_2626,Home,14.89,true
2627,Product_2627,Clothing,273.64,true
2628,Product_2628,Electronics,44.57,true
2629,Product_2629,Home,131.68,true
2630,Product_2630,Clothing,207.58,false
2631,Product_2631,Clothing,122.84,false
2632,Product_2632,Electronics,104.56,true
2633,Product_2633,Home,340.78,true
2634,Product_2634,Home,320.95,true
2635,Product_2635,Home,471.15,true
2636,Product_2636,Home,76.45,true
2637,Product_2637,Home,152.81,true
2638,Product_2638,Electronics,338.59,true
2639,Product_2639,Clothing,475.42,true
2640,Product_2640,Home,52.04,true
2641,Product_2641,Electronics,298.91,true
2642,Product_2642,Clothing,239.97,true
2643,Product_2643,Electronics,251.13,true
2644,Product_2644,,311.09,true
2645,Product_2645,Clothing,249.09,true
2646,Product_2646,Electronics,114.62,true
2647,Product_2647,Electronics,265.54,true
2648,Product_2648,Clothing,486.23,true
2649,Product_2649,Electronics,399.6,true
2650,Product_2650,Electronics,140.36,true
2651,Product_2651,Electronics,492.24,true
2652,Product_2652,Home,341.0,true
2653,Product_2653,Electronics,111.49,true
2654,Product_2654,Clothing,217.42,true
2655,Product_2655,Clothing,314.33,true
2656,Product_2656,Clothing,438.7,true
2657,Product_2657,Electronics,155.78,true
2658,Product_2658,Clothing,392.12,true
2659,Product_2659,Home,122.32,true
2660,Product_2660,Clothing,223.93,true
2661,Product_2661,Electronics,481.07,true
2662,Product_2662,Clothing,479.62,true
2663,Product_2663,Clothing,439.03,true
2664,Product_2664,Electronics,480.99,true
2665,Product_2665,Electronics,371.46,true
2666,Product_2666,Electronics,132.61,true
2667,Product_2667,Clothing,72.0,true
2668,Product_2668,Home,209.59,true
2669,Product_2669,Clothing,114.11,true
2670,Product_2670,,411.25,true
2671,Product_2671,Clothing,368.99,false
2672,Product_2672,Electronics,430.9,true
2673,Product_2673,Clothing,36.92,true
2674,Product_2674,Clothing,366.12,true
2675,Product_2675,Electronics,262.98,true
2676,Product_2676,Electronics,373.61,true
2677,Product_2677,Electronics,169.7,true
2678,Product_2678,Electronics,458.65,true
2679,Product_2679,Home,87.65,true
2680,Product_2680,Clothing,40.71,false
2681,Product_2681,Electronics,420.13,true
2682,Product_2682,Home,176.84,true
2683,Product_2683,,156.85,true
2684,Product_2684,Clothing,236.99,true
2685,Product_2685,,235.19,true
2686,Product_2686,Clothing,187.7,true
2687,Product_2687,Electronics,240.04,true
2688,Product_2688,Home,438.82,false
2689,Product_2689,Clothing,348.02,true
2690,Product_2690,Electronics,137.28,false
2691,Product_2691,Clothing,463.21,true
2692,Product_2692,Electronics,292.77,true
2693,Product_2693,Electronics,88.42,true
2694,Product_2694,Electronics,498.43,true
2695,Product_2695,Home,76.22,true
2696,Product_2696,Clothing,277.93,true
2697,Product_2697,Electronics,328.7,true
2698,Product_2698,Electronics,449.0,true
2699,Product_2699,Electronics,261.16,true
2700,Product_2700,Clothing,372.05,true
2701,Product_2701,Electronics,229.45,true
2702,Product_2702,Electronics,20.01,false
2703,Product_2703,Clothing,488.39,true
2704,Product_2704,Electronics,403.16,true
2705,Product_2705,Electronics,65.35,true
2706,Product_2706,Clothing,151.72,true
2707,Product_2707,Clothing,430.86,true
2708,Product_2708,Clothing,170.88,true
2709,Product_2709,Home,313.93,true
2710,Product_2710,Clothing,29.97,true
2711,Product_2711,Electronics,191.43,true
2712,Product_2712,Electronics,238.95,true
2713,Product_2713,Electronics,391.86,true
2714,Product_2714,Clothing,128.44,true
2715,Product_2715,Home,302.49,true
2716,Product_2716,Electronics,159.87,true
2717,Product_2717,Clothing,221.18,true
2718,Product_2718,,472.17,true
2719,Product_2719,Electronics,56.78,true
2720,Product_2720,Home,428.33,true
2721,Product_2721,,373.94,true
2722,Product_2722,Electronics,207.84,true
2723,Product_2723,Clothing,332.72,true
2724,Product_2724,Clothing,459.65,true
2725,Product_2725,Electronics,343.13,false
2726,Product_2726,Clothing,370.9,true
2727,Product_2727,Electronics,54.96,true
2728,Product_2728,Electronics,197.2,true
2729,Product_2729,Electronics,229.81,true
2730,Product_2730,Electronics,204.3,true
2731,Product_2731,Clothing,367.51,true
2732,Product_2732,Electronics,261.71,true
2733,Product_2733,Clothing,81.1,false
2734,Product_2734,Clothing,189.34,true
2735,Product_2735,Electronics,95.59,true
2736,Product_2736,Clothing,449.23,true
2737,Product_2737,Clothing,148.57,true
2738,Product_2738,,248.18,true
2739,Product_2739,Electronics,340.27,true
2740,Product_2740,Electronics,377.47,true
2741,Product_2741,Clothing,478.46,true
2742,Product_2742,Electronics,405.88,true
2743,Product_2743,Clothing,328.05,true
2744,Product_2744,Electronics,416.12,true
2745,Product_2745,Clothing,347.16,true
2746,Product_2746,Electronics,114.71,true
2747,Product_2747,,10.92,false
2748,Product_2748,Electronics,167.01,true
2749,Product_2749,Electronics,353.96,true
2750,Product_2750,Clothing,269.87,false
2751,Product_2751,Home,206.35,true
2752,Product_2752,Electronics,181.78,true
2753,Product_2753,Clothing,162.24,false
2754,Product_2754,Clothing,167.72,true
2755,Product_2755,Clothing,234.43,true
2756,Product_2756,Electronics,384.22,true
2757,Product_2757,Home,300.04,true
2758,Product_2758,Clothing,330.28,true
2759,Product_2759,Clothing,149.63,false
2760,Product_2760,Electronics,382.23,true
2761,Product_2761,Home,206.42,false
2762,Product_2762,,16.96,true
2763,Product_2763,Electronics,421.95,true
2764,Product_2764,Electronics,175.06,true
2765,Product_2765,Clothing,388.47,true
2766,Product_2766,Electronics,351.44,true
2767,Product_2767,Clothing,204.53,true
2768,Product_2768,Home,186.41,true
2769,Product_2769,Electronics,344.4,true
2770,Product_2770,,117.46,true
2771,Product_2771,Clothing,284.29,false
2772,Product_2772,Clothing,341.4,true
2773,Product_2773,Clothing,140.34,true
2774,Product_2774,Home,87.04,true
2775,Product_2775,Clothing,412.35,true
2776,Product_2776,Electronics,97.91,true
2777,Product_2777,Electronics,445.5,true
2778,Product_2778,Electronics,296.96,true
2779,Product_2779,Home,147.11,true
2780,Product_2780,Clothing,394.36,true
2781,Product_2781,Home,417.52,true
2782,Product_2782,Clothing,180.06,true
2783,Product_2783,Electronics,374.79,true
2784,Product_2784,Electronics,230.44,true
2785,Product_2785,Electronics,275.9,true
2786,Product_2786,Electronics,346.09,true
2787,Product_2787,Electronics,136.28,true
2788,Product_2788,Electronics,345.99,true
2789,Product_2789,Electronics,288.39,true
2790,Product_2790,Electronics,221.4,true
2791,Product_2791,Home,472.84,true
2792,Product_2792,Electronics,196.86,true
2793,Product_2793,Home,204.9,true
2794,Product_2794,Electronics,350.13,true
2795,Product_2795,Electronics,360.2,true
2796,Product_2796,Electronics,434.8,true
2797,Product_2797,Clothing,221.86,true
2798,Product_2798,,349.23,true
2799,Product_2799,Electronics,425.94,true
2800,Product_2800,,375.29,true
2801,Product_2801,Home,117.78,true
2802,Product_2802,Clothing,223.84,true
2803,Product_2803,Electronics,15.82,true
2804,Product_2804,Electronics,53.36,true
2805,Product_2805,Electronics,68.79,false
2806,Product_2806,Home,443.28,true
2807,Product_2807,Home,289.85,true
2808,Product_2808,Electronics,300.57,true
2809,Product_2809,Clothing,106.7,true
2810,Product_2810,Clothing,186.73,true
2811,Product_2811,Clothing,344.78,true
2812,Product_2812,Clothing,49.79,true
2813,Product_2813,Electronics,204.05,true
2814,Product_2814,Electronics,260.61,true
2815,Product_2815,Electronics,279.0,true
2816,Product_2816,Clothing,144.78,true
2817,Product_2817,Clothing,159.02,true
2818,Product_2818,Home,17.8,true
2819,Product_2819,Electronics,272.85,true
2820,Product_2820,Electronics,458.82,true
2821,Product_2821,Electronics,398.43,true
2822,Product_2822,,203.72,true
2823,Product_2823,Clothing,370.19,true
2824,Product_2824,Electronics,41.2,true
2825,Product_2825,Clothing,222.5,true
2826,Product_2826,Clothing,375.49,true
2827,Product_2827,,39.6,true
2828,Product_2828,Electronics,351.36,true
2829,Product_2829,Clothing,149.67,true
2830,Product_2830,Electronics,454.27,true
2831,Product_2831,Clothing,263.07,true
2832,Product_2832,Clothing,450.2,true
2833,Product_2833,Electronics,122.66,true
2834,Product_2834,,485.15,false
2835,Product_2835,Home,165.98,true
2836,Product_2836,Electronics,182.18,true
2837,Product_2837,Electronics,150.53,true
2838,Product_2838,,467.62,true
2839,Product_2839,Electronics,146.22,true
2840,Product_2840,Electronics,444.14,true
2841,Product_2841,Home,90.97,false
2842,Product_2842,Electronics,463.19,true
2843,Product_2843,Electronics,388.16,true
2844,Product_2844,,232.57,true
2845,Product_2845,Home,419.96,true
2846,Product_2846,Electronics,393.42,true
2847,Product_2847,Electronics,104.72,true
2848,Product_2848,,363.6,true
2849,Product_2849,Clothing,369.53,true
2850,Product_2850,Clothing,69.68,true
2851,Product_2851,Electronics,65.59,false
2852,Product_2852,Clothing,364.36,true
2853,Product_2853,,444.56,true
2854,Product_2854,Clothing,455.61,true
2855,Product_2855,Electronics,88.45,true
2856,Product_2856,Clothing,343.16,false
2857,Product_2857,Clothing,153.66,true
2858,Product_2858,Electronics,309.62,true
2859,Product_2859,Electronics,233.62,true
2860,Product_2860,Clothing,408.67,true
2861,Product_2861,Electronics,495.09,true
2862,Product_2862,Clothing,136.13,true
2863,Product_2863,Electronics,59.16,false
2864,Product_2864,Clothing,499.56,false
2865,Product_2865,Clothing,397.78,true
2866,Product_2866,Home,26.13,true
2867,Product_2867,Clothing,256.77,true
2868,Product_2868,Electronics,168.49,true
2869,Product_2869,Electronics,491.18,true
2870,Product_2870,Clothing,448.74,true
2871,Product_2871,Clothing,348.96,true
2872,Product_2872,,279.19,true
2873,Product_2873,Electronics,286.9,true
2874,Product_2874,Electronics,482.07,false
2875,Product_2875,Electronics,423.79,true
2876,Product_2876,Electronics,263.88,true
2877,Product_2877,Home,449.89,true
2878,Product_2878,Clothing,225.14,true
2879,Product_2879,Home,198.27,true
2880,Product_2880,Electronics,387.15,true
2881,Product_2881,Home,206.18,true
2882,Product_2882,Clothing,148.13,true
2883,Product_2883,Electronics,421.34,true
2884,Product_2884,Electronics,59.65,true
2885,Product_2885,Clothing,285.56,true
2886,Product_2886,Electronics,85.46,true
2887,Product_2887,Electronics,106.09,false
2888,Product_2888,Home,173.36,true
2889,Product_2889,Clothing,465.89,false
2890,Product_2890,Home,314.11,true
2891,Product_2891,,46.9,true
2892,Product_2892,Electronics,325.78,true
2893,Product_2893,Home,466.06,true
2894,Product_2894,Clothing,85.82,true
2895,Product_2895,Clothing,369.79,true
2896,Product_2896,Electronics,466.7,false
2897,Product_2897,Clothing,169.25,true
2898,Product_2898,Electronics,97.0,true
2899,Product_2899,Electronics,375.03,true
2900,Product_2900,Home,176.12,true
2901,Product_2901,Clothing,210.15,true
2902,Product_2902,Electronics,148.99,true
2903,Product_2903,Clothing,473.72,true
2904,Product_2904,Clothing,186.0,false
2905,Product_2905,Electronics,133.9,false
2906,Product_2906,,141.16,true
2907,Product_2907,Clothing,251.32,true
2908,Product_2908,Electronics,287.12,true
2909,Product_2909,Home,410.97,true
2910,Product_2910,Electronics,183.74,true
2911,Product_2911,Home,144.34,true
2912,Product_2912,Clothing,382.0,true
2913,Product_2913,Clothing,470.88,true
2914,Product_2914,Electronics,137.62,true
2915,Product_2915,Electronics,321.23,true
2916,Product_2916,Home,436.58,true
2917,Product_2917,Clothing,125.29,true
2918,Product_2918,Home,232.05,true
2919,Product_2919,Home,186.78,false
2920,Product_2920,Electronics,171.7,true
2921,Product_2921,Clothing,202.03,true
2922,Product_2922,Home,404.93,true
2923,Product_2923,Clothing,304.67,true
2924,Product_2924,Electronics,17.36,true
2925,Product_2925,Clothing,42.12,true
2926,Product_2926,Clothing,169.48,true
2927,Product_2927,Home,157.09,true
2928,Product_2928,Home,211.68,true
2929,Product_2929,Electronics,474.36,true
2930,Product_2930,Home,43.02,true
2931,Product_2931,Electronics,27.95,true
2932,Product_2932,Home,442.47,true
2933,Product_2933,Home,244.8,true
2934,Product_2934,Electronics,417.22,true
2935,Product_2935,Electronics,68.94,true
2936,Product_2936,Clothing,205.78,true
2937,Product_2937,Clothing,494.42,true
2938,Product_2938,Electronics,263.33,true
2939,Product_2939,Electronics,493.99,true
2940,Product_2940,Electronics,436.77,true
2941,Product_2941,Clothing,68.06,true
2942,Product_2942,Home,389.75,true
2943,Product_2943,Home,38.99,false
2944,Product_2944,Clothing,147.68,true
2945,Product_2945,Electronics,437.74,true
2946,Product_2946,Home,99.09,true
2947,Product_2947,Electronics,331.24,true
2948,Product_2948,Electronics,442.72,true
2949,Product_2949,Electronics,45.5,true
2950,Product_2950,Electronics,327.63,false
2951,Product_2951,Clothing,405.99,true
2952,Product_2952,,340.27,true
2953,Product_2953,Home,289.38,true
2954,Product_2954,,16.79,true
2955,Product_2955,Home,81.24,true
2956,Product_2956,Clothing,254.6,true
2957,Product_2957,Electronics,287.74,true
2958,Product_2958,Clothing,342.0,true
2959,Product_2959,Home,276.01,true
2960,Product_2960,Clothing,292.06,true
2961,Product_2961,Home,44.26,true
2962,Product_2962,Home,454.09,true
2963,Product_2963,Home,333.76,false
2964,Product_2964,Electronics,68.87,true
2965,Product_2965,Electronics,351.23,false
2966,Product_2966,Electronics,446.85,true
2967,Product_2967,Electronics,155.34,true
2968,Product_2968,Clothing,312.7,true
2969,Product_2969,Electronics,109.0,true
2970,Product_2970,Clothing,104.87,true
2971,Product_2971,Clothing,304.55,true
2972,Product_2972,Home,439.22,true
2973,Product_2973,Electronics,21.63,true
2974,Product_2974,,371.08,true
2975,Product_2975,Clothing,66.2,true
2976,Product_2976,Electronics,325.8,true
2977,Product_2977,Home,142.19,true
2978,Product_2978,Electronics,21.93,true
2979,Product_2979,Electronics,60.55,true
2980,Product_2980,,458.67,true
2981,Product_2981,Clothing,335.54,true
2982,Product_2982,Electronics,46.78,true
2983,Product_2983,Home,116.95,true
2984,Product_2984,Electronics,243.12,false
2985,Product_2985,,480.68,false
2986,Product_2986,Clothing,257.24,true
2987,Product_2987,,17.7,true
2988,Product_2988,Clothing,365.09,true
2989,Product_2989,Home,44.89,true
2990,Product_2990,Clothing,10.89,true
2991,Product_2991,,262.36,true
2992,Product_2992,Clothing,403.4,true
2993,Product_2993,Home,241.43,false
2994,Product_2994,Home,99.41,true
2995,Product_2995,Electronics,204.31,true
2996,Product_2996,Clothing,128.81,true
2997,Product_2997,,323.8,true
2998,Product_2998,,110.63,false
2999,Product_2999,Clothing,77.24,false
3000,Product_3000,Electronics,152.58,true
3001,Product_3001,Electronics,378.54,true
3002,Product_3002,Electronics,422.62,true
3003,Product_3003,Electronics,419.86,true
3004,Product_3004,Home,268.61,true
3005,Product_3005,Electronics,305.71,true
3006,Product_3006,Clothing,273.19,true
3007,Product_3007,Electronics,384.7,true
3008,Product_3008,Clothing,301.46,true
3009,Product_3009,Electronics,282.65,true
3010,Product_3010,Clothing,406.11,true
3011,Product_3011,Electronics,347.63,true
3012,Product_3012,Electronics,105.04,false
3013,Product_3013,Electronics,499.03,true
3014,Product_3014,Electronics,362.28,true
3015,Product_3015,Electronics,472.84,true
3016,Product_3016,Clothing,126.79,true
3017,Product_3017,Electronics,464.29,true
3018,Product_3018,Clothing,106.22,true
3019,Product_3019,Home,52.11,true
3020,Product_3020,,378.4,true
3021,Product_3021,Electronics,329.82,true
3022,Product_3022,Clothing,363.8,true
3023,Product_3023,Clothing,299.51,true
3024,Product_3024,Clothing,212.88,true
3025,Product_3025,Electronics,481.37,true
3026,Product_3026,Clothing,389.08,true
3027,Product_3027,,392.03,true
3028,Product_3028,Clothing,192.26,true
3029,Product_3029,Electronics,317.9,true
3030,Product_3030,Electronics,424.08,true
3031,Product_3031,Clothing,232.07,true
3032,Product_3032,Electronics,331.01,true
3033,Product_3033,Home,475.97,true
3034,Product_3034,,390.37,true
3035,Product_3035,Home,131.02,true
3036,Product_3036,Electronics,493.91,true
3037,Product_3037,Home,214.14,true
3038,Product_3038,,227.0,false
3039,Product_3039,,487.37,true
3040,Product_3040,Clothing,86.48,true
3041,Product_3041,Electronics,207.81,true
3042,Product_3042,Home,57.44,true
3043,Product_3043,Electronics,499.49,true
3044,Product_3044,,143.17,true
3045,Product_3045,Electronics,115.74,true
3046,Product_3046,Clothing,26.21,true
3047,Product_3047,Clothing,98.84,true
3048,Product_3048,Electronics,131.3,true
3049,Product_3049,Electronics,37.28,false
3050,Product_3050,Home,193.7,true
3051,Product_3051,Home,246.52,true
3052,Product_3052,Electronics,365.02,false
3053,Product_3053,Clothing,485.77,false
3054,Product_3054,Electronics,77.89,true
3055,Product_3055,Home,482.93,true
3056,Product_3056,Electronics,11.19,true
3057,Product_3057,Home,264.71,true
3058,Product_3058,Home,85.65,true
3059,Product_3059,Home,346.42,true
3060,Product_3060,Electronics,78.15,true
3061,Product_3061,,474.67,true
3062,Product_3062,Electronics,206.04,true
3063,Product_3063,Electronics,462.41,true
3064,Product_3064,Electronics,403.42,false
3065,Product_3065,Clothing,377.0,true
3066,Product_3066,Electronics,131.65,true
3067,Product_3067,Electronics,277.76,false
3068,Product_3068,,30.66,true
3069,Product_3069,,240.88,true
3070,Product_3070,Electronics,42.15,true
3071,Product_3071,Clothing,314.74,true
3072,Product_3072,Home,366.87,true
3073,Product_3073,Electronics,286.39,true
3074,Product_3074,Electronics,375.46,false
3075,Product_3075,Clothing,219.25,true
3076,Product_3076,Electronics,168.02,true
3077,Product_3077,Clothing,305.39,true
3078,Product_3078,,121.28,false
3079,Product_3079,Electronics,63.54,true
3080,Product_3080,Clothing,100.97,false
3081,Product_3081,Electronics,301.45,true
3082,Product_3082,Clothing,352.83,true
3083,Product_3083,,246.84,true
3084,Product_3084,Home,321.87,true
3085,Product_3085,,211.16,true
3086,Product_3086,,455.25,true
3087,Product_3087,Clothing,155.62,true
3088,Product_3088,Clothing,170.31,true
3089,Product_3089,Electronics,361.95,true
3090,Product_3090,Clothing,167.71,true
3091,Product_3091,Clothing,435.46,true
3092,Product_3092,Clothing,48.94,true
3093,Product_3093,Home,134.45,true
3094,Product_3094,Clothing,63.41,true
3095,Product_3095,Home,67.61,true
3096,Product_3096,Electronics,118.64,true
3097,Product_3097,Clothing,82.4,true
3098,Product_3098,Home,89.18,true
3099,Product_3099,,270.99,true
3100,Product_3100,Electronics,299.27,true
3101,Product_3101,Home,279.9,true
3102,Product_3102,Electronics,384.89,true
3103,Product_3103,Electronics,388.02,true
3104,Product_3104,,314.33,true
3105,Product_3105,Home,71.43,true
3106,Product_3106,,230.72,true
3107,Product_3107,Electronics,214.66,true
3108,Product_3108,Electronics,394.0,true
3109,Product_3109,Electronics,351.17,true
3110,Product_3110,,305.09,false
3111,Product_3111,Electronics,157.37,true
3112,Product_3112,Electronics,276.79,false
3113,Product_3113,Electronics,439.58,true
3114,Product_3114,Clothing,154.85,true
3115,Product_3115,Electronics,447.35,true
3116,Product_3116,Home,173.63,false
3117,Product_3117,Clothing,489.17,true
3118,Product_3118,Electronics,261.43,true
3119,Product_3119,,24.8,true
3120,Product_3120,,468.08,true
3121,Product_3121,Electronics,247.93,false
3122,Product_3122,,327.65,false
3123,Product_3123,Home,255.48,true
3124,Product_3124,Electronics,211.86,true
3125,Product_3125,Electronics,162.12,true
3126,Product_3126,Clothing,124.96,true
3127,Product_3127,,43.28,true
3128,Product_3128,Home,308.95,true
3129,Product_3129,Electronics,92.23,true
3130,Product_3130,Electronics,454.9,true
3131,Product_3131,Electronics,307.52,true
3132,Product_3132,Clothing,109.01,false
3133,Product_3133,Clothing,335.78,true
3134,Product_3134,Clothing,470.54,true
3135,Product_3135,Clothing,303.88,false
3136,Product_3136,Home,93.64,true
3137,Product_3137,Home,176.75,true
3138,Product_3138,Electronics,101.53,false
3139,Product_3139,Home,155.69,true
3140,Product_3140,Electronics,246.64,true
3141,Product_3141,Electronics,120.8,true
3142,Product_3142,Electronics,275.42,true
3143,Product_3143,Clothing,293.92,true
3144,Product_3144,Electronics,160.38,true
3145,Product_3145,Home,449.42,true
3146,Product_3146,Home,222.96,true
3147,Product_3147,Electronics,185.07,true
3148,Product_3148,Clothing,205.06,true
3149,Product_3149,Electronics,235.9,true
3150,Product_3150,Electronics,313.11,true
3151,Product_3151,Electronics,59.88,true
3152,Product_3152,Electronics,431.35,true
3153,Product_3153,Clothing,485.95,true
3154,Product_3154,Clothing,55.22,true
3155,Product_3155,,277.48,true
3156,Product_3156,Electronics,228.33,true
3157,Product_3157,Home,373.83,false
3158,Product_3158,Electronics,494.15,true
3159,Product_3159,Clothing,47.41,true
3160,Product_3160,Electronics,350.76,true
3161,Product_3161,Home,465.33,true
3162,Product_3162,Home,61.53,true
3163,Product_3163,Electronics,53.99,true
3164,Product_3164,Electronics,231.11,true
3165,Product_3165,Clothing,210.85,true
3166,Product_3166,,215.1,true
3167,Product_3167,,187.65,true
3168,Product_3168,Electronics,425.9,false
3169,Product_3169,Clothing,311.03,true
3170,Product_3170,Home,173.72,true
3171,Product_3171,Electronics,360.07,true
3172,Product_3172,,331.61,true
3173,Product_3173,Electronics,16.78,true
3174,Product_3174,Clothing,185.83,true
3175,Product_3175,Home,44.59,true
3176,Product_3176,Electronics,264.26,true
3177,Product_3177,Electronics,473.41,true
3178,Product_3178,Electronics,77.44,false
3179,Product_3179,Electronics,416.11,true
3180,Product_3180,Home,422.08,true
3181,Product_3181,Clothing,187.44,true
3182,Product_3182,Home,432.88,true
3183,Product_3183,Electronics,200.1,true
3184,Product_3184,Home,499.39,true
3185,Product_3185,Clothing,434.27,false
3186,Product_3186,Home,362.65,true
3187,Product_3187,Electronics,489.55,true
3188,Product_3188,,141.01,false
3189,Product_3189,Electronics,142.71,true
3190,Product_3190,Clothing,66.69,true
3191,Product_3191,Clothing,281.34,false
3192,Product_3192,Electronics,474.15,true
3193,Product_3193,,258.2,true
3194,Product_3194,Electronics,460.01,true
3195,Product_3195,Electronics,118.17,true
3196,Product_3196,Clothing,58.85,true
3197,Product_3197,,450.86,true
3198,Product_3198,Home,24.79,true
3199,Product_3199,Home,349.85,true
3200,Product_3200,Electronics,300.11,true
3201,Product_3201,Electronics,488.95,true
3202,Product_3202,Clothing,87.88,true
3203,Product_3203,Electronics,388.7,true
3204,Product_3204,Electronics,60.56,true
3205,Product_3205,Clothing,446.19,true
3206,Product_3206,Electronics,202.48,false
3207,Product_3207,Electronics,382.57,true
3208,Product_3208,Clothing,269.7,true
3209,Product_3209,Home,170.44,true
3210,Product_3210,Electronics,396.61,true
3211,Product_3211,,22.53,true
3212,Product_3212,Home,47.29,false
3213,Product_3213,Home,311.89,true
3214,Product_3214,Electronics,285.25,true
3215,Product_3215,Electronics,298.44,true
3216,Product_3216,,361.16,false
3217,Product_3217,Electronics,183.84,true
3218,Product_3218,Electronics,75.58,true
3219,Product_3219,Clothing,96.32,true
3220,Product_3220,Electronics,221.85,true
3221,Product_3221,Clothing,108.11,true
3222,Product_3222,Electronics,381.97,true
3223,Product_3223,Electronics,75.07,true
3224,Product_3224,Electronics,165.04,true
3225,Product_3225,Electronics,88.64,true
3226,Product_3226,,217.24,true
3227,Product_3227,Home,463.9,true
3228,Product_3228,Electronics,426.92,false
3229,Product_3229,Electronics,420.84,false
3230,Product_3230,Home,185.08,true
3231,Product_3231,Clothing,183.51,true
3232,Product_3232,Electronics,406.64,false
3233,Product_3233,Electronics,354.56,true
3234,Product_3234,Electronics,329.81,true
3235,Product_3235,,180.94,true
3236,Product_3236,Home,466.74,true
3237,Product_3237,Clothing,110.96,true
3238,Product_3238,Electronics,99.35,true
3239,Product_3239,Electronics,336.13,true
3240,Product_3240,Clothing,39.5,true
3241,Product_3241,Home,82.77,true
3242,Product_3242,Electronics,300.52,true
3243,Product_3243,Home,105.83,true
3244,Product_3244,Home,93.24,true
3245,Product_3245,Clothing,178.49,true
3246,Product_3246,Electronics,262.8,true
3247,Product_3247,Electronics,38.04,true
3248,Product_3248,Home,50.96,true
3249,Product_3249,,365.2,true
3250,Product_3250,Electronics,339.61,true
3251,Product_3251,Home,286.64,true
3252,Product_3252,Clothing,347.82,true
3253,Product_3253,Clothing,79.3,false
3254,Product_3254,Home,264.34,true
3255,Product_3255,Electronics,94.56,true
3256,Product_3256,Electronics,429.35,true
3257,Product_3257,Electronics,159.09,true
3258,Product_3258,Home,123.67,true
3259,Product_3259,,391.42,true
3260,Product_3260,Home,86.55,false
3261,Product_3261,,395.15,false
3262,Product_3262,Home,364.38,true
3263,Product_3263,,265.6,true
3264,Product_3264,Clothing,175.3,false
3265,Product_3265,Home,345.35,false
3266,Product_3266,Clothing,20.35,true
3267,Product_3267,Home,480.51,true
3268,Product_3268,Home,216.43,true
3269,Product_3269,Electronics,43.81,true
3270,Product_3270,Electronics,425.82,true
3271,Product_3271,Home,480.39,true
3272,Product_3272,Electronics,74.82,true
3273,Product_3273,Clothing,150.2,true
3274,Product_3274,Clothing,113.93,true
3275,Product_3275,Electronics,362.33,true
3276,Product_3276,Electronics,58.93,false
3277,Product_3277,Clothing,264.01,true
3278,Product_3278,Home,79.44,true
3279,Product_3279,Home,291.9,true
3280,Product_3280,Clothing,454.22,true
3281,Product_3281,Electronics,58.61,true
3282,Product_3282,Clothing,157.85,true
3283,Product_3283,Electronics,34.8,true
3284,Product_3284,Home,146.62,true
3285,Product_3285,Clothing,32.84,true
3286,Product_3286,Electronics,477.32,true
3287,Product_3287,,396.63,true
3288,Product_3288,Clothing,41.79,true
3289,Product_3289,Clothing,459.93,false
3290,Product_3290,Home,117.21,false
3291,Product_3291,,185.75,false
3292,Product_3292,Home,148.59,true
3293,Product_3293,Electronics,496.45,true
3294,Product_3294,Electronics,254.43,true
3295,Product_3295,Clothing,462.75,true
3296,Product_3296,,132.15,false
3297,Product_3297,Clothing,393.63,true
3298,Product_3298,,378.56,false
3299,Product_3299,Electronics,35.45,true
3300,Product_3300,Electronics,69.73,false
3301,Product_3301,Electronics,391.2,true
3302,Product_3302,Home,174.98,true
3303,Product_3303,Electronics,235.2,true
3304,Product_3304,Electronics,139.44,true
3305,Product_3305,Electronics,86.28,true
3306,Product_3306,Home,156.86,true
3307,Product_3307,Clothing,332.22,true
3308,Product_3308,Home,486.75,true
3309,Product_3309,Home,245.05,true
3310,Product_3310,Clothing,254.77,true
3311,Product_3311,,160.97,true
3312,Product_3312,Electronics,269.74,true
3313,Product_3313,Home,13.45,false
3314,Product_3314,Clothing,150.78,true
3315,Product_3315,Clothing,337.19,true
3316,Product_3316,Electronics,461.25,false
3317,Product_3317,Home,442.51,false
3318,Product_3318,Clothing,64.68,true
3319,Product_3319,Electronics,431.82,true
3320,Product_3320,Electronics,313.67,true
3321,Product_3321,Clothing,476.13,true
3322,Product_3322,Clothing,122.37,true
3323,Product_3323,Electronics,438.84,false
3324,Product_3324,Electronics,339.91,true
3325,Product_3325,,127.41,true
3326,Product_3326,Clothing,41.81,false
3327,Product_3327,Electronics,342.22,true
3328,Product_3328,Clothing,386.3,true
3329,Product_3329,Clothing,362.92,true
3330,Product_3330,Clothing,166.19,true
3331,Product_3331,Electronics,276.99,true
3332,Product_3332,Electronics,381.02,false
3333,Product_3333,Electronics,85.36,true
3334,Product_3334,Clothing,207.99,false
3335,Product_3335,Electronics,179.93,true
3336,Product_3336,Electronics,292.31,true
3337,Product_3337,Electronics,133.74,true
3338,Product_3338,Electronics,97.08,true
3339,Product_3339,Electronics,95.71,true
3340,Product_3340,Clothing,247.91,true
3341,Product_3341,Clothing,266.07,false
3342,Product_3342,,378.91,false
3343,Product_3343,Home,220.08,true
3344,Product_3344,Electronics,230.02,true
3345,Product_3345,Electronics,467.88,true
3346,Product_3346,Electronics,278.38,false
3347,Product_3347,Home,449.96,true
3348,Product_3348,Home,256.02,true
3349,Product_3349,Electronics,87.65,true
3350,Product_3350,Clothing,115.93,true
3351,Product_3351,Home,288.92,true
3352,Product_3352,Clothing,388.94,true
3353,Product_3353,Electronics,77.32,true
3354,Product_3354,Electronics,473.37,true
3355,Product_3355,Clothing,94.24,true
3356,Product_3356,Electronics,430.18,true
3357,Product_3357,Home,197.82,true
3358,Product_3358,Clothing,25.07,false
3359,Product_3359,Clothing,379.97,true
3360,Product_3360,Electronics,479.52,false
3361,Product_3361,Electronics,164.66,true
3362,Product_3362,Electronics,355.79,true
3363,Product_3363,Clothing,224.14,true
3364,Product_3364,Electronics,10.11,true
3365,Product_3365,Clothing,159.69,true
3366,Product_3366,Clothing,34.46,true
3367,Product_3367,Clothing,336.21,true
3368,Product_3368,Clothing,335.81,true
3369,Product_3369,Clothing,212.14,true
3370,Product_3370,Home,17.85,true
3371,Product_3371,Electronics,477.77,true
3372,Product_3372,Clothing,284.34,true
3373,Product_3373,Home,305.12,false
3374,Product_3374,Clothing,58.82,true
3375,Product_3375,Clothing,168.02,false
3376,Product_3376,Electronics,144.97,true
3377,Product_3377,Electronics,43.5,true
3378,Product_3378,Electronics,20.1,true
3379,Product_3379,Electronics,489.09,true
3380,Product_3380,Home,193.91,true
3381,Product_3381,Electronics,426.33,true
3382,Product_3382,Electronics,117.65,true
3383,Product_3383,Home,176.66,true
3384,Product_3384,Home,362.23,true
3385,Product_3385,Clothing,464.78,true
3386,Product_3386,Electronics,495.19,true
3387,Product_3387,Electronics,486.05,true
3388,Product_3388,,462.94,true
3389,Product_3389,Clothing,237.11,true
3390,Product_3390,Electronics,280.08,true
3391,Product_3391,,274.13,true
3392,Product_3392,Clothing,127.43,true
3393,Product_3393,Electronics,180.03,true
3394,Product_3394,Electronics,213.84,true
3395,Product_3395,Home,315.92,true
3396,Product_3396,Clothing,118.38,true
3397,Product_3397,Electronics,65.99,true
3398,Product_3398,Clothing,460.73,true
3399,Product_3399,Clothing,112.73,true
3400,Product_3400,Electronics,205.19,true
3401,Product_3401,Clothing,83.75,true
3402,Product_3402,Electronics,261.82,true
3403,Product_3403,Electronics,281.88,true
3404,Product_3404,Electronics,55.4,true
3405,Product_3405,Home,273.75,true
3406,Product_3406,Electronics,47.78,true
3407,Product_3407,Clothing,139.56,true
3408,Product_3408,Electronics,469.42,true
3409,Product_3409,Clothing,360.58,true
3410,Product_3410,Electronics,310.57,true
3411,Product_3411,Electronics,164.66,true
3412,Product_3412,Home,406.02,true
3413,Product_3413,Electronics,457.0,true
3414,Product_3414,,437.75,true
3415,Product_3415,,125.93,true
3416,Product_3416,Home,79.15,true
3417,Product_3417,Electronics,403.65,true
3418,Product_3418,Electronics,407.79,true
3419,Product_3419,Clothing,426.32,true
3420,Product_3420,Clothing,93.83,true
3421,Product_3421,Clothing,365.3,true
3422,Product_3422,Clothing,238.87,false
3423,Product_3423,Home,487.74,true
3424,Product_3424,Clothing,14.16,true
3425,Product_3425,Clothing,439.07,true
3426,Product_3426,Clothing,39.17,true
3427,Product_3427,Electronics,188.36,true
3428,Product_3428,Electronics,56.85,true
3429,Product_3429,Home,193.16,true
3430,Product_3430,Clothing,360.67,true
3431,Product_3431,Electronics,495.53,true
3432,Product_3432,,126.29,true
3433,Product_3433,Electronics,201.72,true
3434,Product_3434,Home,291.28,true
3435,Product_3435,,433.89,true
3436,Product_3436,Clothing,383.32,false
3437,Product_3437,Electronics,370.95,true
3438,Product_3438,Clothing,446.21,true
3439,Product_3439,Home,283.79,true
3440,Product_3440,Home,116.74,true
3441,Product_3441,,210.32,true
3442,Product_3442,,278.21,true
3443,Product_3443,,188.0,true
3444,Product_3444,Electronics,370.7,true
3445,Product_3445,Home,45.53,false
3446,Product_3446,Home,272.76,true
3447,Product_3447,Electronics,481.7,true
3448,Product_3448,,466.5,true
3449,Product_3449,Electronics,119.81,true
3450,Product_3450,Home,153.19,true
3451,Product_3451,Clothing,298.37,true
3452,Product_3452,Electronics,408.7,true
3453,Product_3453,Clothing,357.03,true
3454,Product_3454,Electronics,181.16,true
3455,Product_3455,Electronics,409.74,true
3456,Product_3456,Electronics,235.53,true
3457,Product_3457,Home,408.48,true
3458,Product_3458,Home,435.26,true
3459,Product_3459,Electronics,145.72,true
3460,Product_3460,Electronics,360.1,true
3461,Product_3461,,156.09,true
3462,Product_3462,Clothing,206.42,true
3463,Product_3463,Clothing,466.93,true
3464,Product_3464,Electronics,354.56,true
3465,Product_3465,,50.29,true
3466,Product_3466,Electronics,268.33,true
3467,Product_3467,Electronics,131.71,false
3468,Product_3468,Electronics,163.62,true
3469,Product_3469,Electronics,496.78,true
3470,Product_3470,Clothing,340.56,true
3471,Product_3471,Clothing,394.84,true
3472,Product_3472,Electronics,174.65,true
3473,Product_3473,Clothing,115.95,true
3474,Product_3474,Clothing,195.83,true
3475,Product_3475,Home,371.07,true
3476,Product_3476,Clothing,22.15,true
3477,Product_3477,Electronics,463.67,true
3478,Product_3478,Clothing,447.35,true
3479,Product_3479,Electronics,357.74,true
3480,Product_3480,Home,292.22,true
3481,Product_3481,Clothing,272.37,true
3482,Product_3482,Electronics,407.33,true
3483,Product_3483,,15.52,true
3484,Product_3484,Clothing,200.22,true
3485,Product_3485,Electronics,339.77,true
3486,Product_3486,Electronics,496.56,true
3487,Product_3487,Electronics,269.19,true
3488,Product_3488,Electronics,389.95,true
3489,Product_3489,Electronics,120.84,true
3490,Product_3490,Home,270.13,true
3491,Product_3491,Electronics,199.46,true
3492,Product_3492,Clothing,24.82,false
3493,Product_3493,Electronics,70.85,true
3494,Product_3494,Clothing,458.6,true
3495,Product_3495,Electronics,351.18,true
3496,Product_3496,Electronics,422.35,true
3497,Product_3497,Home,250.76,true
3498,Product_3498,Electronics,38.2,true
3499,Product_3499,,99.58,true
3500,Product_3500,Electronics,90.23,true
3501,Product_3501,Electronics,34.19,true
3502,Product_3502,Clothing,165.2,true
3503,Product_3503,,497.92,true
3504,Product_3504,Clothing,39.18,true
3505,Product_3505,Home,119.04,true
3506,Product_3506,Electronics,379.24,true
3507,Product_3507,Electronics,316.01,true
3508,Product_3508,Electronics,264.26,true
3509,Product_3509,Home,317.37,true
3510,Product_3510,Clothing,81.72,true
3511,Product_3511,Home,61.83,true
3512,Product_3512,Electronics,241.57,true
3513,Product_3513,Home,59.66,true
3514,Product_3514,Electronics,202.68,true
3515,Product_3515,Clothing,224.03,true
3516,Product_3516,Electronics,317.82,true
3517,Product_3517,Home,140.68,true
3518,Product_3518,Electronics,415.3,true
3519,Product_3519,Clothing,242.3,true
3520,Product_3520,Electronics,178.47,false
3521,Product_3521,Clothing,308.84,true
3522,Product_3522,Clothing,482.58,true
3523,Product_3523,Home,316.27,false
3524,Product_3524,Electronics,254.26,false
3525,Product_3525,Electronics,209.92,true
3526,Product_3526,Electronics,267.94,true
3527,Product_3527,Clothing,173.67,true
3528,Product_3528,Electronics,316.24,true
3529,Product_3529,Clothing,33.77,true
3530,Product_3530,,476.25,true
3531,Product_3531,,416.84,true
3532,Product_3532,Electronics,336.65,true
3533,Product_3533,Electronics,381.63,true
3534,Product_3534,,360.31,false
3535,Product_3535,Electronics,145.22,true
3536,Product_3536,Clothing,111.7,true
3537,Product_3537,Home,99.75,true
3538,Product_3538,Clothing,48.56,true
3539,Product_3539,Home,380.31,true
3540,Product_3540,Clothing,310.85,true
3541,Product_3541,Electronics,259.35,true
3542,Product_3542,Clothing,117.0,true
3543,Product_3543,Electronics,49.69,true
3544,Product_3544,,263.16,true
3545,Product_3545,Electronics,469.88,true
3546,Product_3546,,272.82,true
3547,Product_3547,Clothing,258.73,true
3548,Product_3548,Electronics,238.33,true
3549,Product_3549,,385.42,true
3550,Product_3550,Clothing,256.01,true
3551,Product_3551,Electronics,385.56,true
3552,Product_3552,Electronics,346.65,true
3553,Product_3553,Electronics,281.1,true
3554,Product_3554,Home,426.49,true
3555,Product_3555,Clothing,342.0,false
3556,Product_3556,Electronics,28.38,true
3557,Product_3557,Clothing,333.09,true
3558,Product_3558,Electronics,497.82,true
3559,Product_3559,Electronics,460.46,false
3560,Product_3560,Electronics,219.28,true
3561,Product_3561,Clothing,440.32,false
3562,Product_3562,Electronics,58.25,true
3563,Product_3563,Clothing,86.84,true
3564,Product_3564,Electronics,197.4,true
3565,Product_3565,Electronics,93.97,true
3566,Product_3566,Clothing,246.39,true
3567,Product_3567,Electronics,104.22,true
3568,Product_3568,Home,148.68,false
3569,Product_3569,Electronics,88.14,true
3570,Product_3570,Home,328.23,true
3571,Product_3571,Clothing,173.04,true
3572,Product_3572,Electronics,441.24,true
3573,Product_3573,Clothing,385.56,true
3574,Product_3574,Clothing,128.73,true
3575,Product_3575,Electronics,341.9,true
3576,Product_3576,Clothing,332.41,false
3577,Product_3577,Electronics,366.29,true
3578,Product_3578,Home,351.21,false
3579,Product_3579,Electronics,83.52,true
3580,Product_3580,Home,446.93,true
3581,Product_3581,Electronics,209.71,true
3582,Product_3582,Home,244.81,true
3583,Product_3583,Electronics,24.26,true
3584,Product_3584,Clothing,269.76,true
3585,Product_3585,Home,347.15,false
3586,Product_3586,Electronics,363.7,true
3587,Product_3587,,84.41,true
3588,Product_3588,Electronics,67.99,true
3589,Product_3589,Electronics,365.11,false
3590,Product_3590,Home,159.56,true
3591,Product_3591,Home,51.63,true
3592,Product_3592,Clothing,56.68,false
3593,Product_3593,,188.94,true
3594,Product_3594,Electronics,218.43,true
3595,Product_3595,Home,485.42,true
3596,Product_3596,Clothing,345.9,true
3597,Product_3597,Home,94.21,true
3598,Product_3598,Clothing,443.87,true
3599,Product_3599,Clothing,32.37,true
3600,Product_3600,Electronics,472.17,false
3601,Product_3601,Home,461.55,true
3602,Product_3602,Home,368.32,true
3603,Product_3603,Home,421.24,true
3604,Product_3604,Electronics,137.94,true
3605,Product_3605,Electronics,475.7,true
3606,Product_3606,Clothing,320.85,false
3607,Product_3607,Electronics,360.53,true
3608,Product_3608,Electronics,378.73,true
3609,Product_3609,Electronics,13.23,true
3610,Product_3610,,368.68,true
3611,Product_3611,Electronics,403.53,true
3612,Product_3612,Electronics,342.79,true
3613,Product_3613,Clothing,277.92,true
3614,Product_3614,Clothing,231.14,true
3615,Product_3615,Clothing,353.74,true
3616,Product_3616,Clothing,156.96,true
3617,Product_3617,Electronics,489.51,false
3618,Product_3618,Home,154.28,true
3619,Product_3619,Home,332.13,true
3620,Product_3620,Home,386.82,false
3621,Product_3621,Clothing,143.7,true
3622,Product_3622,Electronics,85.52,true
3623,Product_3623,Clothing,489.58,true
3624,Product_3624,,251.24,true
3625,Product_3625,Clothing,400.91,true
3626,Product_3626,Clothing,238.32,true
3627,Product_3627,Clothing,240.92,true
3628,Product_3628,Clothing,109.64,true
3629,Product_3629,Home,485.26,true
3630,Product_3630,Home,403.39,true
3631,Product_3631,Clothing,386.82,true
3632,Product_3632,Clothing,369.68,true
3633,Product_3633,Home,268.58,false
3634,Product_3634,Electronics,295.51,true
3635,Product_3635,Home,477.72,true
3636,Product_3636,Electronics,141.54,true
3637,Product_3637,Home,40.04,false
3638,Product_3638,Electronics,430.38,true
3639,Product_3639,Electronics,61.8,true
3640,Product_3640,Electronics,403.3,false
3641,Product_3641,Electronics,422.43,true
3642,Product_3642,Home,66.93,true
3643,Product_3643,Clothing,244.85,true
3644,Product_3644,Electronics,230.66,true
3645,Product_3645,Electronics,348.69,true
3646,Product_3646,Electronics,388.23,true
3647,Product_3647,Clothing,208.42,true
3648,Product_3648,Electronics,56.84,true
3649,Product_3649,Clothing,335.48,true
3650,Product_3650,Clothing,285.27,true
3651,Product_3651,Clothing,332.64,true
3652,Product_3652,Home,316.71,true
3653,Product_3653,Clothing,175.62,true
3654,Product_3654,Electronics,384.25,true
3655,Product_3655,Clothing,125.89,true
3656,Product_3656,Home,114.5,true
3657,Product_3657,Home,359.71,true
3658,Product_3658,Home,417.27,true
3659,Product_3659,Home,267.32,true
3660,Product_3660,Home,202.99,true
3661,Product_3661,Home,171.27,true
3662,Product_3662,,12.39,true
3663,Product_3663,Home,213.67,true
3664,Product_3664,Home,215.06,true
3665,Product_3665,Electronics,475.36,true
3666,Product_3666,Home,229.99,true
3667,Product_3667,,67.87,true
3668,Product_3668,Electronics,192.47,true
3669,Product_3669,,414.49,true
3670,Product_3670,Clothing,116.21,true
3671,Product_3671,Electronics,218.17,true
3672,Product_3672,Clothing,178.54,true
3673,Product_3673,Electronics,347.5,true
3674,Product_3674,Clothing,187.9,true
3675,Product_3675,Home,450.0,true
3676,Product_3676,Clothing,487.67,true
3677,Product_3677,,47.33,true
3678,Product_3678,,99.31,true
3679,Product_3679,Electronics,64.92,true
3680,Product_3680,Home,285.65,true
3681,Product_3681,Clothing,472.34,true
3682,Product_3682,Clothing,442.42,true
3683,Product_3683,Home,464.29,true
3684,Product_3684,Electronics,134.01,true
3685,Product_3685,Home,194.28,true
3686,Product_3686,Clothing,94.97,true
3687,Product_3687,Electronics,337.3,true
3688,Product_3688,Electronics,156.91,true
3689,Product_3689,Clothing,488.27,true
3690,Product_3690,Electronics,106.05,false
3691,Product_3691,Clothing,254.92,false
3692,Product_3692,Home,459.38,true
3693,Product_3693,Clothing,479.4,true
3694,Product_3694,Electronics,139.94,false
3695,Product_3695,Clothing,396.71,true
3696,Product_3696,Electronics,317.26,true
3697,Product_3697,Clothing,143.21,true
3698,Product_3698,Electronics,372.93,true
3699,Product_3699,Electronics,302.28,false
3700,Product_3700,,420.49,true
3701,Product_3701,Electronics,131.28,true
3702,Product_3702,Home,400.95,true
3703,Product_3703,,231.85,true
3704,Product_3704,Clothing,347.99,true
3705,Product_3705,Electronics,217.41,true
3706,Product_3706,Clothing,453.02,true
3707,Product_3707,Home,330.46,true
3708,Product_3708,Clothing,160.79,true
3709,Product_3709,,387.54,true
3710,Product_3710,Electronics,114.82,true
3711,Product_3711,Home,254.41,true
3712,Product_3712,Home,316.5,true
3713,Product_3713,Electronics,28.1,true
3714,Product_3714,Clothing,282.64,true
3715,Product_3715,Electronics,244.38,true
3716,Product_3716,,135.55,true
3717,Product_3717,Electronics,94.43,true
3718,Product_3718,Electronics,329.54,true
3719,Product_3719,Clothing,278.18,true
3720,Product_3720,Home,150.1,false
3721,Product_3721,Clothing,418.82,true
3722,Product_3722,Home,186.09,true
3723,Product_3723,,235.4,true
3724,Product_3724,Home,107.04,true
3725,Product_3725,,210.86,true
3726,Product_3726,Home,412.86,true
3727,Product_3727,,487.8,true
3728,Product_3728,Clothing,474.47,false
3729,Product_3729,Clothing,56.55,true
3730,Product_3730,Electronics,162.57,true
3731,Product_3731,Electronics,416.52,true
3732,Product_3732,Electronics,154.61,false
3733,Product_3733,Electronics,69.28,true
3734,Product_3734,,206.2,true
3735,Product_3735,,351.18,true
3736,Product_3736,Clothing,277.42,true
3737,Product_3737,Electronics,364.37,true
3738,Product_3738,Electronics,189.52,true
3739,Product_3739,Electronics,432.28,true
3740,Product_3740,Electronics,195.8,true
3741,Product_3741,Clothing,275.53,true
3742,Product_3742,Electronics,367.42,true
3743,Product_3743,Home,104.34,true
3744,Product_3744,Home,389.86,true
3745,Product_3745,Home,264.83,true
3746,Product_3746,Clothing,74.89,false
3747,Product_3747,Electronics,170.14,true
3748,Product_3748,Home,54.63,true
3749,Product_3749,Home,200.4,true
3750,Product_3750,Electronics,95.55,true
3751,Product_3751,Clothing,29.5,true
3752,Product_3752,Electronics,330.58,true
3753,Product_3753,Clothing,240.42,true
3754,Product_3754,Electronics,58.74,true
3755,Product_3755,Home,403.84,false
3756,Product_3756,Electronics,471.58,true
3757,Product_3757,Clothing,356.08,true
3758,Product_3758,Clothing,122.18,true
3759,Product_3759,Clothing,492.05,true
3760,Product_3760,Home,128.61,true
3761,Product_3761,Electronics,20.52,true
3762,Product_3762,,357.41,true
3763,Product_3763,Electronics,117.29,true
3764,Product_3764,Clothing,207.9,true
3765,Product_3765,Electronics,433.44,true
3766,Product_3766,Home,132.96,true
3767,Product_3767,Electronics,416.48,true
3768,Product_3768,,358.99,true
3769,Product_3769,Electronics,213.45,true
3770,Product_3770,Home,220.88,true
3771,Product_3771,Clothing,123.47,true
3772,Product_3772,Home,26.11,true
3773,Product_3773,Clothing,51.86,true
3774,Product_3774,Electronics,348.97,true
3775,Product_3775,Clothing,280.28,true
3776,Product_3776,Electronics,136.28,true
3777,Product_3777,Clothing,155.66,true
3778,Product_3778,Home,447.09,true
3779,Product_3779,Electronics,199.56,true
3780,Product_3780,Home,187.49,true
3781,Product_3781,Clothing,333.09,true
3782,Product_3782,Electronics,151.53,true
3783,Product_3783,Clothing,361.92,true
3784,Product_3784,Electronics,19.89,true
3785,Product_3785,Clothing,300.05,false
3786,Product_3786,Clothing,275.32,false
3787,Product_3787,Home,115.64,true
3788,Product_3788,,152.3,true
3789,Product_3789,Home,71.7,true
3790,Product_3790,Clothing,72.39,true
3791,Product_3791,Clothing,274.55,true
3792,Product_3792,Electronics,128.81,true
3793,Product_3793,Home,196.76,true
3794,Product_3794,Electronics,151.79,true
3795,Product_3795,Electronics,498.17,true
3796,Product_3796,,433.45,true
3797,Product_3797,Clothing,231.39,true
3798,Product_3798,Electronics,163.72,true
3799,Product_3799,Electronics,489.88,true
3800,Product_3800,Electronics,411.51,true
3801,Product_3801,Clothing,97.49,true
3802,Product_3802,Clothing,446.35,true
3803,Product_3803,,142.8,true
3804,Product_3804,Clothing,358.79,true
3805,Product_3805,Electronics,168.51,true
3806,Product_3806,Home,291.08,true
3807,Product_3807,Electronics,116.93,true
3808,Product_3808,Clothing,57.1,true
3809,Product_3809,Home,304.17,true
3810,Product_3810,Home,371.0,false
3811,Product_3811,Clothing,255.23,true
3812,Product_3812,,305.42,true
3813,Product_3813,Clothing,111.35,true
3814,Product_3814,Home,272.93,true
3815,Product_3815,,68.14,true
3816,Product_3816,Clothing,227.17,true
3817,Product_3817,Clothing,315.24,true
3818,Product_3818,Clothing,205.37,true
3819,Product_3819,Electronics,439.11,true
3820,Product_3820,Home,447.25,true
3821,Product_3821,Electronics,115.96,true
3822,Product_3822,Electronics,324.98,true
3823,Product_3823,Clothing,272.88,true
3824,Product_3824,Electronics,119.88,true
3825,Product_3825,Electronics,393.35,false
3826,Product_3826,,451.88,true
3827,Product_3827,Clothing,363.01,false
3828,Product_3828,Home,196.01,true
3829,Product_3829,Clothing,436.91,true
3830,Product_3830,Electronics,68.62,true
3831,Product_3831,Clothing,482.91,true
3832,Product_3832,Electronics,425.01,false
3833,Product_3833,Clothing,403.54,true
3834,Product_3834,Clothing,65.97,true
3835,Product_3835,Clothing,25.09,false
3836,Product_3836,Clothing,158.29,true
3837,Product_3837,Electronics,395.78,true
3838,Product_3838,Home,468.12,true
3839,Product_3839,Electronics,374.89,true
3840,Product_3840,Home,49.72,true
3841,Product_3841,Electronics,455.05,true
3842,Product_3842,Clothing,367.45,true
3843,Product_3843,Electronics,230.95,true
3844,Product_3844,Electronics,244.66,true
3845,Product_3845,Clothing,154.35,true
3846,Product_3846,Electronics,144.74,true
3847,Product_3847,Electronics,428.32,true
3848,Product_3848,,428.94,true
3849,Product_3849,Clothing,318.68,true
3850,Product_3850,,87.93,true
3851,Product_3851,Clothing,380.31,true
3852,Product_3852,Home,123.29,true
3853,Product_3853,Clothing,94.11,true
3854,Product_3854,Electronics,280.39,true
3855,Product_3855,,81.34,true
3856,Product_3856,Home,29.81,true
3857,Product_3857,,264.66,true
3858,Product_3858,Electronics,466.07,true
3859,Product_3859,Clothing,158.71,false
3860,Product_3860,Electronics,485.81,true
3861,Product_3861,Home,326.26,true
3862,Product_3862,Home,181.28,true
3863,Product_3863,Electronics,492.15,true
3864,Product_3864,Clothing,346.21,true
3865,Product_3865,Clothing,355.17,true
3866,Product_3866,Electronics,161.22,true
3867,Product_3867,Clothing,409.77,true
3868,Product_3868,Electronics,373.48,true
3869,Product_3869,Clothing,57.03,true
3870,Product_3870,Electronics,495.45,false
3871,Product_3871,Clothing,206.99,true
3872,Product_3872,Home,79.87,true
3873,Product_3873,Clothing,200.22,true
3874,Product_3874,Home,275.79,true
3875,Product_3875,Clothing,166.46,true
3876,Product_3876,Home,257.89,false
3877,Product_3877,Electronics,187.43,true
3878,Product_3878,Electronics,131.66,true
3879,Product_3879,Electronics,226.49,true
3880,Product_3880,Clothing,445.53,true
3881,Product_3881,Clothing,69.9,true
3882,Product_3882,Home,124.89,true
3883,Product_3883,Electronics,361.02,true
3884,Product_3884,Clothing,238.25,true
3885,Product_3885,,107.34,true
3886,Product_3886,Electronics,101.55,false
3887,Product_3887,Clothing,96.89,true
3888,Product_3888,Clothing,236.26,true
3889,Product_3889,Home,384.66,true
3890,Product_3890,Clothing,282.65,true
3891,Product_3891,,36.48,true
3892,Product_3892,Electronics,430.82,true
3893,Product_3893,Clothing,468.81,true
3894,Product_3894,Clothing,141.28,true
3895,Product_3895,Clothing,419.37,false
3896,Product_3896,Electronics,168.14,true
3897,Product_3897,Clothing,64.2,true
3898,Product_3898,Electronics,71.8,true
3899,Product_3899,Electronics,207.54,true
3900,Product_3900,Electronics,415.04,true
3901,Product_3901,Clothing,415.19,true
3902,Product_3902,Clothing,185.35,true
3903,Product_3903,Clothing,165.76,false
3904,Product_3904,Electronics,379.22,true
3905,Product_3905,Home,311.7,true
3906,Product_3906,Electronics,375.76,true
3907,Product_3907,Clothing,93.45,true
3908,Product_3908,Electronics,83.53,true
3909,Product_3909,Electronics,102.99,true
3910,Product_3910,Home,452.71,true
3911,Product_3911,Clothing,86.35,true
3912,Product_3912,Clothing,268.53,true
3913,Product_3913,Clothing,307.56,true
3914,Product_3914,Electronics,247.82,true
3915,Product_3915,Clothing,407.74,true
3916,Product_3916,Home,449.0,true
3917,Product_3917,Clothing,365.85,true
3918,Product_3918,Electronics,143.25,true
3919,Product_3919,Electronics,224.08,true
3920,Product_3920,Clothing,143.9,false
3921,Product_3921,Clothing,151.36,true
3922,Product_3922,Clothing,192.19,true
3923,Product_3923,Electronics,413.46,true
3924,Product_3924,Electronics,235.38,true
3925,Product_3925,Home,292.18,true
3926,Product_3926,Clothing,31.15,true
3927,Product_3927,Clothing,165.16,true
3928,Product_3928,Clothing,319.77,true
3929,Product_3929,Electronics,460.33,true
3930,Product_3930,Electronics,346.17,true
3931,Product_3931,Electronics,286.11,true
3932,Product_3932,Clothing,242.89,true
3933,Product_3933,Electronics,453.4,true
3934,Product_3934,Home,132.47,true
3935,Product_3935,Electronics,247.84,true
3936,Product_3936,Electronics,122.75,true
3937,Product_3937,Home,469.86,true
3938,Product_3938,Home,332.85,true
3939,Product_3939,Electronics,64.83,true
3940,Product_3940,Electronics,147.89,true
3941,Product_3941,Electronics,130.5,true
3942,Product_3942,Electronics,68.35,true
3943,Product_3943,Clothing,451.08,true
3944,Product_3944,Electronics,22.38,true
3945,Product_3945,Electronics,30.5,true
3946,Product_3946,Home,444.7,true
3947,Product_3947,,278.08,true
3948,Product_3948,Electronics,322.75,true
3949,Product_3949,Electronics,87.4,true
3950,Product_3950,Clothing,447.08,true
3951,Product_3951,Home,129.96,true
3952,Product_3952,Clothing,301.53,true
3953,Product_3953,Clothing,425.85,true
3954,Product_3954,Clothing,310.05,true
3955,Product_3955,Electronics,287.12,true
3956,Product_3956,Electronics,186.37,true
3957,Product_3957,,166.93,true
3958,Product_3958,Clothing,378.49,true
3959,Product_3959,Home,114.25,true
3960,Product_3960,Electronics,177.76,true
3961,Product_3961,Electronics,123.28,false
3962,Product_3962,Electronics,485.05,true
3963,Product_3963,Electronics,214.15,true
3964,Product_3964,Electronics,191.94,false
3965,Product_3965,Electronics,446.07,true
3966,Product_3966,Electronics,286.04,true
3967,Product_3967,Clothing,87.76,true
3968,Product_3968,Home,466.35,true
3969,Product_3969,Home,396.6,true
3970,Product_3970,Electronics,111.16,false
3971,Product_3971,Clothing,200.36,true
3972,Product_3972,Home,230.83,true
3973,Product_3973,Home,365.82,true
3974,Product_3974,Electronics,287.16,true
3975,Product_3975,Clothing,211.55,true
3976,Product_3976,,350.29,true
3977,Product_3977,Home,79.77,true
3978,Product_3978,Electronics,212.27,true
3979,Product_3979,Home,92.16,true
3980,Product_3980,Home,349.13,true
3981,Product_3981,Clothing,400.83,true
3982,Product_3982,,355.43,true
3983,Product_3983,Clothing,206.85,true
3984,Product_3984,Electronics,126.72,true
3985,Product_3985,Home,309.36,true
3986,Product_3986,Electronics,21.38,true
3987,Product_3987,Home,336.09,true
3988,Product_3988,,383.86,true
3989,Product_3989,,262.5,false
3990,Product_3990,Electronics,261.72,true
3991,Product_3991,Clothing,17.55,true
3992,Product_3992,Clothing,309.86,true
3993,Product_3993,Home,209.33,true
3994,Product_3994,Electronics,182.63,true
3995,Product_3995,Clothing,20.44,true
3996,Product_3996,Home,443.53,true
3997,Product_3997,Clothing,150.52,true
3998,Product_3998,Clothing,485.69,true
3999,Product_3999,Electronics,39.05,true
4000,Product_4000,Electronics,230.98,true
4001,Product_4001,,56.46,true
4002,Product_4002,Electronics,85.6,false
4003,Product_4003,Clothing,160.93,true
4004,Product_4004,Electronics,203.8,true
4005,Product_4005,Electronics,277.62,false
4006,Product_4006,Electronics,202.22,true
4007,Product_4007,Electronics,169.32,false
4008,Product_4008,Clothing,56.82,true
4009,Product_4009,Home,387.3,true
4010,Product_4010,Electronics,197.6,true
4011,Product_4011,Electronics,264.5,true
4012,Product_4012,Electronics,494.08,true
4013,Product_4013,,84.25,false
4014,Product_4014,Electronics,341.91,true
4015,Product_4015,Electronics,158.64,true
4016,Product_4016,Electronics,297.0,true
4017,Product_4017,Electronics,26.75,true
4018,Product_4018,Electronics,276.95,true
4019,Product_4019,Clothing,472.94,true
4020,Product_4020,Clothing,95.29,true
4021,Product_4021,Electronics,294.92,true
4022,Product_4022,Home,203.91,true
4023,Product_4023,Home,113.28,true
4024,Product_4024,,111.38,true
4025,Product_4025,Clothing,485.79,true
4026,Product_4026,Electronics,165.33,true
4027,Product_4027,Home,87.18,true
4028,Product_4028,Clothing,31.51,false
4029,Product_4029,Clothing,198.19,true
4030,Product_4030,Electronics,87.76,true
4031,Product_4031,Electronics,204.62,true
4032,Product_4032,Electronics,108.81,false
4033,Product_4033,Electronics,232.95,true
4034,Product_4034,Home,129.23,true
4035,Product_4035,Electronics,165.62,true
4036,Product_4036,Electronics,254.63,true
4037,Product_4037,Home,140.16,true
4038,Product_4038,Electronics,187.22,true
4039,Product_4039,Clothing,209.89,true
4040,Product_4040,Clothing,76.26,true
4041,Product_4041,Clothing,225.19,true
4042,Product_4042,Clothing,240.37,true
4043,Product_4043,Electronics,395.61,true
4044,Product_4044,Clothing,255.69,true
4045,Product_4045,Electronics,400.68,true
4046,Product_4046,Clothing,71.81,true
4047,Product_4047,Clothing,87.06,true
4048,Product_4048,,273.58,true
4049,Product_4049,Home,228.72,true
4050,Product_4050,Electronics,162.15,true
4051,Product_4051,Home,57.91,false
4052,Product_4052,Electronics,55.91,true
4053,Product_4053,,151.87,false
4054,Product_4054,,460.26,true
4055,Product_4055,Electronics,371.82,true
4056,Product_4056,Electronics,140.0,true
4057,Product_4057,Electronics,81.29,true
4058,Product_4058,Home,390.64,false
4059,Product_4059,Clothing,355.59,true
4060,Product_4060,,364.1,true
4061,Product_4061,Electronics,487.18,true
4062,Product_4062,Electronics,136.62,true
4063,Product_4063,Clothing,51.32,true
4064,Product_4064,Electronics,39.17,true
4065,Product_4065,Clothing,113.19,true
4066,Product_4066,Electronics,72.6,true
4067,Product_4067,Electronics,210.36,true
4068,Product_4068,Electronics,189.98,true
4069,Product_4069,Home,375.28,true
4070,Product_4070,Electronics,297.77,true
4071,Product_4071,Electronics,420.98,true
4072,Product_4072,Electronics,180.32,true
4073,Product_4073,Electronics,258.43,true
4074,Product_4074,Electronics,142.92,true
4075,Product_4075,Home,450.0,true
4076,Product_4076,Electronics,375.11,true
4077,Product_4077,Electronics,177.03,true
4078,Product_4078,Home,90.41,true
4079,Product_4079,Clothing,372.25,true
4080,Product_4080,Home,221.9,true
4081,Product_4081,Electronics,319.31,true
4082,Product_4082,Electronics,330.93,true
4083,Product_4083,,24.98,true
4084,Product_4084,Electronics,437.45,true
4085,Product_4085,Clothing,317.48,true
4086,Product_4086,Home,64.8,true
4087,Product_4087,,286.23,true
4088,Product_4088,Electronics,201.86,true
4089,Product_4089,Clothing,166.0,true
4090,Product_4090,Home,290.51,false
4091,Product_4091,,201.58,true
4092,Product_4092,Home,248.99,true
4093,Product_4093,Clothing,208.64,false
4094,Product_4094,Home,240.49,true
4095,Product_4095,Electronics,100.79,true
4096,Product_4096,Clothing,126.37,false
4097,Product_4097,Home,239.64,true
4098,Product_4098,Clothing,418.35,true
4099,Product_4099,,79.23,true
4100,Product_4100,Home,406.95,true
4101,Product_4101,Electronics,370.18,true
4102,Product_4102,Clothing,300.72,true
4103,Product_4103,Clothing,71.24,true
4104,Product_4104,Home,499.44,false
4105,Product_4105,Electronics,427.14,true
4106,Product_4106,,182.78,true
4107,Product_4107,Clothing,367.53,false
4108,Product_4108,Home,248.73,true
4109,Product_4109,Clothing,373.57,true
4110,Product_4110,Clothing,131.45,true
4111,Product_4111,Home,173.41,true
4112,Product_4112,Electronics,454.68,true
4113,Product_4113,Home,214.56,true
4114,Product_4114,,28.38,true
4115,Product_4115,Home,65.08,false
4116,Product_4116,,14.91,true
4117,Product_4117,Clothing,435.17,false
4118,Product_4118,Electronics,338.52,true
4119,Product_4119,Home,383.79,false
4120,Product_4120,Home,177.24,true
4121,Product_4121,Electronics,187.35,false
4122,Product_4122,Electronics,313.28,true
4123,Product_4123,Clothing,473.75,true
4124,Product_4124,Electronics,350.06,true
4125,Product_4125,Electronics,122.82,false
4126,Product_4126,Clothing,62.11,true
4127,Product_4127,Electronics,410.94,true
4128,Product_4128,Home,422.27,true
4129,Product_4129,Clothing,302.07,true
4130,Product_4130,Clothing,24.39,true
4131,Product_4131,Electronics,267.69,true
4132,Product_4132,Home,439.0,true
4133,Product_4133,Home,172.18,true
4134,Product_4134,Clothing,394.7,true
4135,Product_4135,Electronics,58.4,true
4136,Product_4136,Clothing,491.41,true
4137,Product_4137,Clothing,476.71,true
4138,Product_4138,Electronics,304.82,true
4139,Product_4139,Electronics,186.98,true
4140,Product_4140,Home,95.55,false
4141,Product_4141,Electronics,187.23,false
4142,Product_4142,Electronics,238.8,true
4143,Product_4143,Electronics,499.06,true
4144,Product_4144,Electronics,358.1,true
4145,Product_4145,Clothing,430.04,true
4146,Product_4146,Electronics,133.4,true
4147,Product_4147,Clothing,110.57,true
4148,Product_4148,Clothing,440.87,true
4149,Product_4149,Home,253.84,false
4150,Product_4150,Electronics,132.45,true
4151,Product_4151,Electronics,120.35,true
4152,Product_4152,,346.59,true
4153,Product_4153,Electronics,294.25,true
4154,Product_4154,Clothing,90.44,true
4155,Product_4155,Clothing,394.47,true
4156,Product_4156,Home,231.06,true
4157,Product_4157,Home,57.84,true
4158,Product_4158,Electronics,263.47,true
4159,Product_4159,Clothing,487.48,false
4160,Product_4160,Electronics,16.61,true
4161,Product_4161,Electronics,471.09,true
4162,Product_4162,Home,119.59,true
4163,Product_4163,,367.72,true
4164,Product_4164,Home,470.42,true
4165,Product_4165,Electronics,12.26,true
4166,Product_4166,Electronics,282.84,true
4167,Product_4167,Clothing,96.67,true
4168,Product_4168,Electronics,80.8,true
4169,Product_4169,Electronics,243.51,false
4170,Product_4170,Clothing,169.98,true
4171,Product_4171,Clothing,474.26,false
4172,Product_4172,Electronics,34.85,true
4173,Product_4173,Electronics,32.58,true
4174,Product_4174,Home,11.84,true
4175,Product_4175,Home,80.05,true
4176,Product_4176,Clothing,162.83,true
4177,Product_4177,,230.82,true
4178,Product_4178,Clothing,130.06,true
4179,Product_4179,Home,64.32,true
4180,Product_4180,Clothing,136.87,true
4181,Product_4181,Clothing,283.12,true
4182,Product_4182,Home,343.12,true
4183,Product_4183,Electronics,43.09,true
4184,Product_4184,Home,491.12,true
4185,Product_4185,Electronics,257.94,false
4186,Product_4186,Clothing,42.59,true
4187,Product_4187,,462.05,false
4188,Product_4188,Home,131.0,true
4189,Product_4189,Clothing,437.6,true
4190,Product_4190,Electronics,94.18,true
4191,Product_4191,Home,329.85,true
4192,Product_4192,Electronics,266.51,true
4193,Product_4193,Clothing,24.45,true
4194,Product_4194,Electronics,251.77,true
4195,Product_4195,,129.08,false
4196,Product_4196,Clothing,234.74,true
4197,Product_4197,Electronics,462.81,true
4198,Product_4198,Clothing,186.07,true
4199,Product_4199,Electronics,121.69,true
4200,Product_4200,Electronics,106.49,true
4201,Product_4201,Electronics,434.73,true
4202,Product_4202,Home,107.38,true
4203,Product_4203,Clothing,312.72,true
4204,Product_4204,Home,326.34,false
4205,Product_4205,Electronics,454.53,true
4206,Product_4206,Home,161.04,true
4207,Product_4207,Electronics,215.5,true
4208,Product_4208,Electronics,84.84,true
4209,Product_4209,Clothing,102.87,true
4210,Product_4210,Clothing,313.54,true
4211,Product_4211,Electronics,49.96,true
4212,Product_4212,Clothing,294.05,true
4213,Product_4213,Home,233.7,true
4214,Product_4214,Home,474.19,true
4215,Product_4215,,243.14,true
4216,Product_4216,Clothing,102.63,true
4217,Product_4217,Home,262.08,true
4218,Product_4218,Home,67.4,true
4219,Product_4219,Home,324.93,false
4220,Product_4220,Electronics,175.1,true
4221,Product_4221,,333.26,false
4222,Product_4222,,389.94,true
4223,Product_4223,Electronics,444.59,false
4224,Product_4224,,275.32,true
4225,Product_4225,Electronics,375.73,true
4226,Product_4226,,415.05,false
4227,Product_4227,Electronics,235.14,true
4228,Product_4228,Electronics,224.44,true
4229,Product_4229,Electronics,467.59,true
4230,Product_4230,Electronics,19.02,true
4231,Product_4231,Clothing,374.37,true
4232,Product_4232,Clothing,445.46,true
4233,Product_4233,Clothing,249.36,true
4234,Product_4234,Clothing,426.66,true
4235,Product_4235,Electronics,293.22,true
4236,Product_4236,Home,253.09,true
4237,Product_4237,,390.13,false
4238,Product_4238,Electronics,38.87,true
4239,Product_4239,Electronics,150.22,true
4240,Product_4240,Clothing,227.7,true
4241,Product_4241,Home,20.24,false
4242,Product_4242,Electronics,495.15,false
4243,Product_4243,,476.05,true
4244,Product_4244,Clothing,312.31,true
4245,Product_4245,Electronics,380.36,false
4246,Product_4246,Clothing,259.55,true
4247,Product_4247,Electronics,354.55,true
4248,Product_4248,Home,276.63,true
4249,Product_4249,Electronics,242.63,true
4250,Product_4250,Electronics,288.61,true
4251,Product_4251,Home,64.46,true
4252,Product_4252,Electronics,477.87,true
4253,Product_4253,Clothing,103.33,true
4254,Product_4254,Electronics,495.13,true
4255,Product_4255,Home,344.29,true
4256,Product_4256,Clothing,429.29,true
4257,Product_4257,Home,181.97,true
4258,Product_4258,Clothing,380.74,true
4259,Product_4259,Home,12.84,true
4260,Product_4260,Clothing,291.78,true
4261,Product_4261,Clothing,487.32,true
4262,Product_4262,Electronics,91.81,true
4263,Product_4263,Electronics,311.29,true
4264,Product_4264,Clothing,275.99,true
4265,Product_4265,,151.6,true
4266,Product_4266,Electronics,16.26,true
4267,Product_4267,Electronics,211.69,false
4268,Product_4268,Clothing,185.44,true
4269,Product_4269,Electronics,396.07,true
4270,Product_4270,Electronics,388.25,false
4271,Product_4271,Home,148.4,true
4272,Product_4272,Home,146.11,true
4273,Product_4273,Clothing,306.67,true
4274,Product_4274,Electronics,83.71,true
4275,Product_4275,Electronics,186.41,true
4276,Product_4276,Electronics,37.5,true
4277,Product_4277,,439.57,true
4278,Product_4278,Electronics,227.99,true
4279,Product_4279,Electronics,432.25,true
4280,Product_4280,Clothing,227.66,true
4281,Product_4281,Electronics,482.86,true
4282,Product_4282,Electronics,109.66,false
4283,Product_4283,Electronics,26.37,true
4284,Product_4284,Clothing,379.78,true
4285,Product_4285,Home,315.35,true
4286,Product_4286,Electronics,95.28,true
4287,Product_4287,Electronics,490.09,true
4288,Product_4288,Home,200.52,true
4289,Product_4289,Electronics,197.56,true
4290,Product_4290,Home,367.81,true
4291,Product_4291,Clothing,436.1,true
4292,Product_4292,Clothing,330.42,true
4293,Product_4293,Electronics,417.01,true
4294,Product_4294,Electronics,239.5,true
4295,Product_4295,Electronics,260.16,true
4296,Product_4296,Clothing,316.12,true
4297,Product_4297,Clothing,436.21,true
4298,Product_4298,Clothing,98.0,false
4299,Product_4299,Electronics,486.18,true
4300,Product_4300,Home,373.84,true
4301,Product_4301,Clothing,20.16,true
4302,Product_4302,Clothing,317.7,true
4303,Product_4303,Clothing,108.26,false
4304,Product_4304,Electronics,130.91,true
4305,Product_4305,Electronics,105.47,true
4306,Product_4306,Electronics,137.54,true
4307,Product_4307,,156.63,true
4308,Product_4308,Electronics,332.01,true
4309,Product_4309,Electronics,258.54,true
4310,Product_4310,Electronics,58.71,true
4311,Product_4311,Clothing,103.81,false
4312,Product_4312,Electronics,64.34,true
4313,Product_4313,Electronics,258.85,false
4314,Product_4314,Clothing,318.94,true
4315,Product_4315,Electronics,49.34,true
4316,Product_4316,Electronics,419.09,true
4317,Product_4317,Clothing,291.44,false
4318,Product_4318,Clothing,377.93,true
4319,Product_4319,Electronics,389.42,true
4320,Product_4320,Clothing,443.07,true
4321,Product_4321,Home,422.35,true
4322,Product_4322,Electronics,162.41,true
4323,Product_4323,Clothing,404.58,true
4324,Product_4324,Home,350.95,true
4325,Product_4325,Clothing,26.35,false
4326,Product_4326,,10.21,true
4327,Product_4327,Home,192.21,true
4328,Product_4328,Electronics,202.4,true
4329,Product_4329,Electronics,312.24,true
4330,Product_4330,Home,484.57,true
4331,Product_4331,Clothing,97.56,true
4332,Product_4332,Home,125.39,true
4333,Product_4333,Home,337.44,true
4334,Product_4334,Clothing,311.65,true
4335,Product_4335,Electronics,46.11,true
4336,Product_4336,Clothing,104.27,true
4337,Product_4337,Electronics,357.75,true
4338,Product_4338,Electronics,50.98,true
4339,Product_4339,Clothing,331.71,true
4340,Product_4340,Home,61.47,true
4341,Product_4341,Electronics,265.01,true
4342,Product_4342,Electronics,151.23,true
4343,Product_4343,Home,277.82,false
4344,Product_4344,Electronics,340.42,true
4345,Product_4345,Electronics,331.29,true
4346,Product_4346,,282.39,true
4347,Product_4347,Clothing,389.95,true
4348,Product_4348,,370.06,true
4349,Product_4349,Electronics,232.53,true
4350,Product_4350,Home,140.29,true
4351,Product_4351,Electronics,290.62,true
4352,Product_4352,Clothing,474.99,false
4353,Product_4353,Electronics,286.45,true
4354,Product_4354,Clothing,16.35,true
4355,Product_4355,Electronics,303.03,true
4356,Product_4356,Home,188.0,true
4357,Product_4357,Clothing,87.31,true
4358,Product_4358,Electronics,15.87,true
4359,Product_4359,Electronics,136.84,true
4360,Product_4360,Clothing,343.19,true
4361,Product_4361,Clothing,224.03,true
4362,Product_4362,Clothing,248.84,true
4363,Product_4363,Home,285.92,true
4364,Product_4364,Home,123.04,true
4365,Product_4365,Electronics,383.25,true
4366,Product_4366,Clothing,221.83,true
4367,Product_4367,Home,481.12,true
4368,Product_4368,Clothing,496.78,true
4369,Product_4369,Clothing,136.8,true
4370,Product_4370,,138.19,true
4371,Product_4371,Home,248.09,false
4372,Product_4372,Clothing,73.85,true
4373,Product_4373,Electronics,118.79,true
4374,Product_4374,Clothing,55.5,true
4375,Product_4375,Electronics,153.74,true
4376,Product_4376,Electronics,227.27,true
4377,Product_4377,,476.15,true
4378,Product_4378,Electronics,273.21,true
4379,Product_4379,Clothing,293.71,true
4380,Product_4380,,238.48,true
4381,Product_4381,Home,209.48,true
4382,Product_4382,Home,463.71,true
4383,Product_4383,Home,251.33,true
4384,Product_4384,Clothing,37.48,true
4385,Product_4385,Clothing,303.62,true
4386,Product_4386,Home,181.15,true
4387,Product_4387,Electronics,452.42,true
4388,Product_4388,Electronics,299.8,true
4389,Product_4389,Home,476.28,true
4390,Product_4390,Clothing,92.14,true
4391,Product_4391,Home,372.53,true
4392,Product_4392,Electronics,92.79,true
4393,Product_4393,Clothing,149.39,true
4394,Product_4394,Home,202.14,true
4395,Product_4395,Clothing,25.35,true
4396,Product_4396,Electronics,243.74,true
4397,Product_4397,Home,336.77,true
4398,Product_4398,Clothing,20.31,true
4399,Product_4399,Electronics,114.14,true
4400,Product_4400,Clothing,429.53,true
4401,Product_4401,,303.03,true
4402,Product_4402,Home,44.56,true
4403,Product_4403,Electronics,239.25,true
4404,Product_4404,Electronics,188.17,true
4405,Product_4405,Electronics,310.24,true
4406,Product_4406,Electronics,267.07,true
4407,Product_4407,Electronics,234.91,true
4408,Product_4408,Electronics,420.18,true
4409,Product_4409,Home,52.58,false
4410,Product_4410,Electronics,249.08,true
4411,Product_4411,Home,107.96,true
4412,Product_4412,Electronics,20.76,true
4413,Product_4413,Home,94.56,true
4414,Product_4414,Electronics,247.4,true
4415,Product_4415,Clothing,257.13,true
4416,Product_4416,Home,317.02,true
4417,Product_4417,Electronics,14.64,true
4418,Product_4418,Electronics,398.72,true
4419,Product_4419,Clothing,308.04,true
4420,Product_4420,Electronics,468.42,true
4421,Product_4421,Electronics,410.83,true
4422,Product_4422,Electronics,212.95,true
4423,Product_4423,Electronics,358.21,true
4424,Product_4424,Electronics,204.68,true
4425,Product_4425,Electronics,337.58,true
4426,Product_4426,Electronics,22.47,true
4427,Product_4427,,128.45,true
4428,Product_4428,Electronics,141.76,false
4429,Product_4429,Electronics,448.56,true
4430,Product_4430,Electronics,152.31,true
4431,Product_4431,Clothing,388.05,true
4432,Product_4432,,401.89,true
4433,Product_4433,Clothing,111.08,true
4434,Product_4434,Electronics,57.09,true
4435,Product_4435,Home,320.72,true
4436,Product_4436,,119.67,true
4437,Product_4437,Home,320.14,true
4438,Product_4438,Home,236.17,true
4439,Product_4439,Home,440.17,true
4440,Product_4440,Home,306.53,true
4441,Product_4441,Clothing,122.93,true
4442,Product_4442,Clothing,44.02,true
4443,Product_4443,,188.99,true
4444,Product_4444,Electronics,224.64,true
4445,Product_4445,Electronics,252.15,true
4446,Product_4446,,292.83,true
4447,Product_4447,Electronics,209.37,false
4448,Product_4448,Electronics,439.63,true
4449,Product_4449,Electronics,272.83,true
4450,Product_4450,Electronics,146.13,true
4451,Product_4451,Electronics,195.58,true
4452,Product_4452,Home,151.87,true
4453,Product_4453,Clothing,311.26,false
4454,Product_4454,Electronics,440.78,true
4455,Product_4455,Electronics,169.41,true
4456,Product_4456,Electronics,378.75,true
4457,Product_4457,Electronics,476.05,true
4458,Product_4458,Electronics,275.5,true
4459,Product_4459,Clothing,77.72,true
4460,Product_4460,Home,372.97,true
4461,Product_4461,Clothing,310.2,true
4462,Product_4462,Electronics,52.42,true
4463,Product_4463,,367.06,true
4464,Product_4464,Clothing,367.42,true
4465,Product_4465,Clothing,241.18,false
4466,Product_4466,Home,456.4,true
4467,Product_4467,Clothing,47.11,true
4468,Product_4468,Electronics,215.34,true
4469,Product_4469,Clothing,356.76,true
4470,Product_4470,,99.78,true
4471,Product_4471,Electronics,339.82,true
4472,Product_4472,,244.84,true
4473,Product_4473,Electronics,441.99,true
4474,Product_4474,,242.31,true
4475,Product_4475,Home,458.08,true
4476,Product_4476,Home,359.84,false
4477,Product_4477,Clothing,293.61,true
4478,Product_4478,Home,79.04,true
4479,Product_4479,Home,452.15,true
4480,Product_4480,Electronics,406.59,true
4481,Product_4481,,130.45,true
4482,Product_4482,Electronics,72.13,true
4483,Product_4483,Clothing,264.66,true
4484,Product_4484,Clothing,235.99,true
4485,Product_4485,Electronics,23.53,true
4486,Product_4486,,254.48,true
4487,Product_4487,Home,127.15,true
4488,Product_4488,Clothing,392.19,true
4489,Product_4489,Electronics,76.55,true
4490,Product_4490,Electronics,397.17,true
4491,Product_4491,Electronics,333.25,true
4492,Product_4492,Home,45.7,true
4493,Product_4493,Electronics,11.83,true
4494,Product_4494,Clothing,466.34,true
4495,Product_4495,Electronics,276.18,true
4496,Product_4496,Electronics,63.94,true
4497,Product_4497,,165.24,true
4498,Product_4498,Home,344.35,true
4499,Product_4499,Electronics,324.62,true
4500,Product_4500,Home,69.97,true
4501,Product_4501,Electronics,274.96,true
4502,Product_4502,Electronics,311.44,true
4503,Product_4503,,413.62,true
4504,Product_4504,Home,184.81,true
4505,Product_4505,Clothing,475.33,true
4506,Product_4506,Clothing,330.54,true
4507,Product_4507,Clothing,485.57,true
4508,Product_4508,Home,197.99,true
4509,Product_4509,Clothing,273.66,true
4510,Product_4510,Electronics,484.87,true
4511,Product_4511,Clothing,357.89,true
4512,Product_4512,Electronics,162.19,true
4513,Product_4513,Clothing,136.03,true
4514,Product_4514,,382.53,true
4515,Product_4515,Clothing,120.46,true
4516,Product_4516,Clothing,269.36,true
4517,Product_4517,Electronics,406.09,true
4518,Product_4518,Clothing,127.4,true
4519,Product_4519,Clothing,96.02,true
4520,Product_4520,,313.36,true
4521,Product_4521,Home,217.97,true
4522,Product_4522,Clothing,48.55,false
4523,Product_4523,Electronics,305.57,true
4524,Product_4524,Clothing,142.7,true
4525,Product_4525,Electronics,273.07,true
4526,Product_4526,Home,371.1,true
4527,Product_4527,Home,17.66,true
4528,Product_4528,Electronics,268.64,true
4529,Product_4529,Home,216.54,true
4530,Product_4530,Home,411.59,false
4531,Product_4531,Home,464.54,true
4532,Product_4532,Electronics,259.67,true
4533,Product_4533,Home,214.91,true
4534,Product_4534,Clothing,471.76,false
4535,Product_4535,Electronics,138.35,true
4536,Product_4536,Electronics,106.55,true
4537,Product_4537,Electronics,280.85,true
4538,Product_4538,Clothing,310.65,true
4539,Product_4539,Home,239.84,true
4540,Product_4540,Clothing,355.46,true
4541,Product_4541,Clothing,332.17,true
4542,Product_4542,Clothing,160.83,true
4543,Product_4543,Clothing,457.95,true
4544,Product_4544,Clothing,211.66,true
4545,Product_4545,Clothing,267.85,true
4546,Product_4546,Electronics,445.35,false
4547,Product_4547,Clothing,233.63,false
4548,Product_4548,Home,482.79,true
4549,Product_4549,Electronics,267.64,true
4550,Product_4550,Clothing,51.55,true
4551,Product_4551,Electronics,166.39,true
4552,Product_4552,,219.0,true
4553,Product_4553,Electronics,73.44,true
4554,Product_4554,Home,133.57,false
4555,Product_4555,Electronics,364.94,true
4556,Product_4556,Clothing,400.36,true
4557,Product_4557,Electronics,34.13,true
4558,Product_4558,Electronics,309.8,true
4559,Product_4559,Electronics,35.05,true
4560,Product_4560,Electronics,81.26,true
4561,Product_4561,Clothing,69.21,true
4562,Product_4562,Clothing,324.56,false
4563,Product_4563,Clothing,227.03,true
4564,Product_4564,Electronics,251.2,true
4565,Product_4565,Clothing,483.28,true
4566,Product_4566,Electronics,233.18,true
4567,Product_4567,Clothing,86.03,true
4568,Product_4568,Electronics,265.65,false
4569,Product_4569,Home,206.92,true
4570,Product_4570,Clothing,435.9,true
4571,Product_4571,Clothing,352.94,false
4572,Product_4572,Clothing,157.81,true
4573,Product_4573,Electronics,193.5,true
4574,Product_4574,Electronics,429.23,true
4575,Product_4575,Home,16.06,true
4576,Product_4576,Electronics,458.05,true
4577,Product_4577,Clothing,433.73,true
4578,Product_4578,Electronics,404.1,false
4579,Product_4579,,286.61,true
4580,Product_4580,Home,293.36,false
4581,Product_4581,,373.26,true
4582,Product_4582,Electronics,442.28,true
4583,Product_4583,,499.88,false
4584,Product_4584,Clothing,63.77,false
4585,Product_4585,Electronics,286.63,true
4586,Product_4586,Clothing,162.51,true
4587,Product_4587,Clothing,446.99,true
4588,Product_4588,,56.7,true
4589,Product_4589,,338.07,true
4590,Product_4590,Clothing,434.28,true
4591,Product_4591,Electronics,271.65,true
4592,Product_4592,Clothing,473.79,true
4593,Product_4593,Electronics,429.57,true
4594,Product_4594,,457.18,true
4595,Product_4595,Home,261.41,true
4596,Product_4596,Electronics,91.8,true
4597,Product_4597,Home,364.9,true
4598,Product_4598,Electronics,37.67,true
4599,Product_4599,Electronics,363.57,true
4600,Product_4600,Clothing,388.95,true
4601,Product_4601,Electronics,352.02,false
4602,Product_4602,Clothing,183.02,true
4603,Product_4603,Clothing,391.56,true
4604,Product_4604,Electronics,105.32,true
4605,Product_4605,Clothing,108.34,true
4606,Product_4606,Home,72.06,true
4607,Product_4607,Clothing,344.71,true
4608,Product_4608,Home,454.23,true
4609,Product_4609,Clothing,471.24,true
4610,Product_4610,Clothing,309.17,true
4611,Product_4611,Home,173.66,true
4612,Product_4612,Clothing,142.48,true
4613,Product_4613,Home,455.1,true
4614,Product_4614,Clothing,350.05,true
4615,Product_4615,Electronics,124.1,true
4616,Product_4616,Home,424.36,true
4617,Product_4617,Home,77.19,true
4618,Product_4618,Clothing,201.63,true
4619,Product_4619,Clothing,234.67,true
4620,Product_4620,Home,248.06,true
4621,Product_4621,Home,65.28,true
4622,Product_4622,Home,93.27,true
4623,Product_4623,,320.31,false
4624,Product_4624,Electronics,416.33,true
4625,Product_4625,Electronics,97.36,true
4626,Product_4626,Electronics,264.88,true
4627,Product_4627,Electronics,136.59,true
4628,Product_4628,Electronics,393.76,true
4629,Product_4629,Electronics,64.36,true
4630,Product_4630,,282.4,true
4631,Product_4631,Electronics,185.83,true
4632,Product_4632,Clothing,432.51,true
4633,Product_4633,Electronics,495.26,true
4634,Product_4634,Clothing,109.17,true
4635,Product_4635,Clothing,212.29,true
4636,Product_4636,Home,435.61,true
4637,Product_4637,Home,354.35,true
4638,Product_4638,Clothing,145.43,true
4639,Product_4639,Electronics,230.52,true
4640,Product_4640,Clothing,155.55,true
4641,Product_4641,Electronics,282.76,true
4642,Product_4642,,459.47,true
4643,Product_4643,Electronics,91.42,true
4644,Product_4644,,165.36,true
4645,Product_4645,Electronics,427.38,true
4646,Product_4646,Electronics,37.53,true
4647,Product_4647,Clothing,432.47,true
4648,Product_4648,Home,90.94,true
4649,Product_4649,Clothing,211.07,true
4650,Product_4650,Home,113.54,true
4651,Product_4651,Clothing,459.62,true
4652,Product_4652,Clothing,494.69,true
4653,Product_4653,Clothing,391.34,true
4654,Product_4654,Home,78.78,true
4655,Product_4655,Clothing,97.22,true
4656,Product_4656,Electronics,325.48,false
4657,Product_4657,Clothing,391.54,true
4658,Product_4658,Home,199.33,false
4659,Product_4659,Clothing,494.75,true
4660,Product_4660,Home,438.86,true
4661,Product_4661,,73.47,true
4662,Product_4662,Clothing,127.47,true
4663,Product_4663,Home,337.46,true
4664,Product_4664,Clothing,85.02,true
4665,Product_4665,Electronics,58.89,true
4666,Product_4666,Electronics,248.78,true
4667,Product_4667,Home,22.9,true
4668,Product_4668,Clothing,118.66,false
4669,Product_4669,Clothing,306.98,true
4670,Product_4670,Electronics,212.77,true
4671,Product_4671,,25.77,true
4672,Product_4672,Electronics,267.51,false
4673,Product_4673,Electronics,248.73,true
4674,Product_4674,Electronics,269.0,true
4675,Product_4675,,477.41,true
4676,Product_4676,Home,249.41,true
4677,Product_4677,Clothing,256.7,true
4678,Product_4678,Clothing,170.66,true
4679,Product_4679,Clothing,414.38,true
4680,Product_4680,Electronics,68.04,true
4681,Product_4681,Electronics,243.71,false
4682,Product_4682,Clothing,34.92,true
4683,Product_4683,Home,393.61,true
4684,Product_4684,Electronics,380.88,true
4685,Product_4685,,316.28,true
4686,Product_4686,Electronics,119.81,false
4687,Product_4687,Electronics,160.5,true
4688,Product_4688,Clothing,30.89,true
4689,Product_4689,Clothing,206.14,true
4690,Product_4690,Home,123.53,true
4691,Product_4691,,423.61,true
4692,Product_4692,Electronics,378.97,true
4693,Product_4693,Clothing,294.97,true
4694,Product_4694,Electronics,131.04,true
4695,Product_4695,,479.81,true
4696,Product_4696,Clothing,272.91,true
4697,Product_4697,Home,219.7,true
4698,Product_4698,Clothing,486.86,true
4699,Product_4699,Electronics,21.4,true
4700,Product_4700,Electronics,367.69,true
4701,Product_4701,Clothing,386.98,false
4702,Product_4702,Electronics,248.33,true
4703,Product_4703,Clothing,163.78,true
4704,Product_4704,Home,387.78,true
4705,Product_4705,Clothing,376.98,false
4706,Product_4706,Home,212.94,false
4707,Product_4707,Clothing,24.21,true
4708,Product_4708,Electronics,16.28,true
4709,Product_4709,Electronics,378.17,false
4710,Product_4710,Electronics,268.75,true
4711,Product_4711,Electronics,446.29,false
4712,Product_4712,Home,448.2,true
4713,Product_4713,Electronics,295.29,true
4714,Product_4714,Clothing,468.22,true
4715,Product_4715,Electronics,447.09,true
4716,Product_4716,Electronics,122.75,true
4717,Product_4717,,52.14,true
4718,Product_4718,Electronics,60.65,false
4719,Product_4719,Home,85.08,true
4720,Product_4720,Clothing,330.13,true
4721,Product_4721,Electronics,149.29,true
4722,Product_4722,Clothing,121.5,true
4723,Product_4723,Electronics,425.43,true
4724,Product_4724,Clothing,206.23,true
4725,Product_4725,Electronics,141.96,true
4726,Product_4726,Electronics,226.22,true
4727,Product_4727,Electronics,228.37,true
4728,Product_4728,,151.89,true
4729,Product_4729,Electronics,191.32,true
4730,Product_4730,Clothing,436.77,true
4731,Product_4731,Clothing,429.19,true
4732,Product_4732,Electronics,93.01,true
4733,Product_4733,Home,401.11,true
4734,Product_4734,Clothing,220.05,true
4735,Product_4735,Electronics,151.78,true
4736,Product_4736,,351.8,true
4737,Product_4737,Home,391.96,true
4738,Product_4738,Clothing,361.73,true
4739,Product_4739,Electronics,292.69,true
4740,Product_4740,Electronics,240.46,true
4741,Product_4741,Electronics,273.29,true
4742,Product_4742,Clothing,205.54,true
4743,Product_4743,Electronics,81.34,true
4744,Product_4744,Electronics,349.17,true
4745,Product_4745,Electronics,21.81,true
4746,Product_4746,Clothing,248.35,true
4747,Product_4747,Clothing,135.09,true
4748,Product_4748,Electronics,58.0,true
4749,Product_4749,Clothing,440.01,true
4750,Product_4750,Electronics,140.36,true
4751,Product_4751,Electronics,459.85,true
4752,Product_4752,Electronics,472.12,true
4753,Product_4753,Clothing,362.98,true
4754,Product_4754,Electronics,378.07,false
4755,Product_4755,Clothing,495.98,true
4756,Product_4756,,75.93,true
4757,Product_4757,Electronics,414.11,true
4758,Product_4758,Electronics,206.7,true
4759,Product_4759,Clothing,169.14,true
4760,Product_4760,Home,356.55,true
4761,Product_4761,Clothing,44.1,true
4762,Product_4762,Clothing,168.93,true
4763,Product_4763,,497.34,true
4764,Product_4764,Home,212.91,true
4765,Product_4765,Electronics,183.03,false
4766,Product_4766,Electronics,402.39,true
4767,Product_4767,Clothing,412.73,true
4768,Product_4768,Home,356.52,true
4769,Product_4769,Clothing,182.07,true
4770,Product_4770,Home,250.91,true
4771,Product_4771,,261.68,true
4772,Product_4772,Electronics,365.99,true
4773,Product_4773,Electronics,61.44,true
4774,Product_4774,Clothing,45.26,true
4775,Product_4775,Clothing,482.25,true
4776,Product_4776,Electronics,324.86,true
4777,Product_4777,Clothing,134.41,false
4778,Product_4778,Home,296.61,true
4779,Product_4779,Home,370.11,false
4780,Product_4780,Electronics,185.79,true
4781,Product_4781,Electronics,469.65,true
4782,Product_4782,Clothing,338.48,true
4783,Product_4783,Electronics,434.41,true
4784,Product_4784,Clothing,126.05,true
4785,Product_4785,Electronics,60.93,true
4786,Product_4786,Electronics,488.29,false
4787,Product_4787,Home,330.88,true
4788,Product_4788,,113.77,true
4789,Product_4789,Electronics,92.41,true
4790,Product_4790,Electronics,350.93,true
4791,Product_4791,Home,175.85,true
4792,Product_4792,Electronics,151.47,true
4793,Product_4793,Clothing,123.67,true
4794,Product_4794,Clothing,186.57,true
4795,Product_4795,Electronics,203.98,true
4796,Product_4796,Clothing,278.58,true
4797,Product_4797,Clothing,80.81,true
4798,Product_4798,Electronics,434.53,true
4799,Product_4799,Electronics,62.37,true
4800,Product_4800,Home,387.0,true
4801,Product_4801,Electronics,379.67,true
4802,Product_4802,Clothing,478.06,true
4803,Product_4803,Clothing,483.77,true
4804,Product_4804,Home,490.21,true
4805,Product_4805,Clothing,313.75,true
4806,Product_4806,Electronics,59.26,true
4807,Product_4807,Clothing,390.89,true
4808,Product_4808,Electronics,466.84,true
4809,Product_4809,Home,487.36,true
4810,Product_4810,Clothing,429.71,true
4811,Product_4811,Electronics,375.14,false
4812,Product_4812,Electronics,451.25,true
4813,Product_4813,Clothing,447.93,true
4814,Product_4814,Electronics,115.01,true
4815,Product_4815,Electronics,316.69,true
4816,Product_4816,Electronics,252.23,true
4817,Product_4817,Electronics,406.35,true
4818,Product_4818,Clothing,206.08,true
4819,Product_4819,,207.32,true
4820,Product_4820,Electronics,178.16,true
4821,Product_4821,,294.16,true
4822,Product_4822,Home,262.78,false
4823,Product_4823,Electronics,470.47,true
4824,Product_4824,Clothing,367.51,true
4825,Product_4825,Home,208.96,true
4826,Product_4826,,13.63,true
4827,Product_4827,,38.37,true
4828,Product_4828,Home,113.22,true
4829,Product_4829,Electronics,498.18,true
4830,Product_4830,Electronics,347.84,true
4831,Product_4831,Clothing,341.92,true
4832,Product_4832,Clothing,349.5,true
4833,Product_4833,Electronics,460.91,true
4834,Product_4834,Clothing,311.6,true
4835,Product_4835,Home,191.81,true
4836,Product_4836,Electronics,189.39,true
4837,Product_4837,Electronics,441.97,true
4838,Product_4838,Clothing,181.15,true
4839,Product_4839,Electronics,145.93,true
4840,Product_4840,Clothing,460.29,true
4841,Product_4841,Home,200.53,true
4842,Product_4842,Home,487.86,true
4843,Product_4843,Clothing,183.87,true
4844,Product_4844,Electronics,437.22,true
4845,Product_4845,Home,141.58,true
4846,Product_4846,Electronics,167.41,true
4847,Product_4847,Clothing,261.53,true
4848,Product_4848,Home,332.88,true
4849,Product_4849,Clothing,356.33,true
4850,Product_4850,Clothing,486.81,false
4851,Product_4851,Electronics,104.95,true
4852,Product_4852,,275.08,true
4853,Product_4853,Electronics,84.89,false
4854,Product_4854,Home,259.43,true
4855,Product_4855,Electronics,43.2,true
4856,Product_4856,Electronics,322.81,false
4857,Product_4857,Clothing,36.26,true
4858,Product_4858,Clothing,355.07,true
4859,Product_4859,,16.16,true
4860,Product_4860,,125.81,true
4861,Product_4861,Electronics,227.74,true
4862,Product_4862,Electronics,376.62,true
4863,Product_4863,,10.21,true
4864,Product_4864,Electronics,86.7,true
4865,Product_4865,Clothing,163.26,false
4866,Product_4866,Home,19.37,true
4867,Product_4867,Clothing,28.99,true
4868,Product_4868,Home,354.43,true
4869,Product_4869,Electronics,312.65,false
4870,Product_4870,Home,376.21,false
4871,Product_4871,Electronics,38.65,true
4872,Product_4872,Clothing,325.16,true
4873,Product_4873,Electronics,199.37,true
4874,Product_4874,Clothing,107.44,true
4875,Product_4875,Clothing,468.85,true
4876,Product_4876,Electronics,497.79,true
4877,Product_4877,Electronics,464.49,true
4878,Product_4878,Clothing,252.33,true
4879,Product_4879,Clothing,143.75,true
4880,Product_4880,Electronics,149.27,true
4881,Product_4881,Electronics,397.35,true
4882,Product_4882,Clothing,322.8,true
4883,Product_4883,Home,183.77,true
4884,Product_4884,Clothing,412.96,true
4885,Product_4885,Clothing,255.18,true
4886,Product_4886,Clothing,99.57,true
4887,Product_4887,Clothing,408.38,true
4888,Product_4888,Electronics,341.34,true
4889,Product_4889,Home,50.94,true
4890,Product_4890,Electronics,433.53,true
4891,Product_4891,Electronics,155.83,true
4892,Product_4892,Clothing,65.6,true
4893,Product_4893,Home,324.3,true
4894,Product_4894,Clothing,269.08,true
4895,Product_4895,Electronics,395.01,true
4896,Product_4896,Clothing,286.97,true
4897,Product_4897,Electronics,261.35,true
4898,Product_4898,Clothing,130.72,true
4899,Product_4899,Electronics,493.95,true
4900,Product_4900,Electronics,108.96,true
4901,Product_4901,Electronics,195.73,false
4902,Product_4902,Home,256.17,true
4903,Product_4903,Clothing,379.84,true
4904,Product_4904,Home,471.47,true
4905,Product_4905,Clothing,317.09,true
4906,Product_4906,Clothing,290.74,true
4907,Product_4907,Clothing,182.25,true
4908,Product_4908,,251.16,true
4909,Product_4909,Home,225.2,true
4910,Product_4910,Clothing,388.03,true
4911,Product_4911,Electronics,185.88,true
4912,Product_4912,Electronics,241.2,true
4913,Product_4913,Home,181.07,true
4914,Product_4914,Home,35.18,true
4915,Product_4915,Electronics,186.02,false
4916,Product_4916,,263.8,true
4917,Product_4917,Electronics,296.13,true
4918,Product_4918,Clothing,210.0,true
4919,Product_4919,Electronics,142.61,true
4920,Product_4920,Electronics,397.27,true
4921,Product_4921,Clothing,477.23,true
4922,Product_4922,Clothing,38.69,false
4923,Product_4923,Home,260.66,true
4924,Product_4924,Clothing,295.11,true
4925,Product_4925,Electronics,259.1,true
4926,Product_4926,Clothing,101.28,true
4927,Product_4927,Clothing,414.18,true
4928,Product_4928,,68.84,true
4929,Product_4929,Clothing,347.95,true
4930,Product_4930,Home,394.73,true
4931,Product_4931,,97.27,false
4932,Product_4932,Electronics,241.08,true
4933,Product_4933,Electronics,365.86,true
4934,Product_4934,Home,298.5,true
4935,Product_4935,Clothing,23.46,true
4936,Product_4936,Home,466.3,true
4937,Product_4937,Clothing,320.53,true
4938,Product_4938,Clothing,161.57,true
4939,Product_4939,Home,104.43,true
4940,Product_4940,Electronics,202.46,true
4941,Product_4941,Electronics,13.75,false
4942,Product_4942,Clothing,130.44,false
4943,Product_4943,Electronics,292.35,true
4944,Product_4944,Clothing,437.7,true
4945,Product_4945,Clothing,499.93,true
4946,Product_4946,Clothing,344.76,true
4947,Product_4947,Home,39.5,true
4948,Product_4948,Electronics,162.91,true
4949,Product_4949,Electronics,272.53,true
4950,Product_4950,Electronics,340.42,true
4951,Product_4951,Clothing,271.1,true
4952,Product_4952,Electronics,469.51,true
4953,Product_4953,Electronics,244.68,true
4954,Product_4954,,416.54,false
4955,Product_4955,Clothing,333.38,true
4956,Product_4956,Home,209.16,true
4957,Product_4957,Clothing,315.89,true
4958,Product_4958,Home,78.12,true
4959,Product_4959,,392.88,true
4960,Product_4960,Home,192.09,true
4961,Product_4961,,91.28,true
4962,Product_4962,Home,70.62,true
4963,Product_4963,Clothing,215.13,false
4964,Product_4964,Electronics,227.34,true
4965,Product_4965,Electronics,351.21,true
4966,Product_4966,Electronics,166.23,true
4967,Product_4967,Clothing,169.44,true
4968,Product_4968,Clothing,263.97,true
4969,Product_4969,Electronics,243.89,false
4970,Product_4970,Home,103.88,true
4971,Product_4971,Electronics,432.66,true
4972,Product_4972,,216.58,true
4973,Product_4973,Clothing,314.82,false
4974,Product_4974,Electronics,211.5,true
4975,Product_4975,Electronics,198.03,true
4976,Product_4976,Home,191.1,true
4977,Product_4977,Home,444.43,true
4978,Product_4978,Clothing,209.12,true
4979,Product_4979,Home,66.22,true
4980,Product_4980,Clothing,351.42,true
4981,Product_4981,Clothing,71.98,true
4982,Product_4982,,206.9,true
4983,Product_4983,Electronics,45.2,true
4984,Product_4984,Clothing,56.42,true
4985,Product_4985,,52.54,true
4986,Product_4986,Clothing,370.68,false
4987,Product_4987,Electronics,66.82,true
4988,Product_4988,Home,89.26,true
4989,Product_4989,Home,290.62,true
4990,Product_4990,Home,378.64,true
4991,Product_4991,Clothing,394.65,true
4992,Product_4992,Clothing,208.0,true
4993,Product_4993,Clothing,315.87,true
4994,Product_4994,Electronics,415.97,true
4995,Product_4995,Electronics,333.59,true
4996,Product_4996,Electronics,456.21,true
4997,Product_4997,Clothing,27.63,true
4998,Product_4998,Home,371.34,true
4999,Product_4999,Electronics,143.01,true
5000,Product_5000,Electronics,65.15,true
5001,Product_5001,Home,15.06,true
5002,Product_5002,Clothing,184.28,true
5003,Product_5003,Home,11.51,true
5004,Product_5004,Electronics,337.83,true
5005,Product_5005,,166.78,true
5006,Product_5006,Clothing,20.56,true
5007,Product_5007,Clothing,442.4,true
5008,Product_5008,Electronics,450.26,true
5009,Product_5009,Clothing,255.73,true
5010,Product_5010,Electronics,441.51,true
5011,Product_5011,Electronics,204.72,false
5012,Product_5012,Clothing,178.56,true
5013,Product_5013,Clothing,308.73,true
5014,Product_5014,Home,199.62,true
5015,Product_5015,Clothing,486.73,true
5016,Product_5016,Electronics,86.21,true
5017,Product_5017,Electronics,377.53,true
5018,Product_5018,Electronics,255.09,false
5019,Product_5019,Electronics,323.5,true
5020,Product_5020,Electronics,38.13,true
5021,Product_5021,,57.29,true
5022,Product_5022,Electronics,184.88,false
5023,Product_5023,Clothing,450.81,true
5024,Product_5024,Clothing,225.49,true
5025,Product_5025,Electronics,128.48,false
5026,Product_5026,,150.04,true
5027,Product_5027,Electronics,445.63,true
5028,Product_5028,Clothing,166.25,true
5029,Product_5029,Electronics,101.53,true
5030,Product_5030,Home,322.95,true
5031,Product_5031,Clothing,393.82,true
5032,Product_5032,,211.68,true
5033,Product_5033,Clothing,455.28,true
5034,Product_5034,Clothing,469.09,true
5035,Product_5035,Clothing,116.23,true
5036,Product_5036,Clothing,486.07,true
5037,Product_5037,Home,102.42,true
5038,Product_5038,Electronics,186.44,true
5039,Product_5039,Clothing,364.92,true
5040,Product_5040,Home,273.31,true
5041,Product_5041,Electronics,187.16,true
5042,Product_5042,Clothing,379.57,false
5043,Product_5043,Clothing,429.11,true
5044,Product_5044,Clothing,209.9,false
5045,Product_5045,,297.87,true
5046,Product_5046,Electronics,250.65,true
5047,Product_5047,Home,178.8,true
5048,Product_5048,Clothing,458.58,true
5049,Product_5049,,313.34,true
5050,Product_5050,Clothing,82.6,true
5051,Product_5051,Electronics,331.5,true
5052,Product_5052,Electronics,192.26,true
5053,Product_5053,Clothing,61.43,true
5054,Product_5054,Home,139.02,true
5055,Product_5055,Electronics,272.42,true
5056,Product_5056,Electronics,200.56,true
5057,Product_5057,Clothing,472.6,true
5058,Product_5058,Home,231.57,true
5059,Product_5059,Clothing,90.6,true
5060,Product_5060,Clothing,11.1,true
5061,Product_5061,Electronics,368.53,true
5062,Product_5062,Home,420.95,true
5063,Product_5063,Electronics,387.42,true
5064,Product_5064,Clothing,144.36,true
5065,Product_5065,Clothing,481.98,true
5066,Product_5066,,406.2,true
5067,Product_5067,Electronics,459.75,false
5068,Product_5068,,386.73,true
5069,Product_5069,,125.91,true
5070,Product_5070,Electronics,59.79,true
5071,Product_5071,Electronics,171.38,true
5072,Product_5072,Electronics,455.3,true
5073,Product_5073,Home,194.87,true
5074,Product_5074,Clothing,491.18,false
5075,Product_5075,Home,130.51,false
5076,Product_5076,Home,254.1,true
5077,Product_5077,,339.08,false
5078,Product_5078,Clothing,386.05,true
5079,Product_5079,,153.28,true
5080,Product_5080,Clothing,17.57,true
5081,Product_5081,Electronics,119.19,true
5082,Product_5082,Home,26.25,true
5083,Product_5083,Clothing,260.44,true
5084,Product_5084,Clothing,430.79,true
5085,Product_5085,Clothing,418.95,true
5086,Product_5086,Electronics,402.36,true
5087,Product_5087,Electronics,177.3,true
5088,Product_5088,Electronics,135.5,true
5089,Product_5089,,431.95,true
5090,Product_5090,Electronics,200.66,false
5091,Product_5091,Home,256.64,true
5092,Product_5092,Electronics,359.86,true
5093,Product_5093,Clothing,12.52,true
5094,Product_5094,Clothing,22.97,false
5095,Product_5095,Electronics,201.69,true
5096,Product_5096,Clothing,27.73,true
5097,Product_5097,Home,126.31,true
5098,Product_5098,Clothing,256.11,true
5099,Product_5099,Clothing,388.44,true
5100,Product_5100,Home,421.28,true
5101,Product_5101,,491.01,true
5102,Product_5102,Electronics,23.56,true
5103,Product_5103,Clothing,120.46,false
5104,Product_5104,Electronics,415.77,true
5105,Product_5105,Home,290.8,true
5106,Product_5106,Electronics,150.64,true
5107,Product_5107,Electronics,77.77,true
5108,Product_5108,Electronics,417.08,true
5109,Product_5109,Electronics,273.91,false
5110,Product_5110,Electronics,172.26,true
5111,Product_5111,Home,423.67,true
5112,Product_5112,Clothing,80.89,true
5113,Product_5113,,246.22,true
5114,Product_5114,Electronics,25.43,true
5115,Product_5115,Home,341.1,true
5116,Product_5116,Clothing,360.32,true
5117,Product_5117,Electronics,116.58,true
5118,Product_5118,Electronics,120.58,true
5119,Product_5119,Clothing,82.25,true
5120,Product_5120,Electronics,456.32,true
5121,Product_5121,Electronics,149.47,true
5122,Product_5122,Electronics,442.39,false
5123,Product_5123,Home,349.64,true
5124,Product_5124,Home,154.81,true
5125,Product_5125,Clothing,99.95,false
5126,Product_5126,Clothing,96.04,true
5127,Product_5127,Electronics,19.94,true
5128,Product_5128,Electronics,474.54,true
5129,Product_5129,Electronics,302.04,true
5130,Product_5130,Clothing,360.11,true
5131,Product_5131,Electronics,335.6,true
5132,Product_5132,Clothing,443.98,true
5133,Product_5133,Electronics,473.12,true
5134,Product_5134,Clothing,92.62,true
5135,Product_5135,Electronics,394.71,true
5136,Product_5136,Electronics,340.37,true
5137,Product_5137,Clothing,157.61,false
5138,Product_5138,Home,422.6,true
5139,Product_5139,Clothing,380.61,true
5140,Product_5140,Home,330.51,true
5141,Product_5141,Electronics,432.42,true
5142,Product_5142,Home,364.9,true
5143,Product_5143,Home,453.78,true
5144,Product_5144,Electronics,280.25,true
5145,Product_5145,Clothing,437.24,true
5146,Product_5146,Clothing,51.88,true
5147,Product_5147,Clothing,56.79,true
5148,Product_5148,Electronics,202.01,true
5149,Product_5149,Electronics,86.27,true
5150,Product_5150,Electronics,466.51,false
5151,Product_5151,Clothing,475.99,true
5152,Product_5152,Home,122.09,true
5153,Product_5153,Home,454.51,true
5154,Product_5154,Electronics,130.46,true
5155,Product_5155,Clothing,131.04,true
5156,Product_5156,Clothing,425.05,true
5157,Product_5157,Clothing,186.94,true
5158,Product_5158,Home,445.24,true
5159,Product_5159,Electronics,72.89,true
5160,Product_5160,Clothing,406.45,true
5161,Product_5161,Electronics,17.64,true
5162,Product_5162,Electronics,62.71,true
5163,Product_5163,,392.36,true
5164,Product_5164,Clothing,234.04,true
5165,Product_5165,Home,29.07,true
5166,Product_5166,,231.32,true
5167,Product_5167,Electronics,74.32,true
5168,Product_5168,Home,190.68,true
5169,Product_5169,Electronics,203.43,true
5170,Product_5170,Home,348.78,true
5171,Product_5171,Clothing,86.62,true
5172,Product_5172,Clothing,372.44,true
5173,Product_5173,Clothing,491.46,true
5174,Product_5174,Electronics,231.03,true
5175,Product_5175,,64.23,true
5176,Product_5176,Electronics,225.34,true
5177,Product_5177,Clothing,50.89,true
5178,Product_5178,Home,10.77,false
5179,Product_5179,Electronics,428.34,false
5180,Product_5180,Electronics,61.12,true
5181,Product_5181,,362.34,true
5182,Product_5182,,160.22,true
5183,Product_5183,Electronics,269.18,true
5184,Product_5184,Electronics,346.54,true
5185,Product_5185,Electronics,380.13,true
5186,Product_5186,,188.47,true
5187,Product_5187,Clothing,365.52,true
5188,Product_5188,Home,13.06,true
5189,Product_5189,Electronics,336.1,true
5190,Product_5190,Clothing,422.09,true
5191,Product_5191,Home,206.02,true
5192,Product_5192,Electronics,70.33,true
5193,Product_5193,Home,46.75,true
5194,Product_5194,Clothing,256.13,true
5195,Product_5195,Electronics,229.65,true
5196,Product_5196,Home,43.07,false
5197,Product_5197,Home,213.52,true
5198,Product_5198,Electronics,437.5,true
5199,Product_5199,,479.45,true
5200,Product_5200,Electronics,376.55,true
5201,Product_5201,Electronics,95.52,true
5202,Product_5202,Clothing,444.4,true
5203,Product_5203,Electronics,179.8,true
5204,Product_5204,Home,442.82,true
5205,Product_5205,Home,190.81,true
5206,Product_5206,Electronics,264.71,true
5207,Product_5207,Home,324.48,true
5208,Product_5208,,483.31,true
5209,Product_5209,Clothing,317.84,true
5210,Product_5210,Electronics,403.14,true
5211,Product_5211,Electronics,342.17,true
5212,Product_5212,Electronics,83.3,true
5213,Product_5213,Clothing,37.97,true
5214,Product_5214,Electronics,429.22,true
5215,Product_5215,Clothing,490.8,true
5216,Product_5216,Electronics,27.79,true
5217,Product_5217,Electronics,224.42,false
5218,Product_5218,Electronics,439.47,true
5219,Product_5219,Electronics,32.44,true
5220,Product_5220,Electronics,392.45,true
5221,Product_5221,,157.0,true
5222,Product_5222,Home,97.23,true
5223,Product_5223,Home,193.78,true
5224,Product_5224,Electronics,316.63,true
5225,Product_5225,Clothing,439.17,true
5226,Product_5226,Clothing,407.24,true
5227,Product_5227,Electronics,253.32,true
5228,Product_5228,Home,422.13,true
5229,Product_5229,Home,91.04,true
5230,Product_5230,Electronics,235.76,true
5231,Product_5231,Clothing,253.8,true
5232,Product_5232,Electronics,179.0,true
5233,Product_5233,Electronics,261.7,true
5234,Product_5234,Clothing,116.04,true
5235,Product_5235,,470.2,true
5236,Product_5236,Electronics,415.98,false
5237,Product_5237,Clothing,317.98,true
5238,Product_5238,Clothing,263.18,true
5239,Product_5239,Electronics,46.53,true
5240,Product_5240,Electronics,446.84,true
5241,Product_5241,Electronics,150.44,true
5242,Product_5242,Clothing,37.63,true
5243,Product_5243,Clothing,391.48,false
5244,Product_5244,Electronics,359.61,false
5245,Product_5245,Electronics,415.28,true
5246,Product_5246,,253.14,true
5247,Product_5247,Electronics,30.08,false
5248,Product_5248,Clothing,84.59,true
5249,Product_5249,Clothing,202.89,true
5250,Product_5250,Clothing,479.0,true
5251,Product_5251,Clothing,219.69,true
5252,Product_5252,Home,170.95,false
5253,Product_5253,Electronics,31.79,true
5254,Product_5254,Electronics,207.31,true
5255,Product_5255,,357.44,true
5256,Product_5256,Electronics,80.58,true
5257,Product_5257,Electronics,436.26,true
5258,Product_5258,Electronics,370.0,false
5259,Product_5259,Clothing,177.06,true
5260,Product_5260,Home,155.61,true
5261,Product_5261,Clothing,74.15,false
5262,Product_5262,Electronics,424.06,true
5263,Product_5263,Clothing,301.54,true
5264,Product_5264,,368.34,true
5265,Product_5265,Electronics,366.24,true
5266,Product_5266,,473.55,true
5267,Product_5267,Electronics,375.08,true
5268,Product_5268,Electronics,431.34,false
5269,Product_5269,Electronics,323.65,true
5270,Product_5270,Clothing,387.83,true
5271,Product_5271,Home,365.42,true
5272,Product_5272,Electronics,250.03,true
5273,Product_5273,Clothing,163.52,true
5274,Product_5274,Home,175.03,true
5275,Product_5275,Electronics,437.67,true
5276,Product_5276,Electronics,139.47,true
5277,Product_5277,Home,492.66,true
5278,Product_5278,Clothing,289.01,true
5279,Product_5279,Clothing,221.32,true
5280,Product_5280,Electronics,434.13,true
5281,Product_5281,Electronics,250.56,true
5282,Product_5282,Electronics,419.03,true
5283,Product_5283,Electronics,248.31,true
5284,Product_5284,,68.87,true
5285,Product_5285,Clothing,163.57,true
5286,Product_5286,,417.85,true
5287,Product_5287,,261.54,true
5288,Product_5288,Clothing,490.2,true
5289,Product_5289,Electronics,346.87,true
5290,Product_5290,Clothing,84.41,true
5291,Product_5291,,455.71,false
5292,Product_5292,Clothing,235.05,true
5293,Product_5293,Home,116.46,true
5294,Product_5294,Electronics,241.35,true
5295,Product_5295,Electronics,323.84,true
5296,Product_5296,Home,406.59,true
5297,Product_5297,Electronics,308.21,true
5298,Product_5298,Electronics,265.16,true
5299,Product_5299,Electronics,247.54,true
5300,Product_5300,Clothing,321.48,true
5301,Product_5301,Electronics,297.26,true
5302,Product_5302,Clothing,350.28,true
5303,Product_5303,Home,242.88,true
5304,Product_5304,Electronics,460.01,false
5305,Product_5305,Clothing,53.95,true
5306,Product_5306,Electronics,132.59,true
5307,Product_5307,Electronics,97.81,true
5308,Product_5308,Electronics,164.63,true
5309,Product_5309,Home,341.22,true
5310,Product_5310,Clothing,226.95,false
5311,Product_5311,Clothing,236.59,false
5312,Product_5312,Home,212.25,false
5313,Product_5313,Clothing,361.88,true
5314,Product_5314,Home,405.13,true
5315,Product_5315,Clothing,433.27,true
5316,Product_5316,Clothing,33.6,true
5317,Product_5317,Electronics,268.42,true
5318,Product_5318,Home,242.72,true
5319,Product_5319,Home,349.37,true
5320,Product_5320,Electronics,454.19,true
5321,Product_5321,,462.69,true
5322,Product_5322,Electronics,72.5,true
5323,Product_5323,Electronics,411.29,true
5324,Product_5324,Clothing,76.45,true
5325,Product_5325,Electronics,112.71,true
5326,Product_5326,Electronics,223.97,false
5327,Product_5327,Electronics,364.35,true
5328,Product_5328,Electronics,463.85,true
5329,Product_5329,,165.37,true
5330,Product_5330,Clothing,286.88,false
5331,Product_5331,Clothing,367.03,true
5332,Product_5332,,327.49,true
5333,Product_5333,Electronics,422.97,true
5334,Product_5334,Home,287.22,true
5335,Product_5335,Clothing,462.07,true
5336,Product_5336,Clothing,321.23,true
5337,Product_5337,Clothing,149.75,true
5338,Product_5338,Electronics,312.44,true
5339,Product_5339,,466.28,false
5340,Product_5340,Clothing,351.15,true
5341,Product_5341,,371.62,true
5342,Product_5342,Home,409.03,false
5343,Product_5343,Clothing,280.17,true
5344,Product_5344,Electronics,15.36,true
5345,Product_5345,Home,112.24,true
5346,Product_5346,Electronics,472.43,true
5347,Product_5347,Clothing,20.57,true
5348,Product_5348,Electronics,452.27,true
5349,Product_5349,Home,418.13,true
5350,Product_5350,Home,299.33,true
5351,Product_5351,Clothing,172.59,true
5352,Product_5352,Clothing,128.12,true
5353,Product_5353,Clothing,414.83,true
5354,Product_5354,Home,161.23,true
5355,Product_5355,Home,298.86,true
5356,Product_5356,Clothing,447.67,false
5357,Product_5357,Clothing,387.44,true
5358,Product_5358,Electronics,31.66,true
5359,Product_5359,Electronics,278.36,true
5360,Product_5360,Home,106.63,true
5361,Product_5361,Clothing,357.49,true
5362,Product_5362,Home,395.37,true
5363,Product_5363,Clothing,458.66,true
5364,Product_5364,Clothing,16.05,true
5365,Product_5365,Clothing,96.96,true
5366,Product_5366,Electronics,230.86,true
5367,Product_5367,Electronics,421.83,true
5368,Product_5368,Electronics,177.76,true
5369,Product_5369,Electronics,310.97,true
5370,Product_5370,Electronics,432.55,true
5371,Product_5371,Clothing,121.68,false
5372,Product_5372,,245.23,true
5373,Product_5373,Home,117.57,true
5374,Product_5374,,124.13,true
5375,Product_5375,Clothing,246.38,true
5376,Product_5376,Electronics,62.08,true
5377,Product_5377,Electronics,429.02,true
5378,Product_5378,Electronics,343.7,true
5379,Product_5379,Home,409.61,true
5380,Product_5380,,492.98,false
5381,Product_5381,Electronics,269.39,true
5382,Product_5382,Electronics,180.56,true
5383,Product_5383,Clothing,401.43,true
5384,Product_5384,Electronics,314.02,true
5385,Product_5385,Clothing,307.52,true
5386,Product_5386,,36.99,true
5387,Product_5387,Electronics,307.81,true
5388,Product_5388,Electronics,72.13,false
5389,Product_5389,Clothing,195.87,true
5390,Product_5390,Home,221.67,true
5391,Product_5391,Clothing,404.37,true
5392,Product_5392,Electronics,188.89,true
5393,Product_5393,Electronics,170.3,true
5394,Product_5394,Home,310.78,false
5395,Product_5395,Electronics,76.31,true
5396,Product_5396,Electronics,399.67,true
5397,Product_5397,Home,464.63,true
5398,Product_5398,Electronics,74.39,true
5399,Product_5399,Electronics,75.29,true
5400,Product_5400,Clothing,64.39,true
5401,Product_5401,Electronics,294.87,false
5402,Product_5402,Home,72.42,true
5403,Product_5403,Electronics,210.45,true
5404,Product_5404,,392.35,true
5405,Product_5405,Clothing,283.78,true
5406,Product_5406,Home,34.99,true
5407,Product_5407,Home,433.6,true
5408,Product_5408,Clothing,442.37,true
5409,Product_5409,Clothing,429.91,false
5410,Product_5410,Electronics,65.31,true
5411,Product_5411,Electronics,127.01,true
5412,Product_5412,Electronics,416.38,true
5413,Product_5413,Clothing,361.2,true
5414,Product_5414,Clothing,241.8,true
5415,Product_5415,Clothing,369.42,true
5416,Product_5416,Home,154.36,false
5417,Product_5417,Electronics,448.59,false
5418,Product_5418,Home,204.49,true
5419,Product_5419,Electronics,413.52,true
5420,Product_5420,Electronics,247.76,true
5421,Product_5421,Electronics,297.73,true
5422,Product_5422,Home,409.19,true
5423,Product_5423,Electronics,139.7,true
5424,Product_5424,,393.75,true
5425,Product_5425,,429.46,true
5426,Product_5426,Electronics,230.35,true
5427,Product_5427,Electronics,357.19,false
5428,Product_5428,Clothing,429.75,true
5429,Product_5429,Clothing,167.56,true
5430,Product_5430,Electronics,245.89,true
5431,Product_5431,Electronics,117.77,true
5432,Product_5432,Electronics,44.66,true
5433,Product_5433,Clothing,456.71,true
5434,Product_5434,Clothing,390.17,true
5435,Product_5435,Electronics,345.23,true
5436,Product_5436,Home,31.22,true
5437,Product_5437,Clothing,313.11,true
5438,Product_5438,Electronics,43.02,true
5439,Product_5439,Clothing,229.53,true
5440,Product_5440,Home,92.98,true
5441,Product_5441,Electronics,303.53,true
5442,Product_5442,Clothing,87.78,true
5443,Product_5443,Clothing,153.41,true
5444,Product_5444,Electronics,416.03,true
5445,Product_5445,Electronics,439.49,true
5446,Product_5446,Home,185.67,false
5447,Product_5447,Electronics,361.17,true
5448,Product_5448,Electronics,492.8,true
5449,Product_5449,Electronics,163.64,true
5450,Product_5450,Clothing,202.91,true
5451,Product_5451,Electronics,128.43,true
5452,Product_5452,Home,409.38,true
5453,Product_5453,Clothing,21.75,true
5454,Product_5454,Electronics,465.08,true
5455,Product_5455,,386.68,true
5456,Product_5456,Clothing,76.74,false
5457,Product_5457,Home,277.58,true
5458,Product_5458,Clothing,71.22,true
5459,Product_5459,Home,18.84,true
5460,Product_5460,Electronics,282.35,true
5461,Product_5461,Electronics,377.48,true
5462,Product_5462,Home,63.07,true
5463,Product_5463,Electronics,449.08,true
5464,Product_5464,Electronics,351.65,true
5465,Product_5465,Home,221.51,true
5466,Product_5466,Home,239.34,true
5467,Product_5467,Clothing,138.66,false
5468,Product_5468,Home,115.52,true
5469,Product_5469,Electronics,317.85,true
5470,Product_5470,Home,209.68,true
5471,Product_5471,,201.37,true
5472,Product_5472,Clothing,59.7,true
5473,Product_5473,Electronics,10.49,true
5474,Product_5474,Electronics,429.25,false
5475,Product_5475,Electronics,292.52,true
5476,Product_5476,Clothing,119.89,true
5477,Product_5477,,261.81,true
5478,Product_5478,,65.51,true
5479,Product_5479,Electronics,266.28,true
5480,Product_5480,Home,51.1,false
5481,Product_5481,Clothing,358.68,true
5482,Product_5482,Electronics,11.48,true
5483,Product_5483,Home,485.59,true
5484,Product_5484,,166.39,true
5485,Product_5485,Electronics,196.3,true
5486,Product_5486,Electronics,128.61,true
5487,Product_5487,Electronics,357.33,false
5488,Product_5488,,79.24,true
5489,Product_5489,,279.16,true
5490,Product_5490,,51.97,true
5491,Product_5491,,117.98,true
5492,Product_5492,Clothing,415.86,true
5493,Product_5493,Home,321.89,true
5494,Product_5494,Clothing,311.89,true
5495,Product_5495,,81.07,false
5496,Product_5496,Home,237.15,true
5497,Product_5497,Home,100.23,true
5498,Product_5498,Clothing,207.92,false
5499,Product_5499,Electronics,37.65,true
5500,Product_5500,Clothing,430.56,true
5501,Product_5501,Home,425.06,true
5502,Product_5502,,64.18,true
5503,Product_5503,Clothing,24.19,true
5504,Product_5504,Electronics,222.74,true
5505,Product_5505,Home,255.21,true
5506,Product_5506,Home,356.88,true
5507,Product_5507,Home,113.94,true
5508,Product_5508,Electronics,399.07,true
5509,Product_5509,Electronics,117.56,true
5510,Product_5510,Clothing,360.45,false
5511,Product_5511,Electronics,126.0,true
5512,Product_5512,Electronics,18.58,true
5513,Product_5513,Electronics,212.72,true
5514,Product_5514,Electronics,94.68,true
5515,Product_5515,Home,297.83,true
5516,Product_5516,Clothing,180.39,true
5517,Product_5517,Clothing,486.28,true
5518,Product_5518,Clothing,227.03,true
5519,Product_5519,Clothing,202.09,true
5520,Product_5520,Electronics,114.5,true
5521,Product_5521,Home,15.97,true
5522,Product_5522,Clothing,260.56,false
5523,Product_5523,Electronics,488.38,true
5524,Product_5524,Electronics,390.0,true
5525,Product_5525,Clothing,286.67,true
5526,Product_5526,Home,433.7,false
5527,Product_5527,Home,63.74,true
5528,Product_5528,,110.28,true
5529,Product_5529,Electronics,287.39,true
5530,Product_5530,Clothing,295.56,true
5531,Product_5531,Electronics,255.9,true
5532,Product_5532,Clothing,280.09,true
5533,Product_5533,Clothing,151.88,true
5534,Product_5534,Electronics,366.49,false
5535,Product_5535,Home,22.38,true
5536,Product_5536,Electronics,175.73,true
5537,Product_5537,Electronics,456.52,true
5538,Product_5538,Electronics,473.73,true
5539,Product_5539,Home,346.47,true
5540,Product_5540,Electronics,266.63,true
5541,Product_5541,Home,207.11,true
5542,Product_5542,,364.15,true
5543,Product_5543,Electronics,375.55,true
5544,Product_5544,Electronics,193.07,true
5545,Product_5545,Electronics,118.83,true
5546,Product_5546,Electronics,184.33,false
5547,Product_5547,Electronics,23.03,true
5548,Product_5548,Clothing,305.26,true
5549,Product_5549,Clothing,183.51,true
5550,Product_5550,Electronics,38.43,true
5551,Product_5551,Home,367.07,true
5552,Product_5552,Clothing,439.18,true
5553,Product_5553,Clothing,314.68,true
5554,Product_5554,Home,313.53,true
5555,Product_5555,Electronics,179.45,true
5556,Product_5556,Electronics,191.6,true
5557,Product_5557,,98.65,true
5558,Product_5558,Home,283.81,true
5559,Product_5559,Clothing,412.24,true
5560,Product_5560,Electronics,233.16,true
5561,Product_5561,Home,63.21,true
5562,Product_5562,Electronics,399.63,true
5563,Product_5563,Clothing,213.01,true
5564,Product_5564,Home,312.3,true
5565,Product_5565,Clothing,139.29,true
5566,Product_5566,Clothing,416.26,true
5567,Product_5567,Electronics,411.62,true
5568,Product_5568,Electronics,458.6,true
5569,Product_5569,Home,305.68,true
5570,Product_5570,Electronics,213.2,true
5571,Product_5571,Electronics,102.85,true
5572,Product_5572,Clothing,86.19,false
5573,Product_5573,Clothing,330.43,true
5574,Product_5574,Clothing,436.81,true
5575,Product_5575,Home,312.25,true
5576,Product_5576,Clothing,393.04,false
5577,Product_5577,Home,260.61,true
5578,Product_5578,Home,442.68,true
5579,Product_5579,Electronics,104.67,false
5580,Product_5580,Electronics,150.63,true
5581,Product_5581,Home,120.21,false
5582,Product_5582,Electronics,469.13,true
5583,Product_5583,Electronics,302.53,true
5584,Product_5584,Clothing,61.86,true
5585,Product_5585,,237.57,true
5586,Product_5586,Electronics,262.63,true
5587,Product_5587,Electronics,272.18,true
5588,Product_5588,Electronics,250.47,true
5589,Product_5589,Clothing,335.83,true
5590,Product_5590,Electronics,179.46,true
5591,Product_5591,Electronics,77.99,true
5592,Product_5592,,71.58,false
5593,Product_5593,Clothing,481.24,true
5594,Product_5594,Electronics,338.24,true
5595,Product_5595,Clothing,140.08,true
5596,Product_5596,Home,111.0,false
5597,Product_5597,Electronics,65.45,true
5598,Product_5598,Clothing,301.29,false
5599,Product_5599,Electronics,165.19,true
5600,Product_5600,Electronics,132.97,true
5601,Product_5601,Electronics,263.47,true
5602,Product_5602,Clothing,92.99,true
5603,Product_5603,Home,179.88,true
5604,Product_5604,Electronics,30.23,true
5605,Product_5605,Home,287.04,true
5606,Product_5606,Electronics,405.19,true
5607,Product_5607,Electronics,32.72,true
5608,Product_5608,Electronics,37.47,true
5609,Product_5609,Home,312.68,true
5610,Product_5610,Clothing,254.1,true
5611,Product_5611,Home,199.67,false
5612,Product_5612,Electronics,271.91,true
5613,Product_5613,Clothing,167.47,true
5614,Product_5614,Electronics,212.37,true
5615,Product_5615,Electronics,262.22,true
5616,Product_5616,Electronics,240.74,true
5617,Product_5617,Electronics,331.99,true
5618,Product_5618,Electronics,105.95,true
5619,Product_5619,Home,460.85,true
5620,Product_5620,Clothing,40.48,true
5621,Product_5621,Electronics,472.13,true
5622,Product_5622,Electronics,98.9,true
5623,Product_5623,Clothing,354.61,true
5624,Product_5624,,331.57,true
5625,Product_5625,Clothing,124.09,true
5626,Product_5626,Clothing,273.03,true
5627,Product_5627,Electronics,377.0,true
5628,Product_5628,Clothing,476.71,true
5629,Product_5629,Electronics,86.05,true
5630,Product_5630,Electronics,169.04,true
5631,Product_5631,Electronics,350.38,true
5632,Product_5632,,242.14,true
5633,Product_5633,Home,126.17,true
5634,Product_5634,Electronics,172.49,true
5635,Product_5635,Electronics,185.04,true
5636,Product_5636,Electronics,496.03,true
5637,Product_5637,Clothing,487.69,true
5638,Product_5638,Electronics,34.13,true
5639,Product_5639,Home,378.57,true
5640,Product_5640,Electronics,16.66,true
5641,Product_5641,Home,229.0,true
5642,Product_5642,,415.13,true
5643,Product_5643,Clothing,197.78,false
5644,Product_5644,Clothing,444.53,true
5645,Product_5645,Home,149.34,true
5646,Product_5646,Home,58.45,true
5647,Product_5647,Electronics,112.57,true
5648,Product_5648,Home,430.05,true
5649,Product_5649,Home,279.79,true
5650,Product_5650,Electronics,367.26,true
5651,Product_5651,Electronics,364.99,true
5652,Product_5652,Home,50.96,true
5653,Product_5653,,343.89,true
5654,Product_5654,Clothing,66.62,true
5655,Product_5655,Electronics,175.38,true
5656,Product_5656,Clothing,107.86,true
5657,Product_5657,Electronics,29.65,true
5658,Product_5658,Electronics,346.08,false
5659,Product_5659,Home,374.04,true
5660,Product_5660,Electronics,245.41,true
5661,Product_5661,Electronics,385.53,true
5662,Product_5662,Clothing,328.05,true
5663,Product_5663,Clothing,432.27,true
5664,Product_5664,Clothing,123.82,false
5665,Product_5665,Electronics,55.56,true
5666,Product_5666,Clothing,460.85,true
5667,Product_5667,Electronics,258.54,true
5668,Product_5668,Clothing,107.89,true
5669,Product_5669,Clothing,120.43,true
5670,Product_5670,Electronics,111.68,false
5671,Product_5671,Clothing,126.53,true
5672,Product_5672,Electronics,233.24,true
5673,Product_5673,Clothing,122.14,true
5674,Product_5674,Clothing,127.47,true
5675,Product_5675,Electronics,488.45,false
5676,Product_5676,Electronics,469.88,true
5677,Product_5677,Electronics,497.55,true
5678,Product_5678,Electronics,358.41,true
5679,Product_5679,,344.26,true
5680,Product_5680,Clothing,477.17,true
5681,Product_5681,Home,26.46,true
5682,Product_5682,Clothing,494.27,true
5683,Product_5683,Home,491.26,true
5684,Product_5684,,248.97,true
5685,Product_5685,Electronics,90.55,true
5686,Product_5686,Electronics,480.85,true
5687,Product_5687,Electronics,222.99,true
5688,Product_5688,Clothing,323.42,true
5689,Product_5689,Electronics,228.29,true
5690,Product_5690,Electronics,311.8,true
5691,Product_5691,,485.21,true
5692,Product_5692,Electronics,297.93,true
5693,Product_5693,Electronics,277.37,true
5694,Product_5694,Electronics,297.5,true
5695,Product_5695,Home,164.76,true
5696,Product_5696,Clothing,72.99,true
5697,Product_5697,Electronics,438.89,true
5698,Product_5698,Home,331.18,true
5699,Product_5699,Electronics,399.29,true
5700,Product_5700,Electronics,65.77,true
5701,Product_5701,Home,489.25,true
5702,Product_5702,Electronics,308.6,true
5703,Product_5703,,440.08,true
5704,Product_5704,Electronics,254.63,true
5705,Product_5705,Home,309.34,true
5706,Product_5706,Clothing,443.59,true
5707,Product_5707,,455.85,true
5708,Product_5708,Electronics,396.52,true
5709,Product_5709,Electronics,98.69,true
5710,Product_5710,Clothing,10.78,true
5711,Product_5711,Clothing,13.76,true
5712,Product_5712,Clothing,393.63,true
5713,Product_5713,Home,310.75,true
5714,Product_5714,Clothing,499.32,true
5715,Product_5715,Electronics,365.12,true
5716,Product_5716,Clothing,293.61,true
5717,Product_5717,Clothing,55.75,true
5718,Product_5718,Home,355.6,true
5719,Product_5719,Electronics,236.64,true
5720,Product_5720,Home,265.63,true
5721,Product_5721,Clothing,210.87,true
5722,Product_5722,Home,251.62,true
5723,Product_5723,Clothing,100.2,true
5724,Product_5724,Clothing,316.79,false
5725,Product_5725,Electronics,184.37,false
5726,Product_5726,Electronics,73.85,true
5727,Product_5727,Electronics,259.33,true
5728,Product_5728,Home,136.64,true
5729,Product_5729,Clothing,497.72,true
5730,Product_5730,Clothing,382.5,true
5731,Product_5731,Electronics,244.98,false
5732,Product_5732,Home,100.07,true
5733,Product_5733,,368.92,true
5734,Product_5734,Clothing,238.13,true
5735,Product_5735,Electronics,385.49,true
5736,Product_5736,Home,324.56,true
5737,Product_5737,Electronics,483.4,true
5738,Product_5738,Electronics,174.52,true
5739,Product_5739,Electronics,102.37,true
5740,Product_5740,Clothing,317.3,false
5741,Product_5741,Electronics,182.58,true
5742,Product_5742,Home,436.58,true
5743,Product_5743,Home,164.38,true
5744,Product_5744,Clothing,139.04,true
5745,Product_5745,,374.03,true
5746,Product_5746,Clothing,52.41,true
5747,Product_5747,,160.58,true
5748,Product_5748,,115.53,true
5749,Product_5749,,425.18,true
5750,Product_5750,Clothing,242.32,true
5751,Product_5751,Electronics,258.26,true
5752,Product_5752,Electronics,349.81,true
5753,Product_5753,Electronics,209.8,false
5754,Product_5754,Home,498.89,true
5755,Product_5755,,40.26,true
5756,Product_5756,Clothing,341.89,true
5757,Product_5757,Clothing,265.29,true
5758,Product_5758,,264.54,true
5759,Product_5759,Home,200.12,true
5760,Product_5760,Electronics,457.39,true
5761,Product_5761,Home,211.0,true
5762,Product_5762,Clothing,190.91,true
5763,Product_5763,Electronics,260.04,true
5764,Product_5764,Clothing,477.23,true
5765,Product_5765,Electronics,76.64,true
5766,Product_5766,Electronics,373.36,true
5767,Product_5767,Electronics,373.94,true
5768,Product_5768,Home,294.62,true
5769,Product_5769,Home,376.66,true
5770,Product_5770,Home,463.28,true
5771,Product_5771,Electronics,217.65,true
5772,Product_5772,Electronics,201.86,true
5773,Product_5773,Electronics,14.24,true
5774,Product_5774,Electronics,15.63,true
5775,Product_5775,Electronics,437.28,true
5776,Product_5776,Home,474.65,true
5777,Product_5777,Electronics,170.47,true
5778,Product_5778,Electronics,333.86,true
5779,Product_5779,Clothing,272.8,true
5780,Product_5780,Electronics,296.36,true
5781,Product_5781,Home,361.37,true
5782,Product_5782,Clothing,55.32,true
5783,Product_5783,Electronics,468.3,false
5784,Product_5784,Electronics,298.65,true
5785,Product_5785,Electronics,256.91,true
5786,Product_5786,Electronics,22.04,true
5787,Product_5787,Electronics,292.44,true
5788,Product_5788,Clothing,194.66,true
5789,Product_5789,Clothing,427.83,true
5790,Product_5790,Electronics,456.7,true
5791,Product_5791,Electronics,277.54,true
5792,Product_5792,Clothing,147.79,true
5793,Product_5793,Electronics,105.33,true
5794,Product_5794,Electronics,327.77,true
5795,Product_5795,Home,309.88,true
5796,Product_5796,,116.64,true
5797,Product_5797,Clothing,434.57,true
5798,Product_5798,Home,222.19,true
5799,Product_5799,Clothing,273.9,true
5800,Product_5800,,421.31,true
5801,Product_5801,Clothing,177.84,true
5802,Product_5802,Home,79.12,true
5803,Product_5803,Home,123.29,true
5804,Product_5804,Electronics,29.17,true
5805,Product_5805,Clothing,386.65,true
5806,Product_5806,Home,424.64,false
5807,Product_5807,,154.34,true
5808,Product_5808,Clothing,281.76,true
5809,Product_5809,Clothing,474.02,true
5810,Product_5810,Clothing,404.65,true
5811,Product_5811,Clothing,121.01,true
5812,Product_5812,Electronics,26.8,true
5813,Product_5813,Electronics,245.29,true
5814,Product_5814,Home,195.1,true
5815,Product_5815,Clothing,450.71,true
5816,Product_5816,Electronics,62.76,true
5817,Product_5817,Clothing,179.64,true
5818,Product_5818,Electronics,488.11,true
5819,Product_5819,Electronics,186.96,false
5820,Product_5820,Home,101.14,true
5821,Product_5821,Clothing,180.58,true
5822,Product_5822,Electronics,225.83,true
5823,Product_5823,Home,178.45,true
5824,Product_5824,Electronics,90.0,true
5825,Product_5825,Home,288.03,true
5826,Product_5826,Electronics,349.46,true
5827,Product_5827,Electronics,68.1,true
5828,Product_5828,Electronics,477.84,true
5829,Product_5829,Electronics,15.37,true
5830,Product_5830,Electronics,174.9,true
5831,Product_5831,Clothing,124.85,false
5832,Product_5832,Clothing,103.81,true
5833,Product_5833,Electronics,113.23,false
5834,Product_5834,Electronics,27.03,true
5835,Product_5835,Clothing,332.29,true
5836,Product_5836,Home,396.71,true
5837,Product_5837,Clothing,467.47,true
5838,Product_5838,Home,59.89,true
5839,Product_5839,,450.35,true
5840,Product_5840,Clothing,303.33,true
5841,Product_5841,,103.69,false
5842,Product_5842,Clothing,158.99,true
5843,Product_5843,Electronics,147.49,true
5844,Product_5844,Clothing,497.09,true
5845,Product_5845,Electronics,127.74,true
5846,Product_5846,Electronics,123.07,true
5847,Product_5847,Electronics,232.81,true
5848,Product_5848,Electronics,490.0,true
5849,Product_5849,Clothing,138.27,true
5850,Product_5850,Clothing,349.45,true
5851,Product_5851,Electronics,23.6,true
5852,Product_5852,Clothing,385.78,true
5853,Product_5853,Clothing,65.0,true
5854,Product_5854,Electronics,226.01,true
5855,Product_5855,Clothing,100.74,true
5856,Product_5856,Electronics,52.48,true
5857,Product_5857,Electronics,255.81,true
5858,Product_5858,Clothing,350.04,false
5859,Product_5859,Clothing,404.34,true
5860,Product_5860,,330.59,true
5861,Product_5861,Clothing,349.59,false
5862,Product_5862,Clothing,101.84,true
5863,Product_5863,,14.42,true
5864,Product_5864,Home,22.26,true
5865,Product_5865,Clothing,455.16,true
5866,Product_5866,Electronics,201.42,true
5867,Product_5867,Electronics,74.17,true
5868,Product_5868,,472.28,true
5869,Product_5869,Home,210.27,true
5870,Product_5870,Electronics,12.62,true
5871,Product_5871,Clothing,422.63,true
5872,Product_5872,Home,491.04,true
5873,Product_5873,Electronics,341.17,true
5874,Product_5874,Clothing,333.85,true
5875,Product_5875,,56.89,true
5876,Product_5876,Clothing,440.22,true
5877,Product_5877,Electronics,116.78,true
5878,Product_5878,,181.4,true
5879,Product_5879,Electronics,161.06,true
5880,Product_5880,Home,352.65,true
5881,Product_5881,Clothing,408.55,true
5882,Product_5882,Home,261.06,true
5883,Product_5883,Home,24.62,true
5884,Product_5884,Electronics,276.74,true
5885,Product_5885,Electronics,61.43,true
5886,Product_5886,Home,324.96,true
5887,Product_5887,Home,392.76,true
5888,Product_5888,Clothing,318.23,true
5889,Product_5889,Home,87.06,true
5890,Product_5890,Home,269.51,true
5891,Product_5891,,405.0,true
5892,Product_5892,Clothing,340.9,true
5893,Product_5893,Clothing,306.02,true
5894,Product_5894,,76.59,true
5895,Product_5895,Home,275.41,true
5896,Product_5896,Clothing,475.18,false
5897,Product_5897,Electronics,488.15,true
5898,Product_5898,Electronics,432.38,true
5899,Product_5899,Electronics,168.96,false
5900,Product_5900,Clothing,38.57,true
5901,Product_5901,,461.23,true
5902,Product_5902,Home,466.55,true
5903,Product_5903,Electronics,322.78,true
5904,Product_5904,Electronics,198.7,true
5905,Product_5905,Electronics,60.23,true
5906,Product_5906,Home,280.97,true
5907,Product_5907,Home,198.95,true
5908,Product_5908,Clothing,70.66,true
5909,Product_5909,Clothing,348.71,true
5910,Product_5910,Home,56.9,true
5911,Product_5911,Electronics,208.75,true
5912,Product_5912,Home,342.15,true
5913,Product_5913,Home,231.65,false
5914,Product_5914,Electronics,128.56,true
5915,Product_5915,Clothing,237.83,false
5916,Product_5916,Electronics,273.25,true
5917,Product_5917,Clothing,65.95,true
5918,Product_5918,Home,269.95,true
5919,Product_5919,,125.49,true
5920,Product_5920,Electronics,239.15,true
5921,Product_5921,Clothing,168.59,true
5922,Product_5922,Clothing,408.41,false
5923,Product_5923,Electronics,85.3,true
5924,Product_5924,Home,69.41,true
5925,Product_5925,Home,164.51,true
5926,Product_5926,Clothing,472.74,true
5927,Product_5927,Electronics,327.78,true
5928,Product_5928,Clothing,160.77,true
5929,Product_5929,Electronics,57.9,true
5930,Product_5930,Electronics,355.31,true
5931,Product_5931,Clothing,75.05,true
5932,Product_5932,Clothing,199.58,true
5933,Product_5933,Electronics,142.3,true
5934,Product_5934,Electronics,28.15,true
5935,Product_5935,Electronics,74.75,true
5936,Product_5936,Clothing,223.02,true
5937,Product_5937,Electronics,49.1,true
5938,Product_5938,Electronics,201.84,true
5939,Product_5939,Electronics,189.54,true
5940,Product_5940,Electronics,195.07,true
5941,Product_5941,Clothing,424.81,true
5942,Product_5942,Electronics,338.71,true
5943,Product_5943,Clothing,152.41,true
5944,Product_5944,,352.06,true
5945,Product_5945,Electronics,442.74,true
5946,Product_5946,Electronics,76.79,true
5947,Product_5947,Electronics,461.74,true
5948,Product_5948,Home,105.43,true
5949,Product_5949,,337.13,true
5950,Product_5950,Clothing,444.96,false
5951,Product_5951,Electronics,176.51,true
5952,Product_5952,,137.79,false
5953,Product_5953,Clothing,227.93,true
5954,Product_5954,Electronics,164.25,true
5955,Product_5955,Clothing,470.32,true
5956,Product_5956,Electronics,93.14,true
5957,Product_5957,,217.22,true
5958,Product_5958,Home,397.11,false
5959,Product_5959,Electronics,129.6,true
5960,Product_5960,Clothing,335.95,true
5961,Product_5961,Clothing,379.94,true
5962,Product_5962,Clothing,105.46,true
5963,Product_5963,Electronics,379.42,false
5964,Product_5964,Electronics,346.32,true
5965,Product_5965,Electronics,452.09,true
5966,Product_5966,,107.71,true
5967,Product_5967,Electronics,184.4,true
5968,Product_5968,Clothing,438.22,true
5969,Product_5969,Home,498.64,true
5970,Product_5970,Home,273.1,true
5971,Product_5971,Electronics,227.41,true
5972,Product_5972,Clothing,153.9,true
5973,Product_5973,Electronics,262.18,true
5974,Product_5974,Electronics,143.03,true
5975,Product_5975,Electronics,475.01,true
5976,Product_5976,Electronics,55.86,true
5977,Product_5977,Clothing,429.04,true
5978,Product_5978,Electronics,48.26,true
5979,Product_5979,Clothing,50.14,true
5980,Product_5980,Home,69.17,true
5981,Product_5981,Electronics,398.64,false
5982,Product_5982,,88.76,true
5983,Product_5983,Home,327.3,true
5984,Product_5984,Electronics,201.83,true
5985,Product_5985,Electronics,132.38,true
5986,Product_5986,Electronics,481.37,true
5987,Product_5987,Electronics,357.26,true
5988,Product_5988,Home,423.03,true
5989,Product_5989,Electronics,378.53,true
5990,Product_5990,Electronics,488.46,true
5991,Product_5991,Clothing,211.34,false
5992,Product_5992,Home,457.24,true
5993,Product_5993,Electronics,198.39,true
5994,Product_5994,,126.99,true
5995,Product_5995,Home,110.54,true
5996,Product_5996,Electronics,170.13,true
5997,Product_5997,Home,238.97,true
5998,Product_5998,Clothing,441.77,true
5999,Product_5999,Home,123.03,true
6000,Product_6000,Electronics,182.8,true
6001,Product_6001,Electronics,487.76,true
6002,Product_6002,Home,41.37,true
6003,Product_6003,Electronics,476.3,true
6004,Product_6004,Clothing,314.43,true
6005,Product_6005,Clothing,169.64,true
6006,Product_6006,Electronics,289.34,true
6007,Product_6007,Electronics,377.89,true
6008,Product_6008,Electronics,453.71,true
6009,Product_6009,Electronics,196.44,true
6010,Product_6010,Home,321.17,true
6011,Product_6011,Home,198.19,true
6012,Product_6012,Electronics,125.78,true
6013,Product_6013,Home,406.32,true
6014,Product_6014,Clothing,374.78,true
6015,Product_6015,Clothing,463.48,true
6016,Product_6016,Electronics,424.67,false
6017,Product_6017,Electronics,85.35,true
6018,Product_6018,Clothing,474.49,true
6019,Product_6019,Electronics,397.38,true
6020,Product_6020,Home,86.46,true
6021,Product_6021,Clothing,318.77,true
6022,Product_6022,Clothing,460.89,true
6023,Product_6023,Home,409.79,true
6024,Product_6024,Clothing,33.2,true
6025,Product_6025,Home,74.76,true
6026,Product_6026,Clothing,394.42,true
6027,Product_6027,Electronics,69.76,true
6028,Product_6028,Clothing,49.76,true
6029,Product_6029,Home,26.07,true
6030,Product_6030,Electronics,249.44,true
6031,Product_6031,Electronics,183.7,true
6032,Product_6032,Home,94.67,true
6033,Product_6033,Clothing,301.44,true
6034,Product_6034,,261.55,true
6035,Product_6035,Electronics,328.0,true
6036,Product_6036,,65.83,true
6037,Product_6037,Electronics,49.78,true
6038,Product_6038,Home,304.4,true
6039,Product_6039,Clothing,34.49,true
6040,Product_6040,,309.97,true
6041,Product_6041,Electronics,295.55,true
6042,Product_6042,Clothing,318.3,true
6043,Product_6043,Electronics,67.28,true
6044,Product_6044,Clothing,367.31,true
6045,Product_6045,,84.41,true
6046,Product_6046,Home,482.87,true
6047,Product_6047,Clothing,140.2,true
6048,Product_6048,Home,171.58,true
6049,Product_6049,Home,361.46,true
6050,Product_6050,Electronics,167.97,true
6051,Product_6051,Clothing,185.97,true
6052,Product_6052,Electronics,149.42,true
6053,Product_6053,Electronics,39.36,true
6054,Product_6054,Electronics,259.44,true
6055,Product_6055,Electronics,20.58,true
6056,Product_6056,Home,189.98,false
6057,Product_6057,Electronics,278.84,true
6058,Product_6058,Clothing,205.96,true
6059,Product_6059,Electronics,432.21,true
6060,Product_6060,,34.61,true
6061,Product_6061,Clothing,73.11,true
6062,Product_6062,,57.33,false
6063,Product_6063,Electronics,147.13,true
6064,Product_6064,Electronics,407.53,true
6065,Product_6065,Clothing,67.19,true
6066,Product_6066,Electronics,106.67,true
6067,Product_6067,Clothing,98.13,true
6068,Product_6068,Home,446.0,true
6069,Product_6069,Electronics,301.86,true
6070,Product_6070,Clothing,14.14,true
6071,Product_6071,Clothing,119.84,true
6072,Product_6072,Electronics,150.98,true
6073,Product_6073,Electronics,34.96,true
6074,Product_6074,Clothing,369.65,true
6075,Product_6075,Home,440.17,true
6076,Product_6076,Home,418.28,true
6077,Product_6077,,399.92,true
6078,Product_6078,Home,301.95,true
6079,Product_6079,Electronics,77.79,false
6080,Product_6080,Electronics,75.91,true
6081,Product_6081,Electronics,381.08,true
6082,Product_6082,Clothing,87.61,true
6083,Product_6083,Home,206.57,true
6084,Product_6084,Electronics,436.7,false
6085,Product_6085,Clothing,97.49,true
6086,Product_6086,Home,443.14,true
6087,Product_6087,Clothing,216.38,true
6088,Product_6088,Clothing,116.35,true
6089,Product_6089,Home,452.62,true
6090,Product_6090,Electronics,14.58,true
6091,Product_6091,Clothing,26.85,true
6092,Product_6092,Electronics,198.49,true
6093,Product_6093,Electronics,59.12,true
6094,Product_6094,,112.08,true
6095,Product_6095,Clothing,163.7,true
6096,Product_6096,Electronics,214.17,true
6097,Product_6097,Clothing,22.66,true
6098,Product_6098,Electronics,126.8,true
6099,Product_6099,Electronics,78.16,true
6100,Product_6100,Electronics,450.69,false
6101,Product_6101,Clothing,151.78,true
6102,Product_6102,Electronics,49.27,true
6103,Product_6103,Electronics,193.24,false
6104,Product_6104,Electronics,494.03,true
6105,Product_6105,Electronics,85.82,true
6106,Product_6106,,164.14,true
6107,Product_6107,Electronics,478.31,false
6108,Product_6108,Home,401.62,true
6109,Product_6109,Electronics,96.72,true
6110,Product_6110,Home,213.19,true
6111,Product_6111,Clothing,373.75,true
6112,Product_6112,Electronics,358.41,true
6113,Product_6113,Home,487.96,true
6114,Product_6114,,117.36,true
6115,Product_6115,Electronics,29.03,true
6116,Product_6116,Electronics,24.23,true
6117,Product_6117,Electronics,217.0,true
6118,Product_6118,Electronics,142.96,true
6119,Product_6119,Home,211.84,false
6120,Product_6120,Clothing,22.92,true
6121,Product_6121,Electronics,461.97,true
6122,Product_6122,,287.96,true
6123,Product_6123,Electronics,81.36,true
6124,Product_6124,Electronics,453.74,true
6125,Product_6125,Clothing,498.41,true
6126,Product_6126,Clothing,444.07,true
6127,Product_6127,,428.92,true
6128,Product_6128,Electronics,70.94,true
6129,Product_6129,Home,342.27,true
6130,Product_6130,Electronics,258.29,true
6131,Product_6131,Clothing,160.49,true
6132,Product_6132,Clothing,314.21,true
6133,Product_6133,Electronics,445.42,true
6134,Product_6134,Clothing,10.29,false
6135,Product_6135,Home,98.42,true
6136,Product_6136,Electronics,394.42,true
6137,Product_6137,Clothing,383.99,true
6138,Product_6138,Home,341.39,true
6139,Product_6139,,458.21,true
6140,Product_6140,Home,67.96,true
6141,Product_6141,Electronics,237.04,true
6142,Product_6142,Electronics,18.54,true
6143,Product_6143,Home,485.11,true
6144,Product_6144,Electronics,337.67,true
6145,Product_6145,Electronics,499.02,true
6146,Product_6146,,205.63,true
6147,Product_6147,Clothing,492.85,true
6148,Product_6148,Electronics,132.31,true
6149,Product_6149,Electronics,220.68,false
6150,Product_6150,Electronics,286.29,true
6151,Product_6151,Electronics,253.97,true
6152,Product_6152,,467.0,true
6153,Product_6153,Clothing,410.59,true
6154,Product_6154,Electronics,107.62,true
6155,Product_6155,Clothing,70.37,true
6156,Product_6156,Clothing,309.15,true
6157,Product_6157,Clothing,194.66,true
6158,Product_6158,Electronics,465.11,true
6159,Product_6159,Electronics,342.07,true
6160,Product_6160,Home,338.91,true
6161,Product_6161,Home,308.16,true
6162,Product_6162,,39.81,true
6163,Product_6163,,427.8,true
6164,Product_6164,Electronics,464.12,true
6165,Product_6165,Clothing,52.21,true
6166,Product_6166,,209.54,true
6167,Product_6167,Home,88.32,true
6168,Product_6168,Home,358.28,true
6169,Product_6169,Home,195.72,true
6170,Product_6170,Clothing,208.76,true
6171,Product_6171,Clothing,142.49,true
6172,Product_6172,Electronics,58.13,true
6173,Product_6173,Electronics,486.5,true
6174,Product_6174,Electronics,181.78,true
6175,Product_6175,Home,133.02,true
6176,Product_6176,Electronics,425.14,true
6177,Product_6177,Clothing,79.13,true
6178,Product_6178,Home,231.29,true
6179,Product_6179,Clothing,107.25,true
6180,Product_6180,Clothing,303.69,true
6181,Product_6181,Electronics,360.93,false
6182,Product_6182,Electronics,240.46,true
6183,Product_6183,Electronics,172.5,true
6184,Product_6184,Home,76.26,true
6185,Product_6185,Home,188.87,true
6186,Product_6186,,67.68,true
6187,Product_6187,Clothing,406.75,true
6188,Product_6188,Home,18.41,true
6189,Product_6189,Home,91.42,true
6190,Product_6190,Home,455.19,true
6191,Product_6191,Clothing,200.64,true
6192,Product_6192,Clothing,305.01,true
6193,Product_6193,Clothing,215.82,false
6194,Product_6194,Home,446.58,false
6195,Product_6195,Home,71.07,true
6196,Product_6196,Home,408.2,true
6197,Product_6197,Electronics,288.35,false
6198,Product_6198,Clothing,492.69,false
6199,Product_6199,Electronics,130.62,true
6200,Product_6200,Electronics,399.18,true
6201,Product_6201,Electronics,384.95,true
6202,Product_6202,Clothing,269.69,true
6203,Product_6203,Clothing,32.5,true
6204,Product_6204,Clothing,486.34,true
6205,Product_6205,Home,164.6,true
6206,Product_6206,Home,110.88,true
6207,Product_6207,,404.86,true
6208,Product_6208,Electronics,160.42,true
6209,Product_6209,Clothing,301.03,true
6210,Product_6210,Clothing,449.35,true
6211,Product_6211,Clothing,315.04,true
6212,Product_6212,Electronics,321.1,true
6213,Product_6213,,58.76,true
6214,Product_6214,Electronics,361.19,false
6215,Product_6215,Home,196.37,true
6216,Product_6216,Electronics,253.14,true
6217,Product_6217,Electronics,352.56,true
6218,Product_6218,Clothing,437.14,true
6219,Product_6219,Electronics,295.02,true
6220,Product_6220,Clothing,82.77,true
6221,Product_6221,Electronics,399.42,true
6222,Product_6222,Clothing,467.86,true
6223,Product_6223,,340.07,true
6224,Product_6224,Clothing,467.71,true
6225,Product_6225,Home,499.71,true
6226,Product_6226,Home,399.62,true
6227,Product_6227,Electronics,308.66,true
6228,Product_6228,Clothing,62.84,true
6229,Product_6229,Clothing,406.16,true
6230,Product_6230,Home,40.41,true
6231,Product_6231,Home,367.31,true
6232,Product_6232,Clothing,420.35,true
6233,Product_6233,Clothing,219.02,true
6234,Product_6234,Clothing,56.12,true
6235,Product_6235,Home,343.09,true
6236,Product_6236,Home,131.46,true
6237,Product_6237,Home,11.05,true
6238,Product_6238,Clothing,294.63,true
6239,Product_6239,Clothing,218.92,true
6240,Product_6240,Clothing,271.94,true
6241,Product_6241,Electronics,234.42,true
6242,Product_6242,Home,17.96,true
6243,Product_6243,Electronics,221.12,true
6244,Product_6244,Electronics,148.5,true
6245,Product_6245,Electronics,86.61,false
6246,Product_6246,Electronics,290.41,false
6247,Product_6247,Electronics,254.65,true
6248,Product_6248,Electronics,164.39,true
6249,Product_6249,Electronics,79.92,true
6250,Product_6250,,49.75,true
6251,Product_6251,Electronics,400.52,true
6252,Product_6252,Clothing,163.89,true
6253,Product_6253,Electronics,260.29,true
6254,Product_6254,Electronics,442.97,true
6255,Product_6255,Electronics,228.66,true
6256,Product_6256,Home,201.24,true
6257,Product_6257,,337.51,false
6258,Product_6258,Home,105.08,true
6259,Product_6259,Electronics,445.62,true
6260,Product_6260,Clothing,143.34,true
6261,Product_6261,Electronics,325.21,true
6262,Product_6262,Electronics,328.95,true
6263,Product_6263,Electronics,13.23,true
6264,Product_6264,Home,103.99,false
6265,Product_6265,Clothing,96.67,true
6266,Product_6266,Electronics,460.94,true
6267,Product_6267,Electronics,330.55,false
6268,Product_6268,Electronics,281.55,true
6269,Product_6269,Clothing,167.4,true
6270,Product_6270,Electronics,368.13,true
6271,Product_6271,Electronics,82.46,true
6272,Product_6272,Electronics,186.16,true
6273,Product_6273,Clothing,390.84,true
6274,Product_6274,Home,451.09,true
6275,Product_6275,Clothing,134.46,true
6276,Product_6276,Home,328.98,true
6277,Product_6277,Electronics,288.74,true
6278,Product_6278,Home,182.38,true
6279,Product_6279,,316.41,false
6280,Product_6280,Electronics,355.98,true
6281,Product_6281,Electronics,295.95,true
6282,Product_6282,Electronics,475.74,true
6283,Product_6283,Electronics,266.29,true
6284,Product_6284,,63.01,true
6285,Product_6285,Home,374.15,true
6286,Product_6286,Electronics,264.36,true
6287,Product_6287,Electronics,230.48,true
6288,Product_6288,Electronics,150.7,true
6289,Product_6289,,472.4,true
6290,Product_6290,Electronics,404.43,true
6291,Product_6291,Clothing,408.14,true
6292,Product_6292,Clothing,90.04,true
6293,Product_6293,Electronics,351.79,true
6294,Product_6294,Home,436.57,false
6295,Product_6295,Electronics,379.57,true
6296,Product_6296,Electronics,385.11,true
6297,Product_6297,Clothing,13.08,true
6298,Product_6298,Clothing,402.77,true
6299,Product_6299,Clothing,234.48,true
6300,Product_6300,Electronics,487.23,true
6301,Product_6301,Electronics,313.99,true
6302,Product_6302,Clothing,354.3,true
6303,Product_6303,Clothing,305.83,true
6304,Product_6304,Electronics,223.14,true
6305,Product_6305,Electronics,12.71,true
6306,Product_6306,Clothing,493.12,true
6307,Product_6307,Electronics,14.2,true
6308,Product_6308,,447.24,true
6309,Product_6309,Electronics,43.55,true
6310,Product_6310,,422.32,true
6311,Product_6311,,287.34,true
6312,Product_6312,Clothing,345.04,true
6313,Product_6313,Electronics,234.53,true
6314,Product_6314,Clothing,375.91,false
6315,Product_6315,Electronics,48.42,true
6316,Product_6316,,111.58,true
6317,Product_6317,Clothing,49.26,true
6318,Product_6318,Home,152.0,false
6319,Product_6319,Electronics,281.29,true
6320,Product_6320,Home,358.45,true
6321,Product_6321,Home,110.53,true
6322,Product_6322,Electronics,400.94,true
6323,Product_6323,Clothing,336.47,true
6324,Product_6324,Clothing,487.45,true
6325,Product_6325,Electronics,433.83,true
6326,Product_6326,Electronics,350.52,true
6327,Product_6327,Electronics,312.34,true
6328,Product_6328,,301.63,true
6329,Product_6329,Electronics,180.43,true
6330,Product_6330,Home,407.7,false
6331,Product_6331,Electronics,259.04,true
6332,Product_6332,Clothing,447.72,true
6333,Product_6333,Electronics,177.49,true
6334,Product_6334,Electronics,396.63,true
6335,Product_6335,Electronics,140.48,true
6336,Product_6336,Electronics,85.03,true
6337,Product_6337,Electronics,196.91,true
6338,Product_6338,Clothing,198.56,false
6339,Product_6339,Clothing,412.52,true
6340,Product_6340,Clothing,45.0,true
6341,Product_6341,Clothing,384.86,true
6342,Product_6342,Electronics,414.27,true
6343,Product_6343,Electronics,207.4,true
6344,Product_6344,Electronics,398.51,true
6345,Product_6345,Home,109.38,true
6346,Product_6346,Clothing,385.56,true
6347,Product_6347,Home,199.91,true
6348,Product_6348,Clothing,167.33,true
6349,Product_6349,Clothing,171.04,true
6350,Product_6350,Electronics,100.84,true
6351,Product_6351,Electronics,70.78,true
6352,Product_6352,,54.52,true
6353,Product_6353,Clothing,102.17,true
6354,Product_6354,Home,11.17,true
6355,Product_6355,Electronics,348.01,true
6356,Product_6356,Clothing,173.37,false
6357,Product_6357,Electronics,143.86,true
6358,Product_6358,Electronics,192.37,true
6359,Product_6359,Clothing,56.31,true
6360,Product_6360,Clothing,198.4,true
6361,Product_6361,Electronics,161.86,true
6362,Product_6362,Home,292.07,true
6363,Product_6363,Clothing,413.83,true
6364,Product_6364,Electronics,158.47,true
6365,Product_6365,Clothing,223.69,true
6366,Product_6366,Home,481.01,true
6367,Product_6367,Home,28.21,true
6368,Product_6368,Electronics,105.73,true
6369,Product_6369,,63.83,true
6370,Product_6370,Clothing,417.78,false
6371,Product_6371,Home,486.86,true
6372,Product_6372,Clothing,425.03,true
6373,Product_6373,Electronics,256.68,true
6374,Product_6374,Home,112.61,true
6375,Product_6375,Home,139.92,true
6376,Product_6376,Electronics,169.8,true
6377,Product_6377,Electronics,324.63,true
6378,Product_6378,Electronics,221.72,true
6379,Product_6379,Electronics,198.57,true
6380,Product_6380,Electronics,328.31,true
6381,Product_6381,Electronics,116.48,true
6382,Product_6382,Electronics,465.24,true
6383,Product_6383,,138.12,true
6384,Product_6384,Electronics,437.69,true
6385,Product_6385,Electronics,52.25,false
6386,Product_6386,Home,331.16,true
6387,Product_6387,Home,45.78,true
6388,Product_6388,Home,435.38,true
6389,Product_6389,Clothing,355.9,true
6390,Product_6390,,27.41,true
6391,Product_6391,Electronics,473.59,true
6392,Product_6392,Clothing,292.97,true
6393,Product_6393,Clothing,17.83,true
6394,Product_6394,Electronics,245.09,true
6395,Product_6395,Electronics,49.73,true
6396,Product_6396,Clothing,164.89,true
6397,Product_6397,,424.97,true
6398,Product_6398,Home,375.41,true
6399,Product_6399,Electronics,254.73,true
6400,Product_6400,Home,355.33,true
6401,Product_6401,Electronics,387.27,true
6402,Product_6402,Electronics,369.98,true
6403,Product_6403,Clothing,239.64,false
6404,Product_6404,Home,71.56,true
6405,Product_6405,Electronics,362.49,true
6406,Product_6406,Electronics,283.82,true
6407,Product_6407,Electronics,204.53,true
6408,Product_6408,Clothing,467.95,true
6409,Product_6409,Clothing,29.91,true
6410,Product_6410,Electronics,358.91,true
6411,Product_6411,Clothing,287.56,true
6412,Product_6412,Home,421.84,true
6413,Product_6413,Electronics,46.69,true
6414,Product_6414,Clothing,305.83,true
6415,Product_6415,Electronics,151.34,true
6416,Product_6416,Electronics,238.09,true
6417,Product_6417,,276.31,true
6418,Product_6418,Clothing,396.95,true
6419,Product_6419,Home,218.11,true
6420,Product_6420,Electronics,126.84,true
6421,Product_6421,Electronics,438.41,true
6422,Product_6422,Clothing,297.28,true
6423,Product_6423,Home,25.95,true
6424,Product_6424,Electronics,193.17,false
6425,Product_6425,Clothing,478.95,true
6426,Product_6426,Electronics,136.41,false
6427,Product_6427,Electronics,27.61,true
6428,Product_6428,Electronics,51.66,true
6429,Product_6429,Electronics,444.53,true
6430,Product_6430,Electronics,38.05,true
6431,Product_6431,Clothing,18.93,true
6432,Product_6432,Clothing,22.42,true
6433,Product_6433,Clothing,51.3,true
6434,Product_6434,Home,446.91,true
6435,Product_6435,Home,94.19,true
6436,Product_6436,Electronics,421.88,true
6437,Product_6437,Electronics,298.28,true
6438,Product_6438,Clothing,257.79,true
6439,Product_6439,Electronics,357.51,true
6440,Product_6440,Electronics,139.06,true
6441,Product_6441,,393.21,true
6442,Product_6442,Electronics,392.54,true
6443,Product_6443,Clothing,108.58,true
6444,Product_6444,Electronics,185.15,true
6445,Product_6445,Home,142.64,true
6446,Product_6446,Electronics,290.44,true
6447,Product_6447,Home,46.52,true
6448,Product_6448,Clothing,345.85,true
6449,Product_6449,Home,458.46,true
6450,Product_6450,Home,317.72,true
6451,Product_6451,Home,254.48,true
6452,Product_6452,Electronics,487.06,true
6453,Product_6453,Home,277.98,true
6454,Product_6454,Home,72.47,true
6455,Product_6455,Clothing,205.19,true
6456,Product_6456,Clothing,61.03,true
6457,Product_6457,,483.86,true
6458,Product_6458,Clothing,479.69,true
6459,Product_6459,Electronics,480.39,false
6460,Product_6460,Electronics,55.93,false
6461,Product_6461,Electronics,499.24,true
6462,Product_6462,Clothing,264.15,true
6463,Product_6463,Electronics,236.68,true
6464,Product_6464,Clothing,233.35,true
6465,Product_6465,Clothing,434.51,false
6466,Product_6466,,473.67,true
6467,Product_6467,Clothing,98.3,true
6468,Product_6468,Clothing,183.6,true
6469,Product_6469,Clothing,218.7,true
6470,Product_6470,Electronics,235.96,true
6471,Product_6471,Electronics,384.6,true
6472,Product_6472,Clothing,318.77,true
6473,Product_6473,Electronics,116.37,true
6474,Product_6474,,324.65,true
6475,Product_6475,Clothing,229.46,true
6476,Product_6476,Home,32.46,true
6477,Product_6477,Home,307.21,true
6478,Product_6478,Electronics,269.47,true
6479,Product_6479,Home,232.81,false
6480,Product_6480,,153.49,true
6481,Product_6481,,119.25,true
6482,Product_6482,Electronics,223.48,true
6483,Product_6483,Home,186.92,true
6484,Product_6484,Electronics,316.04,true
6485,Product_6485,Home,222.54,true
6486,Product_6486,Electronics,48.46,true
6487,Product_6487,Electronics,384.93,true
6488,Product_6488,Home,422.39,true
6489,Product_6489,Clothing,338.84,true
6490,Product_6490,Clothing,131.51,true
6491,Product_6491,Home,162.86,true
6492,Product_6492,Electronics,471.08,true
6493,Product_6493,Home,259.65,true
6494,Product_6494,Electronics,434.01,false
6495,Product_6495,Electronics,490.53,true
6496,Product_6496,Home,184.38,true
6497,Product_6497,Electronics,233.19,true
6498,Product_6498,Clothing,149.07,true
6499,Product_6499,Home,414.88,true
6500,Product_6500,Home,474.97,true
6501,Product_6501,Electronics,477.42,true
6502,Product_6502,Electronics,221.73,true
6503,Product_6503,Home,145.1,true
6504,Product_6504,Electronics,108.11,false
6505,Product_6505,Electronics,60.74,true
6506,Product_6506,Home,164.74,true
6507,Product_6507,Electronics,333.6,true
6508,Product_6508,Clothing,121.43,true
6509,Product_6509,Electronics,194.74,true
6510,Product_6510,Home,464.79,true
6511,Product_6511,Clothing,125.42,false
6512,Product_6512,Electronics,202.65,true
6513,Product_6513,Electronics,300.8,true
6514,Product_6514,Electronics,310.51,true
6515,Product_6515,Clothing,208.22,true
6516,Product_6516,Electronics,451.1,true
6517,Product_6517,Electronics,29.45,true
6518,Product_6518,,79.39,true
6519,Product_6519,Clothing,52.09,false
6520,Product_6520,Home,159.49,true
6521,Product_6521,Electronics,479.02,true
6522,Product_6522,Electronics,101.02,true
6523,Product_6523,Electronics,64.42,true
6524,Product_6524,,260.07,false
6525,Product_6525,,269.55,true
6526,Product_6526,Electronics,339.5,true
6527,Product_6527,Clothing,316.89,true
6528,Product_6528,Clothing,286.35,true
6529,Product_6529,,115.51,false
6530,Product_6530,Home,475.12,true
6531,Product_6531,Electronics,410.38,false
6532,Product_6532,Electronics,465.34,true
6533,Product_6533,Electronics,174.83,true
6534,Product_6534,Home,309.19,true
6535,Product_6535,Home,220.88,true
6536,Product_6536,Electronics,178.33,true
6537,Product_6537,,11.88,true
6538,Product_6538,Electronics,134.11,true
6539,Product_6539,Electronics,397.63,true
6540,Product_6540,Electronics,428.4,false
6541,Product_6541,Electronics,192.15,true
6542,Product_6542,Home,366.0,true
6543,Product_6543,Electronics,347.93,true
6544,Product_6544,Electronics,68.09,true
6545,Product_6545,Home,319.25,true
6546,Product_6546,,104.0,true
6547,Product_6547,Clothing,482.62,true
6548,Product_6548,Clothing,249.2,true
6549,Product_6549,Electronics,103.27,true
6550,Product_6550,Electronics,88.21,true
6551,Product_6551,Home,54.99,true
6552,Product_6552,Electronics,102.76,true
6553,Product_6553,Home,394.56,true
6554,Product_6554,Electronics,171.92,true
6555,Product_6555,Home,159.13,true
6556,Product_6556,Electronics,62.2,false
6557,Product_6557,Electronics,31.64,true
6558,Product_6558,Electronics,98.91,true
6559,Product_6559,,442.73,true
6560,Product_6560,Clothing,376.3,true
6561,Product_6561,Electronics,418.09,true
6562,Product_6562,Clothing,333.86,true
6563,Product_6563,Electronics,320.12,true
6564,Product_6564,Electronics,248.23,false
6565,Product_6565,Electronics,61.05,true
6566,Product_6566,,223.37,true
6567,Product_6567,Clothing,430.62,true
6568,Product_6568,Clothing,291.37,true
6569,Product_6569,Electronics,106.48,true
6570,Product_6570,Clothing,198.22,true
6571,Product_6571,Clothing,362.11,true
6572,Product_6572,Electronics,236.72,true
6573,Product_6573,Home,363.29,true
6574,Product_6574,Clothing,149.51,true
6575,Product_6575,Home,115.47,true
6576,Product_6576,Electronics,443.77,true
6577,Product_6577,Electronics,155.16,true
6578,Product_6578,Electronics,149.61,true
6579,Product_6579,Electronics,347.08,true
6580,Product_6580,Clothing,412.59,false
6581,Product_6581,Clothing,59.86,true
6582,Product_6582,,252.01,true
6583,Product_6583,Clothing,185.28,true
6584,Product_6584,,174.62,true
6585,Product_6585,Electronics,34.53,true
6586,Product_6586,Electronics,394.16,true
6587,Product_6587,Electronics,308.13,true
6588,Product_6588,Electronics,452.99,true
6589,Product_6589,Electronics,409.44,true
6590,Product_6590,Electronics,381.33,true
6591,Product_6591,Home,428.65,true
6592,Product_6592,Home,459.24,true
6593,Product_6593,Home,51.52,true
6594,Product_6594,,304.97,true
6595,Product_6595,Clothing,186.94,true
6596,Product_6596,Clothing,292.04,true
6597,Product_6597,Home,103.14,true
6598,Product_6598,Clothing,280.52,true
6599,Product_6599,Electronics,150.82,true
6600,Product_6600,Clothing,144.75,true
6601,Product_6601,Electronics,21.19,true
6602,Product_6602,Clothing,285.57,true
6603,Product_6603,Clothing,150.76,true
6604,Product_6604,Electronics,139.7,true
6605,Product_6605,Clothing,84.29,true
6606,Product_6606,Electronics,128.95,true
6607,Product_6607,Electronics,420.06,true
6608,Product_6608,Clothing,22.1,true
6609,Product_6609,,216.32,true
6610,Product_6610,Electronics,118.95,true
6611,Product_6611,Clothing,495.4,true
6612,Product_6612,Clothing,115.97,true
6613,Product_6613,,45.39,true
6614,Product_6614,Electronics,143.36,true
6615,Product_6615,,269.04,true
6616,Product_6616,Clothing,224.66,false
6617,Product_6617,Home,407.2,true
6618,Product_6618,Home,474.01,true
6619,Product_6619,Electronics,85.25,true
6620,Product_6620,Clothing,387.14,true
6621,Product_6621,Clothing,467.97,true
6622,Product_6622,Home,325.47,true
6623,Product_6623,Clothing,78.92,true
6624,Product_6624,Clothing,278.38,true
6625,Product_6625,Clothing,44.13,true
6626,Product_6626,Electronics,364.9,true
6627,Product_6627,Clothing,430.13,true
6628,Product_6628,Electronics,126.34,true
6629,Product_6629,Electronics,273.6,false
6630,Product_6630,Clothing,261.63,true
6631,Product_6631,Clothing,339.34,true
6632,Product_6632,Home,126.45,true
6633,Product_6633,Home,168.4,false
6634,Product_6634,Electronics,60.51,false
6635,Product_6635,Electronics,45.9,true
6636,Product_6636,Clothing,332.77,true
6637,Product_6637,Home,313.92,true
6638,Product_6638,Home,371.05,true
6639,Product_6639,Clothing,497.05,false
6640,Product_6640,Clothing,203.76,true
6641,Product_6641,Electronics,449.14,true
6642,Product_6642,Clothing,195.43,true
6643,Product_6643,Electronics,350.16,true
6644,Product_6644,Electronics,484.03,true
6645,Product_6645,,109.06,true
6646,Product_6646,Clothing,64.22,true
6647,Product_6647,Home,257.77,true
6648,Product_6648,Home,314.89,true
6649,Product_6649,Electronics,165.46,true
6650,Product_6650,Electronics,260.6,true
6651,Product_6651,Clothing,172.26,true
6652,Product_6652,Clothing,346.08,true
6653,Product_6653,,52.72,true
6654,Product_6654,,53.31,true
6655,Product_6655,Home,249.02,true
6656,Product_6656,Home,220.25,true
6657,Product_6657,Electronics,496.95,true
6658,Product_6658,Clothing,436.45,true
6659,Product_6659,Home,113.6,false
6660,Product_6660,Electronics,231.74,true
6661,Product_6661,Clothing,342.8,true
6662,Product_6662,,96.27,true
6663,Product_6663,Electronics,149.64,true
6664,Product_6664,Clothing,167.37,true
6665,Product_6665,Electronics,36.96,true
6666,Product_6666,Home,24.44,true
6667,Product_6667,Electronics,453.48,true
6668,Product_6668,Clothing,241.69,true
6669,Product_6669,Home,180.33,true
6670,Product_6670,Electronics,245.34,true
6671,Product_6671,Clothing,73.81,true
6672,Product_6672,Electronics,491.17,true
6673,Product_6673,Clothing,487.3,true
6674,Product_6674,Home,173.88,true
6675,Product_6675,,29.74,true
6676,Product_6676,Electronics,401.47,true
6677,Product_6677,Home,303.79,true
6678,Product_6678,Electronics,170.4,true
6679,Product_6679,Electronics,291.62,false
6680,Product_6680,Clothing,342.62,true
6681,Product_6681,Electronics,330.34,true
6682,Product_6682,Clothing,281.33,true
6683,Product_6683,Home,399.36,true
6684,Product_6684,Electronics,213.8,true
6685,Product_6685,Electronics,318.92,true
6686,Product_6686,Electronics,441.41,true
6687,Product_6687,Clothing,339.0,true
6688,Product_6688,Clothing,376.02,true
6689,Product_6689,Clothing,457.5,true
6690,Product_6690,,202.35,true
6691,Product_6691,Electronics,195.23,true
6692,Product_6692,Home,334.71,true
6693,Product_6693,Clothing,65.76,true
6694,Product_6694,Home,48.06,true
6695,Product_6695,Electronics,346.82,true
6696,Product_6696,Electronics,98.16,false
6697,Product_6697,Electronics,113.57,true
6698,Product_6698,Electronics,167.24,true
6699,Product_6699,Clothing,74.3,true
6700,Product_6700,Clothing,63.93,false
6701,Product_6701,Electronics,319.9,true
6702,Product_6702,Electronics,161.95,true
6703,Product_6703,Clothing,139.62,true
6704,Product_6704,Clothing,415.51,true
6705,Product_6705,Electronics,474.06,true
6706,Product_6706,Clothing,29.63,true
6707,Product_6707,Electronics,65.21,true
6708,Product_6708,Electronics,404.33,true
6709,Product_6709,Electronics,467.86,true
6710,Product_6710,Home,283.37,true
6711,Product_6711,Home,464.24,true
6712,Product_6712,Clothing,486.07,true
6713,Product_6713,Electronics,259.54,true
6714,Product_6714,Electronics,10.04,true
6715,Product_6715,Home,253.74,true
6716,Product_6716,Home,248.82,true
6717,Product_6717,Home,22.85,true
6718,Product_6718,Clothing,205.52,true
6719,Product_6719,Electronics,304.08,true
6720,Product_6720,Clothing,241.78,true
6721,Product_6721,Electronics,315.46,true
6722,Product_6722,Clothing,206.31,true
6723,Product_6723,Electronics,477.41,true
6724,Product_6724,Clothing,371.63,true
6725,Product_6725,Home,48.92,true
6726,Product_6726,Clothing,212.4,true
6727,Product_6727,Clothing,460.09,true
6728,Product_6728,Electronics,390.7,true
6729,Product_6729,Clothing,44.71,true
6730,Product_6730,,407.77,true
6731,Product_6731,Electronics,322.73,true
6732,Product_6732,Home,178.0,true
6733,Product_6733,Clothing,186.96,true
6734,Product_6734,Electronics,260.19,true
6735,Product_6735,Electronics,413.76,true
6736,Product_6736,Clothing,134.83,true
6737,Product_6737,,291.82,true
6738,Product_6738,,328.38,true
6739,Product_6739,Home,337.67,false
6740,Product_6740,Clothing,243.37,false
6741,Product_6741,Home,486.84,true
6742,Product_6742,Clothing,191.4,true
6743,Product_6743,Electronics,343.31,true
6744,Product_6744,Electronics,37.41,true
6745,Product_6745,Electronics,425.04,true
6746,Product_6746,Electronics,106.91,true
6747,Product_6747,Electronics,309.88,true
6748,Product_6748,Home,52.23,true
6749,Product_6749,Electronics,177.36,true
6750,Product_6750,Electronics,175.74,true
6751,Product_6751,Clothing,112.25,true
6752,Product_6752,Electronics,428.12,true
6753,Product_6753,Clothing,438.28,true
6754,Product_6754,,66.26,true
6755,Product_6755,Electronics,404.28,false
6756,Product_6756,Clothing,483.71,true
6757,Product_6757,Clothing,398.46,true
6758,Product_6758,Home,14.52,true
6759,Product_6759,,377.96,true
6760,Product_6760,Electronics,378.45,true
6761,Product_6761,Electronics,330.8,true
6762,Product_6762,Home,98.98,true
6763,Product_6763,Electronics,323.79,true
6764,Product_6764,Clothing,78.2,true
6765,Product_6765,Electronics,124.66,true
6766,Product_6766,Clothing,106.25,true
6767,Product_6767,Electronics,194.42,false
6768,Product_6768,Electronics,137.1,true
6769,Product_6769,Home,145.36,true
6770,Product_6770,Electronics,278.95,true
6771,Product_6771,Clothing,380.8,true
6772,Product_6772,,349.76,true
6773,Product_6773,Electronics,431.85,true
6774,Product_6774,Electronics,12.87,true
6775,Product_6775,Clothing,381.75,false
6776,Product_6776,Home,260.23,true
6777,Product_6777,Clothing,369.94,true
6778,Product_6778,Home,18.69,true
6779,Product_6779,Electronics,216.03,true
6780,Product_6780,Clothing,271.7,false
6781,Product_6781,,65.9,true
6782,Product_6782,Home,420.87,true
6783,Product_6783,Electronics,49.01,true
6784,Product_6784,Clothing,464.17,true
6785,Product_6785,Clothing,203.36,true
6786,Product_6786,Electronics,101.72,true
6787,Product_6787,Electronics,362.52,true
6788,Product_6788,Electronics,17.65,true
6789,Product_6789,Clothing,229.58,true
6790,Product_6790,Clothing,393.6,true
6791,Product_6791,Electronics,451.39,true
6792,Product_6792,,451.51,true
6793,Product_6793,Clothing,208.06,true
6794,Product_6794,Electronics,484.79,true
6795,Product_6795,Home,194.1,true
6796,Product_6796,Home,171.93,true
6797,Product_6797,Home,165.42,true
6798,Product_6798,Electronics,262.58,true
6799,Product_6799,Electronics,301.99,true
6800,Product_6800,Home,48.27,true
6801,Product_6801,Clothing,192.52,true
6802,Product_6802,Home,263.66,true
6803,Product_6803,Electronics,22.59,true
6804,Product_6804,Clothing,81.99,false
6805,Product_6805,Clothing,273.02,true
6806,Product_6806,Clothing,88.06,true
6807,Product_6807,,276.27,true
6808,Product_6808,Electronics,22.13,true
6809,Product_6809,Clothing,447.21,true
6810,Product_6810,Electronics,338.17,true
6811,Product_6811,Electronics,364.3,true
6812,Product_6812,,445.18,false
6813,Product_6813,Electronics,42.72,true
6814,Product_6814,Electronics,131.22,true
6815,Product_6815,Clothing,449.27,true
6816,Product_6816,,418.15,true
6817,Product_6817,Clothing,189.39,true
6818,Product_6818,Clothing,210.5,true
6819,Product_6819,Clothing,69.8,true
6820,Product_6820,,273.21,false
6821,Product_6821,Electronics,336.13,true
6822,Product_6822,Home,233.43,true
6823,Product_6823,,163.35,true
6824,Product_6824,,67.36,true
6825,Product_6825,Clothing,457.85,true
6826,Product_6826,Home,115.53,true
6827,Product_6827,Electronics,345.56,true
6828,Product_6828,,407.76,true
6829,Product_6829,Clothing,363.49,true
6830,Product_6830,Electronics,136.04,true
6831,Product_6831,Electronics,290.03,true
6832,Product_6832,Clothing,72.09,true
6833,Product_6833,Home,482.36,true
6834,Product_6834,Clothing,22.89,true
6835,Product_6835,Clothing,280.27,false
6836,Product_6836,Electronics,387.49,true
6837,Product_6837,Home,227.82,true
6838,Product_6838,,313.19,true
6839,Product_6839,,436.52,true
6840,Product_6840,,140.99,true
6841,Product_6841,Clothing,257.63,true
6842,Product_6842,Electronics,365.78,true
6843,Product_6843,Electronics,294.67,true
6844,Product_6844,Electronics,217.49,false
6845,Product_6845,Clothing,214.67,true
6846,Product_6846,Home,376.67,true
6847,Product_6847,Electronics,349.21,true
6848,Product_6848,Electronics,336.28,true
6849,Product_6849,Electronics,312.47,true
6850,Product_6850,,374.59,true
6851,Product_6851,Electronics,137.36,true
6852,Product_6852,Clothing,327.45,true
6853,Product_6853,Electronics,125.58,true
6854,Product_6854,Electronics,185.17,true
6855,Product_6855,Home,443.21,false
6856,Product_6856,Electronics,405.35,true
6857,Product_6857,,95.98,false
6858,Product_6858,Clothing,497.29,false
6859,Product_6859,Electronics,37.76,true
6860,Product_6860,Clothing,397.51,true
6861,Product_6861,Home,209.12,true
6862,Product_6862,Electronics,404.13,true
6863,Product_6863,Home,397.63,true
6864,Product_6864,Home,419.38,true
6865,Product_6865,Electronics,332.61,false
6866,Product_6866,Home,185.39,true
6867,Product_6867,Clothing,206.55,true
6868,Product_6868,Electronics,320.27,true
6869,Product_6869,Electronics,252.29,true
6870,Product_6870,Clothing,364.58,true
6871,Product_6871,Home,476.11,true
6872,Product_6872,Electronics,290.6,true
6873,Product_6873,Home,449.1,true
6874,Product_6874,Electronics,466.11,true
6875,Product_6875,Electronics,108.78,true
6876,Product_6876,Electronics,492.92,true
6877,Product_6877,Home,189.78,true
6878,Product_6878,Electronics,144.9,true
6879,Product_6879,Clothing,411.9,true
6880,Product_6880,Electronics,202.19,true
6881,Product_6881,Electronics,24.51,true
6882,Product_6882,,434.82,true
6883,Product_6883,Electronics,62.05,true
6884,Product_6884,Electronics,128.88,false
6885,Product_6885,Clothing,120.51,true
6886,Product_6886,Electronics,184.53,true
6887,Product_6887,Home,103.81,true
6888,Product_6888,Electronics,127.76,true
6889,Product_6889,Clothing,218.67,true
6890,Product_6890,Electronics,318.81,true
6891,Product_6891,,444.92,true
6892,Product_6892,Home,447.4,true
6893,Product_6893,,423.44,true
6894,Product_6894,Clothing,196.93,true
6895,Product_6895,Clothing,115.96,true
6896,Product_6896,Home,130.74,true
6897,Product_6897,Home,493.55,true
6898,Product_6898,Electronics,494.05,true
6899,Product_6899,,288.09,true
6900,Product_6900,Electronics,497.04,true
6901,Product_6901,Electronics,220.87,true
6902,Product_6902,Electronics,290.4,true
6903,Product_6903,Clothing,395.12,true
6904,Product_6904,Electronics,448.1,true
6905,Product_6905,Electronics,361.44,true
6906,Product_6906,Clothing,461.64,true
6907,Product_6907,Clothing,181.33,true
6908,Product_6908,Electronics,28.86,true
6909,Product_6909,Electronics,405.1,true
6910,Product_6910,Electronics,445.94,true
6911,Product_6911,,255.26,true
6912,Product_6912,Home,140.29,true
6913,Product_6913,Clothing,272.21,true
6914,Product_6914,Clothing,277.97,true
6915,Product_6915,Electronics,116.94,false
6916,Product_6916,Clothing,375.28,true
6917,Product_6917,Electronics,89.52,true
6918,Product_6918,Home,171.54,true
6919,Product_6919,Electronics,338.55,false
6920,Product_6920,Electronics,213.16,true
6921,Product_6921,Home,295.23,true
6922,Product_6922,Home,265.92,true
6923,Product_6923,Electronics,256.49,true
6924,Product_6924,Electronics,109.94,true
6925,Product_6925,Electronics,53.27,true
6926,Product_6926,,313.64,true
6927,Product_6927,Electronics,63.27,true
6928,Product_6928,Electronics,55.29,true
6929,Product_6929,Electronics,165.08,true
6930,Product_6930,Electronics,471.03,true
6931,Product_6931,Electronics,416.03,true
6932,Product_6932,Electronics,179.19,true
6933,Product_6933,Home,298.92,true
6934,Product_6934,Home,188.47,true
6935,Product_6935,Electronics,399.48,false
6936,Product_6936,Electronics,329.4,true
6937,Product_6937,Electronics,465.85,true
6938,Product_6938,Home,193.22,true
6939,Product_6939,Electronics,245.31,true
6940,Product_6940,Electronics,270.83,true
6941,Product_6941,Electronics,144.54,false
6942,Product_6942,Clothing,30.09,true
6943,Product_6943,Home,154.9,true
6944,Product_6944,Electronics,126.99,false
6945,Product_6945,Electronics,434.32,true
6946,Product_6946,Electronics,189.68,true
6947,Product_6947,,52.99,true
6948,Product_6948,Electronics,149.38,true
6949,Product_6949,Electronics,61.71,false
6950,Product_6950,Electronics,300.94,true
6951,Product_6951,Electronics,103.51,true
6952,Product_6952,Home,85.97,true
6953,Product_6953,,51.97,true
6954,Product_6954,Electronics,363.91,true
6955,Product_6955,,376.66,true
6956,Product_6956,Electronics,477.1,false
6957,Product_6957,Clothing,279.55,true
6958,Product_6958,Electronics,388.82,true
6959,Product_6959,Home,434.69,true
6960,Product_6960,Clothing,31.13,true
6961,Product_6961,,486.03,true
6962,Product_6962,Clothing,60.75,true
6963,Product_6963,Electronics,182.14,true
6964,Product_6964,Electronics,12.85,true
6965,Product_6965,,23.81,true
6966,Product_6966,Electronics,83.45,false
6967,Product_6967,,105.7,true
6968,Product_6968,Electronics,137.05,true
6969,Product_6969,Electronics,177.4,true
6970,Product_6970,Electronics,46.13,true
6971,Product_6971,Electronics,27.64,true
6972,Product_6972,Clothing,208.42,true
6973,Product_6973,Home,473.66,true
6974,Product_6974,Electronics,102.35,true
6975,Product_6975,Electronics,34.22,true
6976,Product_6976,Home,205.68,true
6977,Product_6977,,107.34,true
6978,Product_6978,Electronics,27.72,true
6979,Product_6979,,131.26,true
6980,Product_6980,Electronics,415.72,true
6981,Product_6981,Clothing,78.32,true
6982,Product_6982,Electronics,332.27,true
6983,Product_6983,Home,136.81,true
6984,Product_6984,Clothing,103.63,true
6985,Product_6985,Clothing,486.18,true
6986,Product_6986,Electronics,17.55,true
6987,Product_6987,Clothing,20.49,false
6988,Product_6988,Clothing,121.92,true
6989,Product_6989,Electronics,129.01,true
6990,Product_6990,Electronics,462.99,true
6991,Product_6991,Clothing,385.52,true
6992,Product_6992,Electronics,100.31,true
6993,Product_6993,Electronics,346.91,true
6994,Product_6994,Electronics,222.85,false
6995,Product_6995,Clothing,303.06,true
6996,Product_6996,Electronics,484.73,true
6997,Product_6997,,390.95,true
6998,Product_6998,Clothing,235.12,true
6999,Product_6999,Electronics,433.18,true
7000,Product_7000,Home,180.48,false
7001,Product_7001,Electronics,251.07,true
7002,Product_7002,Clothing,145.04,true
7003,Product_7003,Electronics,95.35,true
7004,Product_7004,Clothing,307.79,true
7005,Product_7005,Clothing,103.78,true
7006,Product_7006,Clothing,93.81,true
7007,Product_7007,Clothing,196.65,true
7008,Product_7008,Home,483.07,true
7009,Product_7009,Clothing,345.46,true
7010,Product_7010,Clothing,334.34,true
7011,Product_7011,Home,269.82,true
7012,Product_7012,Clothing,388.96,true
7013,Product_7013,Clothing,419.77,true
7014,Product_7014,Clothing,239.49,true
7015,Product_7015,Electronics,59.58,false
7016,Product_7016,,276.16,true
7017,Product_7017,Clothing,23.64,true
7018,Product_7018,,488.58,true
7019,Product_7019,Electronics,415.84,true
7020,Product_7020,Clothing,411.13,true
7021,Product_7021,Clothing,447.43,true
7022,Product_7022,Electronics,412.59,true
7023,Product_7023,Clothing,208.17,true
7024,Product_7024,Home,76.42,true
7025,Product_7025,Clothing,30.71,true
7026,Product_7026,Clothing,414.13,true
7027,Product_7027,Clothing,395.17,true
7028,Product_7028,Electronics,190.92,true
7029,Product_7029,Electronics,38.39,true
7030,Product_7030,Clothing,150.1,true
7031,Product_7031,Clothing,463.35,true
7032,Product_7032,Electronics,429.97,true
7033,Product_7033,,110.79,true
7034,Product_7034,Clothing,270.5,true
7035,Product_7035,Home,257.04,true
7036,Product_7036,Home,283.16,true
7037,Product_7037,Electronics,154.44,true
7038,Product_7038,,362.9,false
7039,Product_7039,Electronics,210.23,true
7040,Product_7040,Home,433.36,true
7041,Product_7041,Electronics,153.72,true
7042,Product_7042,Clothing,391.17,true
7043,Product_7043,Electronics,462.17,true
7044,Product_7044,Clothing,274.56,true
7045,Product_7045,Clothing,263.14,true
7046,Product_7046,Electronics,385.01,true
7047,Product_7047,Home,173.58,true
7048,Product_7048,Clothing,37.19,false
7049,Product_7049,Home,240.99,true
7050,Product_7050,Electronics,142.55,false
7051,Product_7051,Electronics,403.95,true
7052,Product_7052,Home,449.2,true
7053,Product_7053,Home,436.08,true
7054,Product_7054,Home,404.07,true
7055,Product_7055,Clothing,135.8,true
7056,Product_7056,Home,119.22,true
7057,Product_7057,Electronics,287.64,true
7058,Product_7058,Home,229.06,true
7059,Product_7059,Clothing,456.96,true
7060,Product_7060,Electronics,408.71,true
7061,Product_7061,Electronics,476.27,false
7062,Product_7062,Electronics,348.02,true
7063,Product_7063,Home,439.37,false
7064,Product_7064,Electronics,347.67,true
7065,Product_7065,Electronics,180.84,true
7066,Product_7066,,46.83,true
7067,Product_7067,Electronics,241.01,true
7068,Product_7068,Electronics,68.61,true
7069,Product_7069,Electronics,78.08,true
7070,Product_7070,Home,132.35,true
7071,Product_7071,Electronics,473.8,true
7072,Product_7072,Home,198.86,true
7073,Product_7073,Electronics,71.48,true
7074,Product_7074,Clothing,409.37,true
7075,Product_7075,Electronics,293.43,true
7076,Product_7076,Clothing,17.56,true
7077,Product_7077,Clothing,495.28,true
7078,Product_7078,Electronics,21.19,true
7079,Product_7079,Clothing,452.55,true
7080,Product_7080,Clothing,214.32,true
7081,Product_7081,Electronics,455.63,true
7082,Product_7082,Clothing,241.54,true
7083,Product_7083,Home,255.92,true
7084,Product_7084,Home,389.72,true
7085,Product_7085,Home,318.4,true
7086,Product_7086,Clothing,86.96,true
7087,Product_7087,Electronics,246.49,true
7088,Product_7088,Clothing,316.4,true
7089,Product_7089,Electronics,173.71,true
7090,Product_7090,Clothing,340.88,true
7091,Product_7091,Clothing,179.77,true
7092,Product_7092,Home,29.3,true
7093,Product_7093,,396.52,true
7094,Product_7094,Electronics,336.59,true
7095,Product_7095,,434.41,true
7096,Product_7096,,442.27,true
7097,Product_7097,Clothing,135.27,false
7098,Product_7098,Clothing,28.95,false
7099,Product_7099,Electronics,290.08,true
7100,Product_7100,Electronics,466.16,true
7101,Product_7101,Electronics,393.09,true
7102,Product_7102,Electronics,142.08,true
7103,Product_7103,Electronics,432.13,true
7104,Product_7104,Clothing,219.07,true
7105,Product_7105,Electronics,21.58,true
7106,Product_7106,Electronics,201.58,true
7107,Product_7107,Clothing,436.96,true
7108,Product_7108,Home,455.95,true
7109,Product_7109,Clothing,180.74,false
7110,Product_7110,Electronics,320.63,true
7111,Product_7111,Home,170.13,true
7112,Product_7112,Home,167.59,true
7113,Product_7113,Electronics,205.59,true
7114,Product_7114,Clothing,372.18,true
7115,Product_7115,Clothing,229.89,true
7116,Product_7116,Clothing,495.28,true
7117,Product_7117,Home,474.58,true
7118,Product_7118,Clothing,340.81,true
7119,Product_7119,Electronics,239.52,false
7120,Product_7120,Electronics,299.55,true
7121,Product_7121,Electronics,381.88,true
7122,Product_7122,Electronics,207.33,true
7123,Product_7123,Home,160.52,true
7124,Product_7124,Electronics,209.45,true
7125,Product_7125,Electronics,366.25,true
7126,Product_7126,Home,154.97,true
7127,Product_7127,Clothing,419.11,true
7128,Product_7128,Clothing,343.36,true
7129,Product_7129,Clothing,187.81,true
7130,Product_7130,Clothing,317.6,true
7131,Product_7131,Electronics,477.7,true
7132,Product_7132,Clothing,403.01,true
7133,Product_7133,Home,46.8,true
7134,Product_7134,Electronics,369.77,false
7135,Product_7135,Clothing,308.92,true
7136,Product_7136,Electronics,341.01,true
7137,Product_7137,Clothing,132.52,true
7138,Product_7138,,99.55,true
7139,Product_7139,Electronics,204.54,true
7140,Product_7140,,81.62,true
7141,Product_7141,Home,19.85,true
7142,Product_7142,Home,350.7,false
7143,Product_7143,Clothing,239.89,true
7144,Product_7144,Electronics,408.09,true
7145,Product_7145,Electronics,477.9,false
7146,Product_7146,Clothing,266.63,true
7147,Product_7147,Clothing,185.87,false
7148,Product_7148,Clothing,149.93,true
7149,Product_7149,Clothing,45.21,true
7150,Product_7150,Clothing,439.21,true
7151,Product_7151,,337.14,true
7152,Product_7152,Electronics,300.29,true
7153,Product_7153,Home,480.25,true
7154,Product_7154,Home,100.6,true
7155,Product_7155,Home,278.05,true
7156,Product_7156,Clothing,231.87,false
7157,Product_7157,Clothing,162.27,true
7158,Product_7158,Electronics,236.06,true
7159,Product_7159,Electronics,90.68,true
7160,Product_7160,Home,200.85,true
7161,Product_7161,Home,295.28,true
7162,Product_7162,Electronics,239.04,true
7163,Product_7163,Clothing,207.06,false
7164,Product_7164,Clothing,46.26,true
7165,Product_7165,Clothing,434.55,true
7166,Product_7166,Electronics,30.7,true
7167,Product_7167,Electronics,41.79,true
7168,Product_7168,Home,409.3,true
7169,Product_7169,Clothing,453.99,true
7170,Product_7170,Home,219.83,true
7171,Product_7171,Electronics,88.52,true
7172,Product_7172,Home,67.18,true
7173,Product_7173,Electronics,163.53,true
7174,Product_7174,Home,205.19,true
7175,Product_7175,,12.31,true
7176,Product_7176,Clothing,232.96,true
7177,Product_7177,,200.86,true
7178,Product_7178,Electronics,454.85,true
7179,Product_7179,Clothing,40.23,true
7180,Product_7180,Electronics,196.73,true
7181,Product_7181,Electronics,488.0,true
7182,Product_7182,,403.33,true
7183,Product_7183,Electronics,282.79,true
7184,Product_7184,Clothing,426.52,true
7185,Product_7185,Electronics,124.18,false
7186,Product_7186,Clothing,395.35,true
7187,Product_7187,Home,468.65,true
7188,Product_7188,Clothing,117.84,true
7189,Product_7189,Electronics,98.72,true
7190,Product_7190,Clothing,52.81,true
7191,Product_7191,,88.97,false
7192,Product_7192,Home,265.36,true
7193,Product_7193,Home,26.39,true
7194,Product_7194,Home,247.03,true
7195,Product_7195,Electronics,202.08,false
7196,Product_7196,Electronics,15.06,false
7197,Product_7197,Electronics,357.69,true
7198,Product_7198,Electronics,119.15,true
7199,Product_7199,Electronics,400.82,true
7200,Product_7200,Home,160.5,true
7201,Product_7201,Electronics,440.56,true
7202,Product_7202,Electronics,50.72,true
7203,Product_7203,Clothing,287.69,true
7204,Product_7204,Electronics,342.35,true
7205,Product_7205,Electronics,138.81,true
7206,Product_7206,Clothing,238.32,true
7207,Product_7207,Clothing,279.26,true
7208,Product_7208,Electronics,191.63,true
7209,Product_7209,,49.02,true
7210,Product_7210,Clothing,362.8,true
7211,Product_7211,Home,135.49,true
7212,Product_7212,Electronics,61.47,true
7213,Product_7213,Electronics,133.61,true
7214,Product_7214,Electronics,42.46,true
7215,Product_7215,Home,244.73,false
7216,Product_7216,Electronics,92.16,true
7217,Product_7217,Electronics,359.79,true
7218,Product_7218,Electronics,157.15,true
7219,Product_7219,Electronics,56.19,true
7220,Product_7220,Home,178.5,true
7221,Product_7221,,399.97,true
7222,Product_7222,Home,458.31,true
7223,Product_7223,,218.44,true
7224,Product_7224,Electronics,142.56,true
7225,Product_7225,Clothing,210.09,true
7226,Product_7226,Electronics,255.32,true
7227,Product_7227,Clothing,31.51,true
7228,Product_7228,Home,95.53,true
7229,Product_7229,Clothing,400.5,true
7230,Product_7230,Clothing,326.6,true
7231,Product_7231,,437.95,true
7232,Product_7232,Clothing,383.5,false
7233,Product_7233,Electronics,248.24,true
7234,Product_7234,Electronics,135.8,true
7235,Product_7235,Electronics,123.9,true
7236,Product_7236,Electronics,475.78,true
7237,Product_7237,Electronics,316.74,true
7238,Product_7238,Home,123.71,true
7239,Product_7239,Home,94.15,true
7240,Product_7240,Electronics,447.83,true
7241,Product_7241,Electronics,104.91,true
7242,Product_7242,,71.58,true
7243,Product_7243,Electronics,360.0,true
7244,Product_7244,,190.04,true
7245,Product_7245,Electronics,282.69,true
7246,Product_7246,Electronics,372.05,true
7247,Product_7247,Clothing,386.57,true
7248,Product_7248,Electronics,14.15,true
7249,Product_7249,Clothing,476.63,false
7250,Product_7250,Clothing,396.59,true
7251,Product_7251,Clothing,123.8,false
7252,Product_7252,Home,390.2,true
7253,Product_7253,,157.75,true
7254,Product_7254,Electronics,175.04,true
7255,Product_7255,Electronics,152.58,true
7256,Product_7256,Electronics,95.17,true
7257,Product_7257,Clothing,316.78,false
7258,Product_7258,Electronics,465.26,true
7259,Product_7259,Home,231.34,true
7260,Product_7260,Electronics,447.2,true
7261,Product_7261,Electronics,146.35,true
7262,Product_7262,Clothing,98.46,true
7263,Product_7263,Electronics,488.29,true
7264,Product_7264,Clothing,428.58,true
7265,Product_7265,Clothing,119.45,true
7266,Product_7266,Electronics,161.28,true
7267,Product_7267,Clothing,285.28,true
7268,Product_7268,Electronics,81.04,false
7269,Product_7269,Clothing,121.85,true
7270,Product_7270,Clothing,440.71,true
7271,Product_7271,Clothing,127.4,true
7272,Product_7272,Home,294.83,true
7273,Product_7273,,307.37,true
7274,Product_7274,Clothing,197.06,true
7275,Product_7275,Clothing,25.91,true
7276,Product_7276,Electronics,226.0,true
7277,Product_7277,Electronics,280.91,true
7278,Product_7278,Home,251.19,true
7279,Product_7279,Electronics,162.82,true
7280,Product_7280,Electronics,245.25,true
7281,Product_7281,Clothing,392.85,false
7282,Product_7282,Home,464.05,true
7283,Product_7283,,95.83,true
7284,Product_7284,Electronics,119.39,true
7285,Product_7285,Clothing,222.83,false
7286,Product_7286,Clothing,421.92,true
7287,Product_7287,Electronics,417.99,true
7288,Product_7288,,367.94,true
7289,Product_7289,,496.43,true
7290,Product_7290,Electronics,130.74,true
7291,Product_7291,,161.76,true
7292,Product_7292,,127.78,true
7293,Product_7293,Electronics,104.3,true
7294,Product_7294,Clothing,492.61,true
7295,Product_7295,Electronics,455.86,true
7296,Product_7296,Clothing,52.62,true
7297,Product_7297,Home,254.54,true
7298,Product_7298,Home,314.56,true
7299,Product_7299,Clothing,360.05,true
7300,Product_7300,Electronics,435.96,true
7301,Product_7301,Electronics,271.69,true
7302,Product_7302,Home,485.44,true
7303,Product_7303,Electronics,33.37,true
7304,Product_7304,,356.69,true
7305,Product_7305,Electronics,442.26,true
7306,Product_7306,Clothing,218.9,true
7307,Product_7307,Electronics,354.03,true
7308,Product_7308,Clothing,437.38,true
7309,Product_7309,,394.08,true
7310,Product_7310,Electronics,400.11,true
7311,Product_7311,Clothing,142.45,true
7312,Product_7312,Home,448.25,true
7313,Product_7313,Electronics,493.09,true
7314,Product_7314,Clothing,138.97,true
7315,Product_7315,Electronics,43.61,true
7316,Product_7316,Electronics,136.89,true
7317,Product_7317,Electronics,106.97,true
7318,Product_7318,Home,146.56,true
7319,Product_7319,Clothing,486.39,true
7320,Product_7320,Electronics,106.61,false
7321,Product_7321,,464.37,true
7322,Product_7322,,134.07,true
7323,Product_7323,Home,360.89,true
7324,Product_7324,Home,244.22,true
7325,Product_7325,Clothing,12.04,true
7326,Product_7326,Home,389.6,true
7327,Product_7327,Electronics,265.33,true
7328,Product_7328,Clothing,495.21,false
7329,Product_7329,,255.0,true
7330,Product_7330,Home,130.68,true
7331,Product_7331,Electronics,128.14,true
7332,Product_7332,Home,476.21,true
7333,Product_7333,,191.39,true
7334,Product_7334,Electronics,305.06,true
7335,Product_7335,Electronics,297.76,true
7336,Product_7336,Electronics,149.64,true
7337,Product_7337,Clothing,396.09,true
7338,Product_7338,Electronics,212.47,true
7339,Product_7339,Clothing,217.16,true
7340,Product_7340,Electronics,273.37,true
7341,Product_7341,Home,94.25,true
7342,Product_7342,Electronics,30.99,true
7343,Product_7343,Home,190.1,true
7344,Product_7344,Clothing,487.35,true
7345,Product_7345,Electronics,435.02,true
7346,Product_7346,Clothing,486.4,true
7347,Product_7347,Clothing,28.23,true
7348,Product_7348,Home,351.25,true
7349,Product_7349,Clothing,481.43,true
7350,Product_7350,Electronics,372.0,true
7351,Product_7351,Clothing,47.67,true
7352,Product_7352,Electronics,76.32,true
7353,Product_7353,Electronics,282.43,true
7354,Product_7354,Electronics,437.25,false
7355,Product_7355,Clothing,371.83,true
7356,Product_7356,Clothing,125.35,true
7357,Product_7357,Electronics,88.34,true
7358,Product_7358,Electronics,342.16,true
7359,Product_7359,Home,119.54,true
7360,Product_7360,Home,353.72,false
7361,Product_7361,Electronics,183.32,true
7362,Product_7362,,439.56,true
7363,Product_7363,Home,26.91,false
7364,Product_7364,Electronics,389.65,true
7365,Product_7365,Electronics,122.29,true
7366,Product_7366,Electronics,59.14,true
7367,Product_7367,,118.51,true
7368,Product_7368,Clothing,452.45,false
7369,Product_7369,Electronics,479.51,true
7370,Product_7370,Electronics,366.23,false
7371,Product_7371,,455.69,true
7372,Product_7372,Clothing,422.22,true
7373,Product_7373,Clothing,339.02,true
7374,Product_7374,Home,493.3,true
7375,Product_7375,Home,233.26,true
7376,Product_7376,Electronics,299.54,false
7377,Product_7377,Electronics,484.69,true
7378,Product_7378,Home,301.99,false
7379,Product_7379,Clothing,250.05,true
7380,Product_7380,Electronics,486.99,true
7381,Product_7381,Clothing,111.21,true
7382,Product_7382,Electronics,19.23,true
7383,Product_7383,Electronics,217.57,true
7384,Product_7384,Electronics,281.27,true
7385,Product_7385,Clothing,469.69,true
7386,Product_7386,Home,125.0,true
7387,Product_7387,Clothing,156.62,true
7388,Product_7388,Home,361.45,true
7389,Product_7389,Electronics,239.7,true
7390,Product_7390,Clothing,464.06,false
7391,Product_7391,Electronics,114.69,true
7392,Product_7392,Home,335.99,true
7393,Product_7393,Electronics,283.66,true
7394,Product_7394,Electronics,55.82,false
7395,Product_7395,Electronics,98.75,true
7396,Product_7396,,362.5,true
7397,Product_7397,Electronics,292.94,true
7398,Product_7398,Clothing,476.22,true
7399,Product_7399,Home,229.07,true
7400,Product_7400,Home,67.42,true
7401,Product_7401,Electronics,431.39,true
7402,Product_7402,Clothing,495.19,true
7403,Product_7403,Home,296.83,true
7404,Product_7404,Electronics,306.99,true
7405,Product_7405,Electronics,233.42,true
7406,Product_7406,Electronics,147.03,false
7407,Product_7407,Electronics,185.2,false
7408,Product_7408,Home,490.2,true
7409,Product_7409,Home,342.1,true
7410,Product_7410,Electronics,46.24,true
7411,Product_7411,Electronics,224.04,true
7412,Product_7412,Home,115.14,true
7413,Product_7413,Electronics,280.79,false
7414,Product_7414,Home,315.61,true
7415,Product_7415,Electronics,102.27,true
7416,Product_7416,Electronics,428.08,true
7417,Product_7417,Electronics,264.83,true
7418,Product_7418,Electronics,21.58,true
7419,Product_7419,Clothing,471.3,true
7420,Product_7420,Electronics,165.84,true
7421,Product_7421,Home,321.76,true
7422,Product_7422,Electronics,247.21,true
7423,Product_7423,Electronics,144.53,true
7424,Product_7424,Clothing,491.32,true
7425,Product_7425,Electronics,90.48,true
7426,Product_7426,Electronics,409.46,true
7427,Product_7427,Electronics,48.32,true
7428,Product_7428,Clothing,368.93,true
7429,Product_7429,Home,171.95,true
7430,Product_7430,Clothing,18.1,true
7431,Product_7431,Clothing,49.45,true
7432,Product_7432,Home,484.98,true
7433,Product_7433,,429.96,true
7434,Product_7434,Clothing,344.86,true
7435,Product_7435,Electronics,314.7,true
7436,Product_7436,Clothing,255.5,true
7437,Product_7437,Clothing,126.35,true
7438,Product_7438,Electronics,317.05,true
7439,Product_7439,Clothing,43.38,true
7440,Product_7440,Electronics,362.71,true
7441,Product_7441,Home,97.78,true
7442,Product_7442,Electronics,115.48,true
7443,Product_7443,Clothing,123.17,false
7444,Product_7444,Clothing,203.82,true
7445,Product_7445,Clothing,412.96,true
7446,Product_7446,Electronics,344.58,true
7447,Product_7447,Electronics,209.31,false
7448,Product_7448,,233.7,true
7449,Product_7449,Electronics,187.79,false
7450,Product_7450,Clothing,249.91,true
7451,Product_7451,Electronics,446.94,true
7452,Product_7452,Home,31.92,true
7453,Product_7453,Electronics,161.45,true
7454,Product_7454,,350.54,true
7455,Product_7455,Electronics,353.16,true
7456,Product_7456,Home,106.53,true
7457,Product_7457,Home,163.19,true
7458,Product_7458,Home,326.79,true
7459,Product_7459,Electronics,218.34,false
7460,Product_7460,Electronics,355.63,true
7461,Product_7461,Clothing,119.4,true
7462,Product_7462,Electronics,271.79,true
7463,Product_7463,Clothing,293.72,true
7464,Product_7464,Electronics,408.06,true
7465,Product_7465,Electronics,324.26,false
7466,Product_7466,Electronics,224.49,true
7467,Product_7467,,293.83,true
7468,Product_7468,,225.69,true
7469,Product_7469,Electronics,470.55,true
7470,Product_7470,Clothing,438.82,true
7471,Product_7471,Clothing,194.8,true
7472,Product_7472,,249.42,true
7473,Product_7473,Clothing,103.6,true
7474,Product_7474,Clothing,84.85,true
7475,Product_7475,Clothing,248.64,true
7476,Product_7476,Clothing,234.42,false
7477,Product_7477,Home,241.77,true
7478,Product_7478,Electronics,227.19,true
7479,Product_7479,Electronics,362.41,true
7480,Product_7480,Electronics,160.04,true
7481,Product_7481,Electronics,270.19,true
7482,Product_7482,Home,19.9,true
7483,Product_7483,,393.48,true
7484,Product_7484,Clothing,303.42,true
7485,Product_7485,Electronics,156.08,true
7486,Product_7486,Clothing,69.99,true
7487,Product_7487,Electronics,338.26,true
7488,Product_7488,Clothing,444.75,true
7489,Product_7489,Electronics,253.03,true
7490,Product_7490,Clothing,132.39,true
7491,Product_7491,,223.8,true
7492,Product_7492,Electronics,113.13,true
7493,Product_7493,Electronics,335.54,true
7494,Product_7494,Clothing,232.73,true
7495,Product_7495,Clothing,44.91,true
7496,Product_7496,Electronics,369.0,true
7497,Product_7497,Home,327.15,true
7498,Product_7498,Electronics,187.32,true
7499,Product_7499,Electronics,51.07,true
7500,Product_7500,Electronics,461.67,true
7501,Product_7501,Clothing,300.86,true
7502,Product_7502,Clothing,230.99,true
7503,Product_7503,Electronics,123.17,true
7504,Product_7504,Electronics,268.36,true
7505,Product_7505,Electronics,377.06,true
7506,Product_7506,Electronics,459.28,true
7507,Product_7507,Home,74.18,true
7508,Product_7508,Electronics,325.37,true
7509,Product_7509,Electronics,98.02,true
7510,Product_7510,Electronics,430.14,true
7511,Product_7511,Home,96.5,true
7512,Product_7512,Electronics,362.21,true
7513,Product_7513,Electronics,49.08,true
7514,Product_7514,Clothing,277.98,true
7515,Product_7515,Electronics,51.49,false
7516,Product_7516,,481.08,false
7517,Product_7517,Electronics,342.86,true
7518,Product_7518,,99.61,true
7519,Product_7519,Clothing,86.96,true
7520,Product_7520,Electronics,392.06,true
7521,Product_7521,Clothing,464.3,true
7522,Product_7522,Home,449.18,true
7523,Product_7523,Home,296.63,true
7524,Product_7524,Home,302.74,true
7525,Product_7525,Home,420.57,true
7526,Product_7526,Home,187.25,true
7527,Product_7527,Electronics,459.02,true
7528,Product_7528,Clothing,182.27,true
7529,Product_7529,Clothing,37.23,true
7530,Product_7530,Home,452.16,true
7531,Product_7531,Electronics,357.93,false
7532,Product_7532,,454.05,true
7533,Product_7533,,439.8,true
7534,Product_7534,Clothing,134.79,false
7535,Product_7535,Home,252.44,true
7536,Product_7536,Clothing,153.9,true
7537,Product_7537,,92.93,true
7538,Product_7538,Clothing,374.61,true
7539,Product_7539,Clothing,265.13,true
7540,Product_7540,Home,492.55,true
7541,Product_7541,Clothing,248.9,true
7542,Product_7542,Clothing,425.45,true
7543,Product_7543,Clothing,227.88,true
7544,Product_7544,Clothing,253.98,true
7545,Product_7545,Electronics,131.09,true
7546,Product_7546,Home,129.42,true
7547,Product_7547,Home,194.58,true
7548,Product_7548,Home,257.38,true
7549,Product_7549,Electronics,328.91,true
7550,Product_7550,Home,293.49,false
7551,Product_7551,Electronics,416.3,true
7552,Product_7552,Clothing,228.82,true
7553,Product_7553,Electronics,438.48,true
7554,Product_7554,Home,109.11,true
7555,Product_7555,Electronics,156.42,true
7556,Product_7556,Clothing,242.03,false
7557,Product_7557,Electronics,285.03,true
7558,Product_7558,Electronics,135.22,true
7559,Product_7559,Electronics,472.28,true
7560,Product_7560,Home,223.65,true
7561,Product_7561,,275.38,true
7562,Product_7562,Clothing,287.81,true
7563,Product_7563,Electronics,91.75,true
7564,Product_7564,Clothing,131.53,true
7565,Product_7565,Electronics,21.15,true
7566,Product_7566,Clothing,29.57,true
7567,Product_7567,,217.23,false
7568,Product_7568,Clothing,235.11,true
7569,Product_7569,Clothing,202.22,false
7570,Product_7570,Clothing,374.33,true
7571,Product_7571,Electronics,385.12,true
7572,Product_7572,Electronics,205.68,true
7573,Product_7573,Electronics,30.9,true
7574,Product_7574,Clothing,370.69,true
7575,Product_7575,Clothing,449.93,true
7576,Product_7576,,313.57,false
7577,Product_7577,Clothing,160.76,true
7578,Product_7578,,312.53,false
7579,Product_7579,Electronics,383.72,true
7580,Product_7580,Electronics,318.03,true
7581,Product_7581,Electronics,261.52,true
7582,Product_7582,Clothing,95.21,true
7583,Product_7583,,481.47,true
7584,Product_7584,Home,362.38,true
7585,Product_7585,Electronics,310.38,true
7586,Product_7586,,426.74,true
7587,Product_7587,Electronics,51.11,true
7588,Product_7588,Home,200.57,true
7589,Product_7589,Electronics,290.65,true
7590,Product_7590,Electronics,158.7,true
7591,Product_7591,,74.04,true
7592,Product_7592,Electronics,377.68,true
7593,Product_7593,Electronics,103.22,true
7594,Product_7594,Home,180.26,true
7595,Product_7595,Electronics,29.63,true
7596,Product_7596,Electronics,192.17,true
7597,Product_7597,Home,369.22,true
7598,Product_7598,Home,302.76,true
7599,Product_7599,,424.62,true
7600,Product_7600,Electronics,319.86,true
7601,Product_7601,Clothing,467.38,true
7602,Product_7602,Electronics,261.21,true
7603,Product_7603,,55.81,true
7604,Product_7604,Electronics,237.65,true
7605,Product_7605,Electronics,431.5,false
7606,Product_7606,Clothing,317.14,false
7607,Product_7607,Electronics,437.4,true
7608,Product_7608,Clothing,494.77,true
7609,Product_7609,Home,450.93,true
7610,Product_7610,Clothing,330.9,false
7611,Product_7611,Clothing,123.24,true
7612,Product_7612,Electronics,13.28,true
7613,Product_7613,Electronics,141.3,true
7614,Product_7614,Electronics,261.08,true
7615,Product_7615,Electronics,211.67,true
7616,Product_7616,Electronics,468.1,true
7617,Product_7617,Clothing,293.41,true
7618,Product_7618,Clothing,87.81,true
7619,Product_7619,Home,90.35,true
7620,Product_7620,Electronics,269.86,true
7621,Product_7621,Electronics,353.13,false
7622,Product_7622,Clothing,336.25,true
7623,Product_7623,,26.55,true
7624,Product_7624,Electronics,77.09,true
7625,Product_7625,,226.93,true
7626,Product_7626,Electronics,85.86,true
7627,Product_7627,Clothing,433.69,true
7628,Product_7628,Clothing,399.17,true
7629,Product_7629,Electronics,333.27,true
7630,Product_7630,Clothing,149.18,false
7631,Product_7631,Electronics,75.58,true
7632,Product_7632,Clothing,395.36,true
7633,Product_7633,Clothing,492.31,true
7634,Product_7634,Electronics,44.83,true
7635,Product_7635,Electronics,425.71,true
7636,Product_7636,Home,436.4,true
7637,Product_7637,Home,395.7,true
7638,Product_7638,Clothing,449.78,true
7639,Product_7639,Home,264.93,false
7640,Product_7640,Home,129.83,true
7641,Product_7641,Electronics,24.23,true
7642,Product_7642,Electronics,279.71,true
7643,Product_7643,Electronics,92.09,true
7644,Product_7644,Electronics,126.59,true
7645,Product_7645,Electronics,183.82,true
7646,Product_7646,Clothing,492.2,true
7647,Product_7647,Clothing,241.9,true
7648,Product_7648,Clothing,60.38,true
7649,Product_7649,Clothing,17.55,true
7650,Product_7650,Clothing,46.72,true
7651,Product_7651,Electronics,450.8,true
7652,Product_7652,Home,159.11,true
7653,Product_7653,Electronics,448.07,true
7654,Product_7654,Clothing,204.47,true
7655,Product_7655,Clothing,52.54,true
7656,Product_7656,Electronics,65.73,true
7657,Product_7657,Electronics,154.3,true
7658,Product_7658,Electronics,318.63,true
7659,Product_7659,Clothing,134.89,false
7660,Product_7660,Home,255.94,true
7661,Product_7661,,249.98,true
7662,Product_7662,Electronics,301.66,true
7663,Product_7663,Home,297.18,true
7664,Product_7664,Clothing,265.71,true
7665,Product_7665,,314.03,true
7666,Product_7666,Home,479.42,true
7667,Product_7667,Home,215.64,true
7668,Product_7668,,417.46,true
7669,Product_7669,Electronics,41.31,true
7670,Product_7670,Home,395.77,true
7671,Product_7671,Clothing,105.97,true
7672,Product_7672,Electronics,335.9,true
7673,Product_7673,Electronics,459.1,true
7674,Product_7674,,408.36,true
7675,Product_7675,Clothing,122.84,true
7676,Product_7676,Clothing,35.16,true
7677,Product_7677,Electronics,304.27,true
7678,Product_7678,Clothing,432.72,true
7679,Product_7679,Electronics,325.78,true
7680,Product_7680,Clothing,323.43,true
7681,Product_7681,Home,465.79,true
7682,Product_7682,Electronics,160.32,true
7683,Product_7683,Electronics,182.46,true
7684,Product_7684,Electronics,148.88,true
7685,Product_7685,Electronics,327.41,true
7686,Product_7686,Clothing,233.19,true
7687,Product_7687,Clothing,485.79,true
7688,Product_7688,Clothing,258.54,true
7689,Product_7689,Electronics,61.76,true
7690,Product_7690,Clothing,195.77,true
7691,Product_7691,Electronics,85.88,true
7692,Product_7692,Home,40.5,true
7693,Product_7693,Clothing,157.39,true
7694,Product_7694,Electronics,457.01,true
7695,Product_7695,Clothing,324.55,true
7696,Product_7696,Clothing,460.28,true
7697,Product_7697,Clothing,64.02,true
7698,Product_7698,Electronics,214.46,true
7699,Product_7699,,120.97,false
7700,Product_7700,Home,323.87,true
7701,Product_7701,Clothing,205.62,true
7702,Product_7702,Clothing,269.63,false
7703,Product_7703,,400.14,true
7704,Product_7704,,293.9,true
7705,Product_7705,Electronics,194.83,true
7706,Product_7706,Electronics,364.53,true
7707,Product_7707,Electronics,285.76,false
7708,Product_7708,Home,348.06,true
7709,Product_7709,Electronics,484.09,true
7710,Product_7710,Clothing,152.4,true
7711,Product_7711,Clothing,248.46,true
7712,Product_7712,Electronics,293.35,false
7713,Product_7713,Home,44.15,true
7714,Product_7714,Electronics,236.12,true
7715,Product_7715,Clothing,26.21,true
7716,Product_7716,Clothing,135.67,true
7717,Product_7717,,162.71,true
7718,Product_7718,Electronics,438.17,true
7719,Product_7719,Home,225.31,true
7720,Product_7720,Electronics,471.36,true
7721,Product_7721,Electronics,303.83,true
7722,Product_7722,Electronics,70.88,true
7723,Product_7723,Home,280.81,true
7724,Product_7724,Electronics,416.25,true
7725,Product_7725,Home,334.71,false
7726,Product_7726,Electronics,238.46,true
7727,Product_7727,Clothing,140.58,true
7728,Product_7728,Electronics,419.08,true
7729,Product_7729,Electronics,331.7,false
7730,Product_7730,Home,85.43,true
7731,Product_7731,Electronics,181.23,true
7732,Product_7732,Electronics,335.9,true
7733,Product_7733,Clothing,375.43,false
7734,Product_7734,Electronics,59.42,true
7735,Product_7735,Clothing,344.43,true
7736,Product_7736,Clothing,395.7,true
7737,Product_7737,Electronics,249.46,true
7738,Product_7738,Clothing,491.2,true
7739,Product_7739,,382.86,true
7740,Product_7740,Clothing,44.87,true
7741,Product_7741,Clothing,195.75,true
7742,Product_7742,Electronics,392.33,true
7743,Product_7743,Clothing,413.09,true
7744,Product_7744,Electronics,270.84,true
7745,Product_7745,Clothing,310.35,true
7746,Product_7746,Electronics,443.82,true
7747,Product_7747,Electronics,61.87,true
7748,Product_7748,Home,136.04,true
7749,Product_7749,Electronics,62.74,true
7750,Product_7750,Clothing,306.07,true
7751,Product_7751,Home,404.14,true
7752,Product_7752,Home,37.68,true
7753,Product_7753,,414.95,false
7754,Product_7754,Clothing,258.05,true
7755,Product_7755,Clothing,327.21,true
7756,Product_7756,Electronics,221.39,true
7757,Product_7757,,396.45,true
7758,Product_7758,,489.41,true
7759,Product_7759,Home,48.33,true
7760,Product_7760,,279.3,true
7761,Product_7761,,137.83,true
7762,Product_7762,Clothing,138.04,false
7763,Product_7763,Electronics,400.62,true
7764,Product_7764,,378.97,false
7765,Product_7765,Home,439.36,true
7766,Product_7766,Electronics,56.53,true
7767,Product_7767,Clothing,391.73,true
7768,Product_7768,Home,430.15,true
7769,Product_7769,Clothing,318.38,true
7770,Product_7770,,66.98,true
7771,Product_7771,Home,348.81,true
7772,Product_7772,Electronics,98.84,true
7773,Product_7773,Clothing,278.37,true
7774,Product_7774,Electronics,351.38,true
7775,Product_7775,,170.47,true
7776,Product_7776,Clothing,252.82,true
7777,Product_7777,Clothing,244.19,true
7778,Product_7778,Clothing,267.73,true
7779,Product_7779,Clothing,216.22,true
7780,Product_7780,Electronics,207.96,true
7781,Product_7781,Electronics,33.04,true
7782,Product_7782,Electronics,386.07,true
7783,Product_7783,Clothing,168.54,true
7784,Product_7784,,121.29,true
7785,Product_7785,Clothing,97.42,true
7786,Product_7786,Electronics,204.27,false
7787,Product_7787,Clothing,417.55,true
7788,Product_7788,Home,217.93,true
7789,Product_7789,Home,181.54,true
7790,Product_7790,Clothing,110.5,true
7791,Product_7791,,175.59,true
7792,Product_7792,Clothing,411.52,true
7793,Product_7793,,428.33,false
7794,Product_7794,Electronics,433.22,true
7795,Product_7795,Electronics,272.97,true
7796,Product_7796,Electronics,75.67,true
7797,Product_7797,Electronics,390.34,true
7798,Product_7798,Clothing,91.61,true
7799,Product_7799,Electronics,125.31,false
7800,Product_7800,Clothing,322.53,true
7801,Product_7801,Clothing,324.79,true
7802,Product_7802,Electronics,201.16,true
7803,Product_7803,Electronics,80.34,true
7804,Product_7804,Clothing,302.37,true
7805,Product_7805,Clothing,297.07,true
7806,Product_7806,Electronics,212.92,true
7807,Product_7807,Clothing,190.52,true
7808,Product_7808,Home,190.99,true
7809,Product_7809,Electronics,391.77,true
7810,Product_7810,Home,174.16,true
7811,Product_7811,Home,320.99,true
7812,Product_7812,Home,153.5,true
7813,Product_7813,Electronics,275.09,true
7814,Product_7814,Clothing,153.96,false
7815,Product_7815,Clothing,89.02,true
7816,Product_7816,Home,265.47,true
7817,Product_7817,Clothing,178.85,true
7818,Product_7818,Electronics,377.15,true
7819,Product_7819,Electronics,238.9,true
7820,Product_7820,Home,324.92,true
7821,Product_7821,Clothing,315.08,true
7822,Product_7822,Clothing,20.5,true
7823,Product_7823,Clothing,36.35,true
7824,Product_7824,,375.5,true
7825,Product_7825,Clothing,240.14,true
7826,Product_7826,Home,276.52,true
7827,Product_7827,Home,322.45,true
7828,Product_7828,Home,329.02,true
7829,Product_7829,Electronics,48.64,true
7830,Product_7830,Home,77.04,true
7831,Product_7831,Home,432.93,true
7832,Product_7832,Clothing,460.5,true
7833,Product_7833,Clothing,24.65,true
7834,Product_7834,Home,481.27,true
7835,Product_7835,Clothing,480.79,true
7836,Product_7836,Home,185.67,true
7837,Product_7837,Electronics,299.03,true
7838,Product_7838,Home,303.79,true
7839,Product_7839,Clothing,37.94,true
7840,Product_7840,Electronics,397.34,true
7841,Product_7841,Electronics,265.15,true
7842,Product_7842,Electronics,317.55,true
7843,Product_7843,Home,181.22,true
7844,Product_7844,Clothing,193.6,true
7845,Product_7845,Home,73.93,true
7846,Product_7846,,457.04,true
7847,Product_7847,Electronics,497.97,true
7848,Product_7848,Electronics,106.41,true
7849,Product_7849,Electronics,218.34,true
7850,Product_7850,Electronics,178.97,true
7851,Product_7851,Electronics,228.59,true
7852,Product_7852,Home,369.14,true
7853,Product_7853,Clothing,101.7,true
7854,Product_7854,Clothing,246.15,true
7855,Product_7855,Clothing,12.65,true
7856,Product_7856,Electronics,459.56,true
7857,Product_7857,Clothing,197.4,false
7858,Product_7858,Electronics,124.39,true
7859,Product_7859,Home,18.56,true
7860,Product_7860,Clothing,67.29,true
7861,Product_7861,Home,152.55,true
7862,Product_7862,Electronics,429.87,true
7863,Product_7863,Home,425.06,true
7864,Product_7864,Electronics,218.58,false
7865,Product_7865,Home,29.97,true
7866,Product_7866,Electronics,473.35,true
7867,Product_7867,Clothing,395.43,true
7868,Product_7868,Electronics,499.96,true
7869,Product_7869,Clothing,33.42,true
7870,Product_7870,,190.9,true
7871,Product_7871,Clothing,64.63,true
7872,Product_7872,,71.93,true
7873,Product_7873,Clothing,493.39,true
7874,Product_7874,Home,175.37,true
7875,Product_7875,Home,95.36,true
7876,Product_7876,Home,176.48,true
7877,Product_7877,Electronics,403.8,true
7878,Product_7878,Home,349.81,true
7879,Product_7879,Home,132.51,true
7880,Product_7880,Home,83.93,false
7881,Product_7881,Electronics,92.05,false
7882,Product_7882,,374.52,false
7883,Product_7883,Clothing,262.81,true
7884,Product_7884,Home,272.23,true
7885,Product_7885,Electronics,389.99,true
7886,Product_7886,Electronics,378.72,true
7887,Product_7887,Clothing,147.02,true
7888,Product_7888,Clothing,206.73,true
7889,Product_7889,,169.75,true
7890,Product_7890,Clothing,405.88,true
7891,Product_7891,Electronics,217.67,true
7892,Product_7892,Home,473.18,false
7893,Product_7893,Clothing,302.42,true
7894,Product_7894,Home,163.66,true
7895,Product_7895,Electronics,426.91,true
7896,Product_7896,Electronics,477.95,false
7897,Product_7897,Electronics,276.21,true
7898,Product_7898,Clothing,499.17,true
7899,Product_7899,Electronics,244.95,true
7900,Product_7900,Clothing,107.09,true
7901,Product_7901,,86.16,true
7902,Product_7902,Home,360.15,true
7903,Product_7903,Electronics,343.65,true
7904,Product_7904,Clothing,286.41,true
7905,Product_7905,,378.19,true
7906,Product_7906,Electronics,124.98,true
7907,Product_7907,Clothing,370.37,true
7908,Product_7908,Electronics,35.57,true
7909,Product_7909,Clothing,258.02,true
7910,Product_7910,Electronics,328.28,true
7911,Product_7911,,327.33,true
7912,Product_7912,Electronics,210.72,true
7913,Product_7913,Home,262.24,true
7914,Product_7914,Electronics,153.07,true
7915,Product_7915,Home,42.15,true
7916,Product_7916,Electronics,232.87,true
7917,Product_7917,Clothing,430.15,true
7918,Product_7918,Electronics,496.91,true
7919,Product_7919,Electronics,174.57,true
7920,Product_7920,,429.78,true
7921,Product_7921,Electronics,120.8,true
7922,Product_7922,Electronics,454.53,true
7923,Product_7923,,409.81,false
7924,Product_7924,Home,200.32,true
7925,Product_7925,Clothing,238.25,true
7926,Product_7926,Electronics,107.45,true
7927,Product_7927,Clothing,364.54,true
7928,Product_7928,Clothing,182.15,true
7929,Product_7929,Electronics,234.39,true
7930,Product_7930,Clothing,11.63,true
7931,Product_7931,Electronics,350.36,true
7932,Product_7932,Electronics,382.33,true
7933,Product_7933,Clothing,437.74,true
7934,Product_7934,,288.72,true
7935,Product_7935,Electronics,353.19,true
7936,Product_7936,Clothing,76.36,true
7937,Product_7937,Clothing,172.68,true
7938,Product_7938,Home,44.98,true
7939,Product_7939,Clothing,320.65,true
7940,Product_7940,Clothing,198.13,true
7941,Product_7941,Electronics,490.17,false
7942,Product_7942,Electronics,416.01,true
7943,Product_7943,Electronics,441.51,true
7944,Product_7944,Clothing,224.07,false
7945,Product_7945,Clothing,343.21,true
7946,Product_7946,Electronics,178.6,true
7947,Product_7947,Clothing,115.7,true
7948,Product_7948,Electronics,46.8,true
7949,Product_7949,,55.58,true
7950,Product_7950,Electronics,465.43,false
7951,Product_7951,Clothing,218.1,true
7952,Product_7952,Electronics,149.29,true
7953,Product_7953,,33.65,true
7954,Product_7954,Home,429.58,true
7955,Product_7955,Clothing,460.91,false
7956,Product_7956,Electronics,260.79,true
7957,Product_7957,Electronics,185.98,true
7958,Product_7958,,41.88,true
7959,Product_7959,Electronics,220.19,true
7960,Product_7960,Home,147.07,true
7961,Product_7961,,21.17,true
7962,Product_7962,Electronics,280.91,true
7963,Product_7963,Electronics,17.59,true
7964,Product_7964,Home,489.27,true
7965,Product_7965,Home,60.54,true
7966,Product_7966,Electronics,496.87,true
7967,Product_7967,Electronics,167.45,true
7968,Product_7968,Electronics,244.14,true
7969,Product_7969,Electronics,376.5,true
7970,Product_7970,Home,244.08,true
7971,Product_7971,Electronics,289.03,true
7972,Product_7972,Home,54.55,true
7973,Product_7973,Clothing,161.51,true
7974,Product_7974,Clothing,323.01,true
7975,Product_7975,Clothing,25.44,true
7976,Product_7976,Electronics,53.93,true
7977,Product_7977,Electronics,467.48,true
7978,Product_7978,Electronics,400.62,true
7979,Product_7979,Electronics,272.57,true
7980,Product_7980,Clothing,107.0,true
7981,Product_7981,,357.52,true
7982,Product_7982,Home,432.74,true
7983,Product_7983,Electronics,496.52,true
7984,Product_7984,Electronics,266.17,true
7985,Product_7985,Clothing,286.95,true
7986,Product_7986,Electronics,72.5,true
7987,Product_7987,Clothing,335.08,true
7988,Product_7988,Home,136.25,true
7989,Product_7989,Home,431.31,false
7990,Product_7990,Electronics,249.78,true
7991,Product_7991,Clothing,357.39,true
7992,Product_7992,Electronics,191.53,true
7993,Product_7993,Electronics,28.16,true
7994,Product_7994,Clothing,259.98,true
7995,Product_7995,Clothing,45.6,true
7996,Product_7996,Home,152.73,false
7997,Product_7997,Home,276.27,false
7998,Product_7998,Clothing,285.21,true
7999,Product_7999,Clothing,291.83,true
8000,Product_8000,,461.09,true
8001,Product_8001,Clothing,330.8,true
8002,Product_8002,Clothing,199.76,true
8003,Product_8003,Electronics,37.28,true
8004,Product_8004,,309.09,false
8005,Product_8005,Electronics,343.49,true
8006,Product_8006,Clothing,86.86,true
8007,Product_8007,Electronics,236.41,true
8008,Product_8008,Clothing,388.11,false
8009,Product_8009,Electronics,481.17,true
8010,Product_8010,Clothing,188.81,true
8011,Product_8011,Electronics,99.94,true
8012,Product_8012,,256.79,true
8013,Product_8013,Electronics,353.42,true
8014,Product_8014,Electronics,44.1,true
8015,Product_8015,Electronics,342.46,true
8016,Product_8016,,98.21,true
8017,Product_8017,Home,452.64,true
8018,Product_8018,,477.9,true
8019,Product_8019,Home,375.68,true
8020,Product_8020,Home,385.3,true
8021,Product_8021,Electronics,60.12,true
8022,Product_8022,Electronics,122.92,false
8023,Product_8023,Electronics,95.36,false
8024,Product_8024,Electronics,247.85,true
8025,Product_8025,Clothing,316.99,true
8026,Product_8026,Clothing,98.41,true
8027,Product_8027,Clothing,267.03,true
8028,Product_8028,Electronics,25.96,true
8029,Product_8029,Electronics,161.5,true
8030,Product_8030,Electronics,87.62,true
8031,Product_8031,Home,479.62,false
8032,Product_8032,Clothing,69.99,true
8033,Product_8033,Electronics,414.71,true
8034,Product_8034,Electronics,280.14,true
8035,Product_8035,Electronics,295.78,true
8036,Product_8036,Home,368.51,true
8037,Product_8037,Home,215.25,true
8038,Product_8038,Clothing,42.11,true
8039,Product_8039,Electronics,315.73,true
8040,Product_8040,Clothing,408.16,true
8041,Product_8041,Electronics,425.57,false
8042,Product_8042,Clothing,386.41,true
8043,Product_8043,Electronics,118.0,true
8044,Product_8044,Home,84.56,true
8045,Product_8045,Clothing,194.86,true
8046,Product_8046,Electronics,209.83,true
8047,Product_8047,Home,275.62,true
8048,Product_8048,Clothing,162.62,true
8049,Product_8049,Home,33.54,true
8050,Product_8050,Clothing,299.43,true
8051,Product_8051,Home,283.29,false
8052,Product_8052,Home,23.98,true
8053,Product_8053,Electronics,426.92,true
8054,Product_8054,Clothing,353.96,true
8055,Product_8055,Home,438.34,true
8056,Product_8056,Home,273.58,true
8057,Product_8057,Clothing,208.09,false
8058,Product_8058,,117.6,true
8059,Product_8059,Electronics,277.21,true
8060,Product_8060,Home,16.91,true
8061,Product_8061,Electronics,356.79,true
8062,Product_8062,Clothing,102.5,true
8063,Product_8063,Electronics,37.97,false
8064,Product_8064,,461.33,true
8065,Product_8065,Clothing,275.87,true
8066,Product_8066,Home,163.78,true
8067,Product_8067,Clothing,422.91,false
8068,Product_8068,Electronics,237.81,true
8069,Product_8069,Home,151.92,true
8070,Product_8070,Clothing,488.79,true
8071,Product_8071,,37.92,true
8072,Product_8072,Home,298.88,true
8073,Product_8073,Home,399.18,true
8074,Product_8074,Electronics,199.0,true
8075,Product_8075,Home,415.47,true
8076,Product_8076,Clothing,127.89,true
8077,Product_8077,Clothing,38.4,true
8078,Product_8078,Clothing,97.74,true
8079,Product_8079,Clothing,463.84,true
8080,Product_8080,Electronics,142.01,true
8081,Product_8081,Clothing,498.15,true
8082,Product_8082,,350.36,true
8083,Product_8083,Clothing,171.87,false
8084,Product_8084,Home,108.0,true
8085,Product_8085,Electronics,356.34,true
8086,Product_8086,Electronics,238.89,true
8087,Product_8087,Clothing,362.97,true
8088,Product_8088,Clothing,270.83,true
8089,Product_8089,Electronics,480.79,true
8090,Product_8090,Clothing,465.53,true
8091,Product_8091,Home,236.78,true
8092,Product_8092,Clothing,389.56,true
8093,Product_8093,Electronics,414.12,true
8094,Product_8094,Electronics,97.18,true
8095,Product_8095,Electronics,368.49,true
8096,Product_8096,Home,15.25,true
8097,Product_8097,Electronics,223.54,false
8098,Product_8098,Home,250.9,true
8099,Product_8099,Electronics,133.71,false
8100,Product_8100,Home,463.06,true
8101,Product_8101,Clothing,174.51,true
8102,Product_8102,Electronics,415.93,true
8103,Product_8103,Electronics,36.92,true
8104,Product_8104,,177.35,true
8105,Product_8105,Clothing,81.56,false
8106,Product_8106,,280.48,true
8107,Product_8107,Home,389.75,true
8108,Product_8108,Home,189.62,true
8109,Product_8109,Clothing,321.29,true
8110,Product_8110,,376.77,true
8111,Product_8111,Electronics,415.63,true
8112,Product_8112,Clothing,189.56,true
8113,Product_8113,Home,85.58,true
8114,Product_8114,Home,296.69,true
8115,Product_8115,,94.04,true
8116,Product_8116,Home,192.44,false
8117,Product_8117,Home,465.83,false
8118,Product_8118,,179.56,true
8119,Product_8119,Home,366.38,true
8120,Product_8120,,285.89,true
8121,Product_8121,Clothing,139.32,true
8122,Product_8122,Home,142.07,true
8123,Product_8123,Home,473.53,true
8124,Product_8124,Electronics,101.16,true
8125,Product_8125,Clothing,186.11,true
8126,Product_8126,Electronics,114.23,true
8127,Product_8127,,272.78,false
8128,Product_8128,Home,143.0,true
8129,Product_8129,Electronics,356.17,true
8130,Product_8130,Electronics,112.83,true
8131,Product_8131,Electronics,154.57,true
8132,Product_8132,Electronics,215.43,false
8133,Product_8133,Electronics,134.92,true
8134,Product_8134,Clothing,129.79,true
8135,Product_8135,Electronics,130.42,true
8136,Product_8136,Electronics,458.25,true
8137,Product_8137,Clothing,200.05,true
8138,Product_8138,Electronics,150.57,true
8139,Product_8139,Electronics,119.69,true
8140,Product_8140,,111.2,false
8141,Product_8141,Electronics,334.2,true
8142,Product_8142,Electronics,454.08,true
8143,Product_8143,Electronics,116.1,true
8144,Product_8144,Home,356.21,true
8145,Product_8145,Clothing,16.79,true
8146,Product_8146,Clothing,328.91,true
8147,Product_8147,Electronics,418.02,true
8148,Product_8148,Clothing,482.43,true
8149,Product_8149,Electronics,455.2,false
8150,Product_8150,Electronics,121.54,true
8151,Product_8151,,339.4,true
8152,Product_8152,Clothing,86.25,true
8153,Product_8153,Home,230.81,true
8154,Product_8154,Home,190.92,true
8155,Product_8155,Clothing,432.11,true
8156,Product_8156,,163.62,true
8157,Product_8157,Clothing,222.53,true
8158,Product_8158,Electronics,279.54,true
8159,Product_8159,Electronics,485.61,true
8160,Product_8160,Clothing,170.94,true
8161,Product_8161,Home,499.44,true
8162,Product_8162,Electronics,120.77,false
8163,Product_8163,Electronics,209.36,true
8164,Product_8164,Home,12.01,true
8165,Product_8165,Home,492.99,true
8166,Product_8166,Electronics,488.12,true
8167,Product_8167,Home,486.4,true
8168,Product_8168,Home,223.06,false
8169,Product_8169,Electronics,444.08,true
8170,Product_8170,Home,478.97,true
8171,Product_8171,,485.31,true
8172,Product_8172,Clothing,356.82,true
8173,Product_8173,Clothing,480.21,false
8174,Product_8174,Clothing,262.31,true
8175,Product_8175,Home,191.11,true
8176,Product_8176,Clothing,316.08,true
8177,Product_8177,,214.91,true
8178,Product_8178,Electronics,163.02,true
8179,Product_8179,Electronics,130.27,false
8180,Product_8180,Home,90.53,true
8181,Product_8181,Clothing,359.1,false
8182,Product_8182,Home,479.89,true
8183,Product_8183,Electronics,331.26,true
8184,Product_8184,Electronics,58.74,true
8185,Product_8185,Clothing,353.82,true
8186,Product_8186,Electronics,264.86,true
8187,Product_8187,Home,126.44,true
8188,Product_8188,Home,108.53,true
8189,Product_8189,Electronics,232.67,true
8190,Product_8190,Electronics,249.95,true
8191,Product_8191,Electronics,388.06,true
8192,Product_8192,Electronics,63.8,true
8193,Product_8193,Electronics,485.03,true
8194,Product_8194,,391.15,true
8195,Product_8195,Electronics,172.43,true
8196,Product_8196,Electronics,489.16,true
8197,Product_8197,Clothing,470.17,true
8198,Product_8198,Home,113.75,true
8199,Product_8199,Clothing,81.08,true
8200,Product_8200,Clothing,496.42,false
8201,Product_8201,Clothing,230.88,true
8202,Product_8202,Electronics,426.47,true
8203,Product_8203,Electronics,453.17,true
8204,Product_8204,Electronics,282.87,true
8205,Product_8205,Clothing,64.83,true
8206,Product_8206,Home,262.68,true
8207,Product_8207,,20.66,false
8208,Product_8208,,65.98,true
8209,Product_8209,Home,116.52,true
8210,Product_8210,Clothing,95.98,true
8211,Product_8211,Electronics,142.36,true
8212,Product_8212,Home,225.08,true
8213,Product_8213,Electronics,169.21,true
8214,Product_8214,Home,43.49,true
8215,Product_8215,Clothing,457.76,true
8216,Product_8216,Clothing,270.9,false
8217,Product_8217,Clothing,209.11,true
8218,Product_8218,Electronics,111.1,true
8219,Product_8219,Clothing,131.22,true
8220,Product_8220,Home,196.04,true
8221,Product_8221,Clothing,275.89,true
8222,Product_8222,Electronics,448.01,true
8223,Product_8223,Home,225.79,true
8224,Product_8224,Electronics,495.05,true
8225,Product_8225,Electronics,318.84,false
8226,Product_8226,Clothing,411.83,true
8227,Product_8227,Electronics,394.92,false
8228,Product_8228,Clothing,356.91,true
8229,Product_8229,Electronics,64.56,true
8230,Product_8230,Home,105.13,true
8231,Product_8231,Clothing,372.18,true
8232,Product_8232,Home,210.85,false
8233,Product_8233,Clothing,183.36,true
8234,Product_8234,Electronics,224.19,false
8235,Product_8235,Clothing,350.71,true
8236,Product_8236,Clothing,77.31,true
8237,Product_8237,Electronics,264.06,false
8238,Product_8238,Electronics,462.05,true
8239,Product_8239,Electronics,226.96,true
8240,Product_8240,Home,337.74,true
8241,Product_8241,Electronics,453.62,false
8242,Product_8242,Clothing,44.44,true
8243,Product_8243,Electronics,270.13,true
8244,Product_8244,Electronics,96.73,true
8245,Product_8245,Electronics,207.49,true
8246,Product_8246,Home,393.15,true
8247,Product_8247,Electronics,390.5,true
8248,Product_8248,Electronics,338.48,true
8249,Product_8249,Electronics,170.44,true
8250,Product_8250,Electronics,174.01,false
8251,Product_8251,Home,454.32,true
8252,Product_8252,Home,120.55,true
8253,Product_8253,Electronics,239.02,true
8254,Product_8254,Electronics,142.74,true
8255,Product_8255,Electronics,309.27,true
8256,Product_8256,Electronics,31.93,true
8257,Product_8257,Electronics,396.48,true
8258,Product_8258,Electronics,382.97,false
8259,Product_8259,,207.87,true
8260,Product_8260,Clothing,128.2,true
8261,Product_8261,Electronics,485.78,true
8262,Product_8262,Electronics,371.92,true
8263,Product_8263,Clothing,283.14,false
8264,Product_8264,Clothing,165.32,true
8265,Product_8265,Clothing,298.61,true
8266,Product_8266,Home,62.01,true
8267,Product_8267,Clothing,21.13,false
8268,Product_8268,Home,217.34,true
8269,Product_8269,Electronics,277.11,true
8270,Product_8270,Clothing,45.42,true
8271,Product_8271,,452.27,true
8272,Product_8272,Electronics,91.46,true
8273,Product_8273,Clothing,366.55,true
8274,Product_8274,,455.86,true
8275,Product_8275,,253.04,true
8276,Product_8276,Electronics,156.14,false
8277,Product_8277,Clothing,178.22,true
8278,Product_8278,Electronics,358.57,true
8279,Product_8279,Clothing,232.52,true
8280,Product_8280,Electronics,175.89,true
8281,Product_8281,,405.38,true
8282,Product_8282,Clothing,309.36,true
8283,Product_8283,Clothing,157.58,true
8284,Product_8284,Clothing,172.33,false
8285,Product_8285,Clothing,196.92,true
8286,Product_8286,Home,436.26,false
8287,Product_8287,Electronics,173.84,true
8288,Product_8288,Electronics,331.76,true
8289,Product_8289,Clothing,103.11,true
8290,Product_8290,Clothing,90.94,true
8291,Product_8291,,221.82,true
8292,Product_8292,Electronics,167.14,true
8293,Product_8293,Clothing,255.19,true
8294,Product_8294,,285.29,true
8295,Product_8295,Clothing,50.08,true
8296,Product_8296,Electronics,449.09,true
8297,Product_8297,Electronics,202.3,true
8298,Product_8298,Home,29.24,true
8299,Product_8299,Home,70.75,true
8300,Product_8300,Clothing,39.82,true
8301,Product_8301,Home,97.4,true
8302,Product_8302,Clothing,244.38,true
8303,Product_8303,Home,24.76,false
8304,Product_8304,,95.99,false
8305,Product_8305,,43.09,true
8306,Product_8306,Electronics,405.23,true
8307,Product_8307,,51.29,true
8308,Product_8308,Home,44.27,true
8309,Product_8309,Home,135.88,false
8310,Product_8310,Clothing,359.56,true
8311,Product_8311,Electronics,15.15,true
8312,Product_8312,Home,120.13,true
8313,Product_8313,Clothing,54.83,true
8314,Product_8314,Electronics,315.49,true
8315,Product_8315,Clothing,50.91,true
8316,Product_8316,Clothing,238.19,true
8317,Product_8317,Clothing,77.94,true
8318,Product_8318,Clothing,468.08,true
8319,Product_8319,Electronics,452.12,true
8320,Product_8320,Clothing,202.37,true
8321,Product_8321,Clothing,56.41,true
8322,Product_8322,Clothing,95.06,true
8323,Product_8323,Clothing,336.5,true
8324,Product_8324,,320.06,true
8325,Product_8325,Home,451.55,true
8326,Product_8326,Electronics,180.78,true
8327,Product_8327,Electronics,10.82,true
8328,Product_8328,Electronics,482.64,true
8329,Product_8329,Home,333.69,true
8330,Product_8330,Home,226.66,true
8331,Product_8331,Electronics,489.29,true
8332,Product_8332,Clothing,394.49,true
8333,Product_8333,Home,419.73,true
8334,Product_8334,Electronics,266.18,true
8335,Product_8335,Electronics,301.41,true
8336,Product_8336,Clothing,327.29,true
8337,Product_8337,Clothing,78.86,true
8338,Product_8338,Electronics,332.73,true
8339,Product_8339,Electronics,288.72,true
8340,Product_8340,Electronics,438.89,false
8341,Product_8341,Clothing,433.62,true
8342,Product_8342,Electronics,304.0,true
8343,Product_8343,Electronics,144.15,true
8344,Product_8344,Home,349.48,true
8345,Product_8345,Home,310.41,true
8346,Product_8346,Electronics,237.34,true
8347,Product_8347,Electronics,411.96,true
8348,Product_8348,Electronics,126.09,true
8349,Product_8349,Clothing,202.11,true
8350,Product_8350,Clothing,364.98,true
8351,Product_8351,Electronics,425.34,true
8352,Product_8352,Clothing,389.1,true
8353,Product_8353,Home,180.01,true
8354,Product_8354,Clothing,158.11,true
8355,Product_8355,Electronics,10.54,true
8356,Product_8356,Home,114.43,true
8357,Product_8357,Electronics,146.8,false
8358,Product_8358,Clothing,200.0,true
8359,Product_8359,Clothing,279.8,true
8360,Product_8360,Clothing,310.3,true
8361,Product_8361,Electronics,385.59,true
8362,Product_8362,Clothing,237.42,true
8363,Product_8363,Clothing,64.33,true
8364,Product_8364,Clothing,382.18,true
8365,Product_8365,Electronics,142.9,true
8366,Product_8366,Home,424.02,true
8367,Product_8367,Home,164.06,true
8368,Product_8368,,497.64,true
8369,Product_8369,Electronics,95.57,true
8370,Product_8370,Electronics,47.4,true
8371,Product_8371,Clothing,265.1,true
8372,Product_8372,Clothing,17.42,true
8373,Product_8373,Clothing,206.18,true
8374,Product_8374,,165.87,true
8375,Product_8375,Home,495.75,true
8376,Product_8376,,312.38,true
8377,Product_8377,Electronics,246.23,true
8378,Product_8378,Home,56.49,true
8379,Product_8379,Electronics,268.4,true
8380,Product_8380,Electronics,104.26,true
8381,Product_8381,Home,460.01,false
8382,Product_8382,Home,182.76,true
8383,Product_8383,Clothing,437.05,true
8384,Product_8384,Electronics,329.63,true
8385,Product_8385,Home,444.1,true
8386,Product_8386,Electronics,275.8,true
8387,Product_8387,Home,66.23,true
8388,Product_8388,Electronics,465.9,true
8389,Product_8389,Clothing,302.52,true
8390,Product_8390,Clothing,25.21,true
8391,Product_8391,,440.26,true
8392,Product_8392,Clothing,248.41,true
8393,Product_8393,Electronics,18.11,true
8394,Product_8394,Clothing,297.65,true
8395,Product_8395,Electronics,240.83,true
8396,Product_8396,Clothing,201.44,true
8397,Product_8397,,93.07,true
8398,Product_8398,Clothing,133.97,true
8399,Product_8399,Home,294.25,true
8400,Product_8400,,360.5,true
8401,Product_8401,Electronics,267.84,true
8402,Product_8402,Home,138.44,true
8403,Product_8403,Electronics,80.9,true
8404,Product_8404,Electronics,297.33,true
8405,Product_8405,Clothing,364.75,true
8406,Product_8406,Electronics,471.33,true
8407,Product_8407,Electronics,459.16,true
8408,Product_8408,Clothing,349.25,false
8409,Product_8409,Electronics,386.85,true
8410,Product_8410,Electronics,178.37,false
8411,Product_8411,Electronics,223.23,false
8412,Product_8412,Clothing,491.53,true
8413,Product_8413,Clothing,474.56,false
8414,Product_8414,Home,422.82,true
8415,Product_8415,Electronics,97.14,true
8416,Product_8416,Electronics,357.62,true
8417,Product_8417,Electronics,158.78,true
8418,Product_8418,Clothing,18.86,true
8419,Product_8419,,145.59,true
8420,Product_8420,Electronics,19.71,true
8421,Product_8421,Electronics,120.33,false
8422,Product_8422,Home,189.84,true
8423,Product_8423,Clothing,301.19,true
8424,Product_8424,Electronics,372.48,true
8425,Product_8425,Electronics,34.54,true
8426,Product_8426,Home,340.18,true
8427,Product_8427,Electronics,27.03,true
8428,Product_8428,Electronics,39.87,true
8429,Product_8429,Electronics,336.84,true
8430,Product_8430,,49.72,true
8431,Product_8431,Electronics,363.64,false
8432,Product_8432,Electronics,121.84,true
8433,Product_8433,Electronics,191.09,true
8434,Product_8434,Clothing,356.98,true
8435,Product_8435,,339.12,false
8436,Product_8436,,13.95,true
8437,Product_8437,Electronics,453.07,true
8438,Product_8438,Clothing,151.48,true
8439,Product_8439,Home,433.32,true
8440,Product_8440,Clothing,346.92,true
8441,Product_8441,Electronics,490.88,true
8442,Product_8442,Electronics,448.35,true
8443,Product_8443,Clothing,362.56,true
8444,Product_8444,Clothing,93.75,true
8445,Product_8445,Electronics,178.92,true
8446,Product_8446,Home,424.82,false
8447,Product_8447,Clothing,445.32,true
8448,Product_8448,Clothing,429.57,true
8449,Product_8449,Home,302.49,true
8450,Product_8450,Electronics,187.76,true
8451,Product_8451,Home,307.57,true
8452,Product_8452,Electronics,41.78,true
8453,Product_8453,Electronics,264.68,true
8454,Product_8454,Clothing,202.37,true
8455,Product_8455,Electronics,258.7,true
8456,Product_8456,Clothing,54.65,false
8457,Product_8457,Clothing,317.05,true
8458,Product_8458,Home,225.8,true
8459,Product_8459,Home,412.81,true
8460,Product_8460,Clothing,321.33,true
8461,Product_8461,Clothing,283.72,true
8462,Product_8462,Home,341.61,true
8463,Product_8463,Electronics,451.98,true
8464,Product_8464,Clothing,104.92,true
8465,Product_8465,Home,44.25,true
8466,Product_8466,Clothing,23.55,false
8467,Product_8467,Electronics,60.15,true
8468,Product_8468,,442.81,true
8469,Product_8469,Electronics,371.51,true
8470,Product_8470,Electronics,17.62,true
8471,Product_8471,Electronics,472.09,true
8472,Product_8472,Home,108.31,true
8473,Product_8473,Clothing,366.07,true
8474,Product_8474,Electronics,392.79,true
8475,Product_8475,Electronics,45.56,true
8476,Product_8476,Electronics,419.88,false
8477,Product_8477,Home,175.21,true
8478,Product_8478,Electronics,231.7,true
8479,Product_8479,Electronics,194.56,true
8480,Product_8480,Clothing,239.09,true
8481,Product_8481,Clothing,358.92,true
8482,Product_8482,Electronics,329.75,true
8483,Product_8483,,128.17,true
8484,Product_8484,Clothing,422.85,false
8485,Product_8485,,127.06,false
8486,Product_8486,,276.23,true
8487,Product_8487,Home,229.01,true
8488,Product_8488,Electronics,454.43,true
8489,Product_8489,,28.66,true
8490,Product_8490,Home,353.13,true
8491,Product_8491,Home,282.81,true
8492,Product_8492,Electronics,496.07,false
8493,Product_8493,Electronics,33.3,true
8494,Product_8494,Clothing,84.17,true
8495,Product_8495,Electronics,453.95,true
8496,Product_8496,Home,17.29,true
8497,Product_8497,Electronics,320.38,true
8498,Product_8498,Electronics,483.59,true
8499,Product_8499,Home,263.05,true
8500,Product_8500,Electronics,453.47,true
8501,Product_8501,Clothing,382.49,true
8502,Product_8502,Clothing,166.53,false
8503,Product_8503,Clothing,392.02,true
8504,Product_8504,Clothing,484.37,true
8505,Product_8505,Electronics,374.38,true
8506,Product_8506,Electronics,94.68,true
8507,Product_8507,Electronics,269.6,true
8508,Product_8508,Clothing,188.23,true
8509,Product_8509,Home,453.07,false
8510,Product_8510,Home,92.49,true
8511,Product_8511,Clothing,438.93,true
8512,Product_8512,Electronics,421.32,true
8513,Product_8513,Clothing,90.34,true
8514,Product_8514,Clothing,214.73,true
8515,Product_8515,Clothing,165.91,true
8516,Product_8516,Electronics,154.94,false
8517,Product_8517,Home,426.18,true
8518,Product_8518,Clothing,206.31,true
8519,Product_8519,Electronics,167.69,true
8520,Product_8520,Clothing,449.89,false
8521,Product_8521,Home,372.48,true
8522,Product_8522,Clothing,381.93,true
8523,Product_8523,Electronics,280.85,true
8524,Product_8524,Home,471.8,true
8525,Product_8525,Electronics,12.95,true
8526,Product_8526,Electronics,226.52,true
8527,Product_8527,Electronics,293.32,true
8528,Product_8528,Home,131.33,true
8529,Product_8529,Clothing,465.88,true
8530,Product_8530,Home,400.21,true
8531,Product_8531,Electronics,469.75,true
8532,Product_8532,,191.01,true
8533,Product_8533,Electronics,313.2,true
8534,Product_8534,Clothing,99.92,true
8535,Product_8535,,207.36,true
8536,Product_8536,Home,212.1,false
8537,Product_8537,Electronics,38.95,true
8538,Product_8538,Clothing,275.39,true
8539,Product_8539,Electronics,277.24,true
8540,Product_8540,Home,391.43,true
8541,Product_8541,,81.76,true
8542,Product_8542,Electronics,278.06,true
8543,Product_8543,Electronics,485.52,true
8544,Product_8544,Home,246.13,true
8545,Product_8545,Electronics,275.4,true
8546,Product_8546,Home,64.91,true
8547,Product_8547,Home,25.39,true
8548,Product_8548,Clothing,211.06,false
8549,Product_8549,Home,364.9,true
8550,Product_8550,Electronics,450.7,true
8551,Product_8551,Electronics,468.48,true
8552,Product_8552,Electronics,363.16,false
8553,Product_8553,Clothing,55.24,true
8554,Product_8554,Electronics,380.59,true
8555,Product_8555,Home,269.67,true
8556,Product_8556,Electronics,379.71,true
8557,Product_8557,Home,59.8,true
8558,Product_8558,Electronics,438.84,false
8559,Product_8559,,359.57,true
8560,Product_8560,Clothing,230.47,true
8561,Product_8561,Electronics,288.17,true
8562,Product_8562,Electronics,199.38,true
8563,Product_8563,Home,291.36,true
8564,Product_8564,Electronics,270.54,true
8565,Product_8565,Electronics,251.1,true
8566,Product_8566,Clothing,206.06,true
8567,Product_8567,Clothing,491.75,true
8568,Product_8568,Clothing,211.1,true
8569,Product_8569,Clothing,116.52,true
8570,Product_8570,Home,280.31,true
8571,Product_8571,Electronics,388.44,true
8572,Product_8572,Home,423.25,true
8573,Product_8573,Home,231.26,true
8574,Product_8574,Home,440.1,true
8575,Product_8575,Home,301.05,false
8576,Product_8576,,336.41,true
8577,Product_8577,Clothing,476.17,true
8578,Product_8578,Electronics,245.43,true
8579,Product_8579,Clothing,448.11,true
8580,Product_8580,Clothing,256.0,true
8581,Product_8581,Home,341.87,true
8582,Product_8582,Electronics,127.97,true
8583,Product_8583,Electronics,301.11,true
8584,Product_8584,Electronics,220.1,true
8585,Product_8585,,400.35,false
8586,Product_8586,Electronics,196.39,true
8587,Product_8587,,296.66,true
8588,Product_8588,Electronics,239.78,true
8589,Product_8589,Home,29.85,false
8590,Product_8590,Clothing,168.76,true
8591,Product_8591,,469.28,true
8592,Product_8592,,322.92,true
8593,Product_8593,Clothing,280.59,false
8594,Product_8594,Clothing,45.08,true
8595,Product_8595,Clothing,134.85,false
8596,Product_8596,Clothing,202.21,true
8597,Product_8597,Electronics,217.68,true
8598,Product_8598,Electronics,70.98,true
8599,Product_8599,Home,172.07,true
8600,Product_8600,Home,302.02,true
8601,Product_8601,Clothing,372.23,true
8602,Product_8602,Clothing,161.7,true
8603,Product_8603,Clothing,411.92,true
8604,Product_8604,,172.53,true
8605,Product_8605,Home,442.72,true
8606,Product_8606,Electronics,453.56,true
8607,Product_8607,Home,499.56,true
8608,Product_8608,Electronics,163.96,true
8609,Product_8609,Electronics,209.26,true
8610,Product_8610,Clothing,226.49,true
8611,Product_8611,Clothing,65.55,false
8612,Product_8612,Electronics,26.63,false
8613,Product_8613,Home,183.02,true
8614,Product_8614,,343.24,true
8615,Product_8615,Clothing,72.67,true
8616,Product_8616,Electronics,160.89,true
8617,Product_8617,Electronics,327.64,true
8618,Product_8618,Clothing,405.95,true
8619,Product_8619,Electronics,371.36,true
8620,Product_8620,Clothing,391.85,true
8621,Product_8621,Home,317.0,true
8622,Product_8622,Electronics,77.01,true
8623,Product_8623,Electronics,391.99,true
8624,Product_8624,Electronics,138.3,true
8625,Product_8625,Electronics,320.03,true
8626,Product_8626,Clothing,36.96,true
8627,Product_8627,Electronics,28.26,false
8628,Product_8628,Electronics,251.55,true
8629,Product_8629,Electronics,205.57,true
8630,Product_8630,Home,423.47,true
8631,Product_8631,Home,230.57,true
8632,Product_8632,Clothing,168.58,true
8633,Product_8633,Clothing,392.68,true
8634,Product_8634,Clothing,136.61,true
8635,Product_8635,Home,355.61,true
8636,Product_8636,Clothing,241.38,true
8637,Product_8637,Clothing,206.84,true
8638,Product_8638,Electronics,306.62,true
8639,Product_8639,Clothing,128.28,true
8640,Product_8640,Clothing,259.83,true
8641,Product_8641,Electronics,229.09,true
8642,Product_8642,Clothing,74.16,true
8643,Product_8643,Clothing,224.21,true
8644,Product_8644,Electronics,236.44,true
8645,Product_8645,Electronics,479.32,true
8646,Product_8646,Electronics,368.62,true
8647,Product_8647,Clothing,454.73,true
8648,Product_8648,Clothing,289.49,true
8649,Product_8649,Electronics,150.51,true
8650,Product_8650,,283.79,true
8651,Product_8651,Electronics,90.67,true
8652,Product_8652,Clothing,108.1,true
8653,Product_8653,Clothing,450.3,true
8654,Product_8654,Electronics,65.41,true
8655,Product_8655,Electronics,441.67,false
8656,Product_8656,Clothing,376.56,true
8657,Product_8657,,59.48,true
8658,Product_8658,Clothing,52.58,true
8659,Product_8659,,95.36,true
8660,Product_8660,Electronics,50.11,true
8661,Product_8661,Electronics,212.58,true
8662,Product_8662,Electronics,222.59,true
8663,Product_8663,Home,223.78,true
8664,Product_8664,Clothing,409.46,true
8665,Product_8665,Electronics,484.8,true
8666,Product_8666,,445.72,true
8667,Product_8667,Electronics,411.86,true
8668,Product_8668,Clothing,489.08,true
8669,Product_8669,Electronics,328.11,true
8670,Product_8670,Electronics,85.87,true
8671,Product_8671,Electronics,352.12,true
8672,Product_8672,Clothing,78.86,true
8673,Product_8673,Electronics,464.31,true
8674,Product_8674,Home,315.24,true
8675,Product_8675,Electronics,388.27,false
8676,Product_8676,Electronics,262.11,true
8677,Product_8677,Clothing,374.01,true
8678,Product_8678,Clothing,27.4,true
8679,Product_8679,Home,175.79,true
8680,Product_8680,Home,416.64,false
8681,Product_8681,Clothing,449.17,true
8682,Product_8682,Electronics,184.65,true
8683,Product_8683,,16.21,true
8684,Product_8684,Electronics,418.87,true
8685,Product_8685,Home,145.26,true
8686,Product_8686,Home,48.75,true
8687,Product_8687,Electronics,480.57,true
8688,Product_8688,Electronics,210.61,false
8689,Product_8689,Electronics,176.8,true
8690,Product_8690,Home,377.47,true
8691,Product_8691,Home,176.88,true
8692,Product_8692,Clothing,392.94,true
8693,Product_8693,Home,308.55,true
8694,Product_8694,Clothing,474.24,true
8695,Product_8695,Electronics,344.31,true
8696,Product_8696,Clothing,393.53,true
8697,Product_8697,Clothing,376.93,true
8698,Product_8698,Home,225.2,true
8699,Product_8699,Electronics,382.32,true
8700,Product_8700,Electronics,345.5,true
8701,Product_8701,Electronics,287.11,true
8702,Product_8702,Clothing,357.45,false
8703,Product_8703,Home,191.28,true
8704,Product_8704,Clothing,490.32,true
8705,Product_8705,Clothing,163.14,true
8706,Product_8706,Home,269.67,true
8707,Product_8707,Home,130.34,true
8708,Product_8708,Electronics,324.8,true
8709,Product_8709,Electronics,416.4,true
8710,Product_8710,Clothing,324.37,true
8711,Product_8711,Electronics,15.73,true
8712,Product_8712,Electronics,383.28,true
8713,Product_8713,Electronics,280.94,true
8714,Product_8714,Clothing,274.65,true
8715,Product_8715,Clothing,457.33,true
8716,Product_8716,Clothing,391.74,true
8717,Product_8717,,145.35,true
8718,Product_8718,Clothing,225.62,true
8719,Product_8719,,471.6,true
8720,Product_8720,Electronics,167.75,true
8721,Product_8721,Clothing,349.83,true
8722,Product_8722,,423.42,true
8723,Product_8723,Clothing,151.17,false
8724,Product_8724,Clothing,52.12,true
8725,Product_8725,Home,353.42,true
8726,Product_8726,Electronics,133.4,true
8727,Product_8727,Clothing,493.39,true
8728,Product_8728,Electronics,333.7,true
8729,Product_8729,Clothing,280.36,true
8730,Product_8730,Home,286.08,true
8731,Product_8731,Electronics,459.44,true
8732,Product_8732,,436.14,true
8733,Product_8733,,86.25,true
8734,Product_8734,Clothing,398.03,true
8735,Product_8735,Electronics,350.0,true
8736,Product_8736,Clothing,64.25,true
8737,Product_8737,Electronics,241.77,true
8738,Product_8738,Electronics,230.16,true
8739,Product_8739,Clothing,277.2,true
8740,Product_8740,Electronics,342.88,true
8741,Product_8741,Clothing,95.07,false
8742,Product_8742,Electronics,289.03,true
8743,Product_8743,Electronics,382.83,true
8744,Product_8744,Clothing,420.53,true
8745,Product_8745,Electronics,226.7,true
8746,Product_8746,Clothing,210.51,true
8747,Product_8747,,365.24,true
8748,Product_8748,Electronics,34.18,true
8749,Product_8749,Electronics,359.52,true
8750,Product_8750,Clothing,53.01,true
8751,Product_8751,Home,332.02,true
8752,Product_8752,Electronics,354.42,true
8753,Product_8753,Electronics,129.77,true
8754,Product_8754,Electronics,308.49,true
8755,Product_8755,Electronics,349.54,true
8756,Product_8756,Electronics,440.31,true
8757,Product_8757,Electronics,271.54,true
8758,Product_8758,,117.79,true
8759,Product_8759,Electronics,493.09,true
8760,Product_8760,Home,99.13,false
8761,Product_8761,,347.94,true
8762,Product_8762,Electronics,443.86,true
8763,Product_8763,Clothing,151.01,true
8764,Product_8764,Home,321.42,false
8765,Product_8765,Electronics,45.52,true
8766,Product_8766,Clothing,81.91,true
8767,Product_8767,,218.2,true
8768,Product_8768,Electronics,319.75,true
8769,Product_8769,Home,298.17,true
8770,Product_8770,Electronics,135.09,true
8771,Product_8771,Clothing,84.8,true
8772,Product_8772,Electronics,319.9,true
8773,Product_8773,Clothing,495.15,true
8774,Product_8774,Home,365.93,true
8775,Product_8775,,351.73,false
8776,Product_8776,Electronics,80.16,true
8777,Product_8777,Clothing,300.96,true
8778,Product_8778,,379.4,true
8779,Product_8779,Clothing,447.59,true
8780,Product_8780,Electronics,491.87,true
8781,Product_8781,Home,489.72,true
8782,Product_8782,Electronics,181.58,true
8783,Product_8783,Electronics,427.41,true
8784,Product_8784,,287.08,true
8785,Product_8785,Home,480.82,true
8786,Product_8786,Clothing,447.74,true
8787,Product_8787,,99.19,true
8788,Product_8788,Home,270.54,true
8789,Product_8789,Clothing,316.22,true
8790,Product_8790,Electronics,238.12,true
8791,Product_8791,Electronics,188.29,true
8792,Product_8792,Electronics,19.53,true
8793,Product_8793,Home,218.27,true
8794,Product_8794,Electronics,252.14,true
8795,Product_8795,Clothing,300.04,true
8796,Product_8796,Home,129.23,true
8797,Product_8797,Clothing,452.68,true
8798,Product_8798,Clothing,369.71,true
8799,Product_8799,Electronics,280.96,true
8800,Product_8800,Electronics,313.55,true
8801,Product_8801,Electronics,357.61,true
8802,Product_8802,Home,452.68,true
8803,Product_8803,Clothing,451.5,true
8804,Product_8804,Electronics,247.42,true
8805,Product_8805,,237.87,true
8806,Product_8806,Clothing,189.28,true
8807,Product_8807,Home,117.31,true
8808,Product_8808,Electronics,371.94,true
8809,Product_8809,Clothing,54.5,true
8810,Product_8810,Electronics,272.08,true
8811,Product_8811,Electronics,423.61,true
8812,Product_8812,Home,372.33,true
8813,Product_8813,Home,167.17,true
8814,Product_8814,Electronics,316.52,true
8815,Product_8815,Clothing,184.22,true
8816,Product_8816,Clothing,211.27,true
8817,Product_8817,Home,283.3,true
8818,Product_8818,Clothing,148.95,false
8819,Product_8819,Electronics,166.29,true
8820,Product_8820,Electronics,248.84,true
8821,Product_8821,Electronics,15.29,true
8822,Product_8822,Home,84.04,true
8823,Product_8823,Clothing,386.1,true
8824,Product_8824,Clothing,110.3,false
8825,Product_8825,Electronics,378.76,true
8826,Product_8826,Electronics,284.0,false
8827,Product_8827,,381.67,true
8828,Product_8828,Electronics,93.95,true
8829,Product_8829,Clothing,325.47,true
8830,Product_8830,Electronics,485.67,true
8831,Product_8831,Home,59.46,true
8832,Product_8832,Clothing,270.09,true
8833,Product_8833,Clothing,290.02,true
8834,Product_8834,Electronics,297.53,true
8835,Product_8835,Clothing,434.94,true
8836,Product_8836,,77.73,true
8837,Product_8837,Electronics,236.34,false
8838,Product_8838,Clothing,458.36,true
8839,Product_8839,Electronics,266.01,true
8840,Product_8840,Electronics,151.16,true
8841,Product_8841,Clothing,151.47,true
8842,Product_8842,Clothing,495.12,true
8843,Product_8843,,384.88,false
8844,Product_8844,Clothing,28.94,true
8845,Product_8845,Clothing,347.34,true
8846,Product_8846,Clothing,451.74,true
8847,Product_8847,Home,159.9,true
8848,Product_8848,Electronics,424.26,true
8849,Product_8849,Clothing,416.85,true
8850,Product_8850,Clothing,129.66,true
8851,Product_8851,Clothing,338.1,true
8852,Product_8852,Electronics,378.2,true
8853,Product_8853,Clothing,371.58,true
8854,Product_8854,Electronics,479.54,false
8855,Product_8855,,447.06,true
8856,Product_8856,Clothing,239.84,true
8857,Product_8857,Clothing,223.13,false
8858,Product_8858,Electronics,410.1,true
8859,Product_8859,Electronics,176.82,true
8860,Product_8860,Clothing,217.61,true
8861,Product_8861,Home,278.0,true
8862,Product_8862,Electronics,353.92,true
8863,Product_8863,Home,318.97,false
8864,Product_8864,Electronics,56.11,true
8865,Product_8865,,313.59,true
8866,Product_8866,Home,64.83,true
8867,Product_8867,Home,304.13,true
8868,Product_8868,Electronics,206.94,false
8869,Product_8869,Clothing,282.25,true
8870,Product_8870,Home,437.11,true
8871,Product_8871,Electronics,36.82,true
8872,Product_8872,Electronics,410.22,true
8873,Product_8873,Electronics,477.32,true
8874,Product_8874,Clothing,214.87,true
8875,Product_8875,Home,276.06,false
8876,Product_8876,Electronics,438.68,true
8877,Product_8877,Electronics,405.8,true
8878,Product_8878,Electronics,16.15,true
8879,Product_8879,Clothing,102.85,true
8880,Product_8880,Clothing,336.04,true
8881,Product_8881,Home,362.59,true
8882,Product_8882,,289.6,true
8883,Product_8883,,54.59,false
8884,Product_8884,Electronics,120.34,true
8885,Product_8885,Electronics,67.32,true
8886,Product_8886,,335.35,false
8887,Product_8887,Home,198.05,true
8888,Product_8888,Electronics,39.16,true
8889,Product_8889,Electronics,111.98,true
8890,Product_8890,Home,222.17,true
8891,Product_8891,Clothing,326.84,true
8892,Product_8892,Clothing,112.14,true
8893,Product_8893,Electronics,127.86,true
8894,Product_8894,Electronics,204.77,true
8895,Product_8895,Home,253.7,true
8896,Product_8896,Clothing,114.8,false
8897,Product_8897,Clothing,367.5,true
8898,Product_8898,Home,165.09,true
8899,Product_8899,Clothing,227.24,true
8900,Product_8900,,260.38,true
8901,Product_8901,Electronics,495.72,true
8902,Product_8902,Electronics,367.25,true
8903,Product_8903,Home,332.76,true
8904,Product_8904,Electronics,122.08,true
8905,Product_8905,Home,434.62,true
8906,Product_8906,Home,485.73,true
8907,Product_8907,Clothing,130.91,true
8908,Product_8908,Home,90.62,true
8909,Product_8909,Home,124.74,true
8910,Product_8910,Clothing,375.15,true
8911,Product_8911,Clothing,317.47,true
8912,Product_8912,Home,196.14,true
8913,Product_8913,Electronics,13.9,true
8914,Product_8914,Electronics,387.37,true
8915,Product_8915,Clothing,452.56,true
8916,Product_8916,Clothing,256.04,true
8917,Product_8917,,176.82,true
8918,Product_8918,Home,448.17,true
8919,Product_8919,Home,56.98,true
8920,Product_8920,Clothing,411.4,true
8921,Product_8921,Electronics,52.86,true
8922,Product_8922,Home,203.24,true
8923,Product_8923,,267.24,true
8924,Product_8924,Electronics,384.89,true
8925,Product_8925,Home,38.79,true
8926,Product_8926,Electronics,485.8,true
8927,Product_8927,,265.62,true
8928,Product_8928,Electronics,92.2,true
8929,Product_8929,Clothing,134.26,true
8930,Product_8930,Clothing,386.62,true
8931,Product_8931,Clothing,237.57,true
8932,Product_8932,Clothing,164.62,true
8933,Product_8933,Electronics,382.73,true
8934,Product_8934,Home,41.65,true
8935,Product_8935,Electronics,208.59,true
8936,Product_8936,Electronics,264.54,true
8937,Product_8937,Electronics,112.36,true
8938,Product_8938,Clothing,76.71,true
8939,Product_8939,Clothing,179.01,false
8940,Product_8940,Clothing,448.12,true
8941,Product_8941,Home,426.44,true
8942,Product_8942,Clothing,277.84,false
8943,Product_8943,Electronics,186.01,true
8944,Product_8944,Home,382.76,true
8945,Product_8945,Clothing,38.51,true
8946,Product_8946,Home,266.72,true
8947,Product_8947,Clothing,343.3,true
8948,Product_8948,Electronics,452.83,true
8949,Product_8949,Home,355.86,false
8950,Product_8950,Electronics,46.1,true
8951,Product_8951,Clothing,120.35,true
8952,Product_8952,Clothing,53.69,true
8953,Product_8953,Clothing,69.03,true
8954,Product_8954,Electronics,133.94,false
8955,Product_8955,Electronics,119.28,false
8956,Product_8956,Home,425.08,true
8957,Product_8957,Home,191.95,true
8958,Product_8958,Electronics,257.77,true
8959,Product_8959,Electronics,372.38,true
8960,Product_8960,Electronics,298.87,true
8961,Product_8961,,194.14,true
8962,Product_8962,Clothing,246.75,true
8963,Product_8963,Electronics,368.05,true
8964,Product_8964,Electronics,15.52,true
8965,Product_8965,Clothing,319.86,true
8966,Product_8966,Clothing,373.14,true
8967,Product_8967,Home,492.77,true
8968,Product_8968,Clothing,226.61,true
8969,Product_8969,,133.16,true
8970,Product_8970,,27.64,true
8971,Product_8971,,98.23,true
8972,Product_8972,Electronics,224.45,true
8973,Product_8973,Electronics,199.52,true
8974,Product_8974,Home,107.42,false
8975,Product_8975,Home,37.29,true
8976,Product_8976,Clothing,92.07,true
8977,Product_8977,,269.76,true
8978,Product_8978,Electronics,201.99,true
8979,Product_8979,Electronics,231.88,true
8980,Product_8980,Electronics,343.94,true
8981,Product_8981,Clothing,207.63,true
8982,Product_8982,Electronics,77.73,true
8983,Product_8983,Electronics,175.72,true
8984,Product_8984,Electronics,35.45,true
8985,Product_8985,Home,82.69,true
8986,Product_8986,Electronics,236.52,true
8987,Product_8987,Home,435.35,true
8988,Product_8988,Electronics,284.12,true
8989,Product_8989,Electronics,357.02,false
8990,Product_8990,Electronics,382.94,true
8991,Product_8991,Clothing,69.03,true
8992,Product_8992,Clothing,169.29,true
8993,Product_8993,,108.75,true
8994,Product_8994,Clothing,230.55,true
8995,Product_8995,Clothing,441.99,true
8996,Product_8996,Electronics,28.01,true
8997,Product_8997,Electronics,224.52,true
8998,Product_8998,Clothing,320.32,true
8999,Product_8999,Clothing,251.54,true
9000,Product_9000,Electronics,246.17,true
9001,Product_9001,Electronics,387.83,true
9002,Product_9002,Electronics,173.29,true
9003,Product_9003,Electronics,348.97,true
9004,Product_9004,Clothing,394.9,true
9005,Product_9005,Home,338.03,true
9006,Product_9006,Electronics,14.93,false
9007,Product_9007,Home,403.09,true
9008,Product_9008,Clothing,426.51,false
9009,Product_9009,Electronics,219.19,true
9010,Product_9010,Electronics,51.9,true
9011,Product_9011,Clothing,498.86,true
9012,Product_9012,Home,343.05,true
9013,Product_9013,Clothing,238.44,true
9014,Product_9014,Home,86.57,true
9015,Product_9015,Electronics,119.37,true
9016,Product_9016,Electronics,208.21,true
9017,Product_9017,Electronics,339.18,true
9018,Product_9018,Home,308.55,true
9019,Product_9019,Clothing,336.01,true
9020,Product_9020,Electronics,374.32,true
9021,Product_9021,Clothing,434.27,true
9022,Product_9022,Home,79.67,true
9023,Product_9023,Clothing,266.74,true
9024,Product_9024,,149.14,true
9025,Product_9025,Electronics,441.76,false
9026,Product_9026,Home,141.81,true
9027,Product_9027,Home,458.59,true
9028,Product_9028,,166.49,true
9029,Product_9029,Electronics,18.37,true
9030,Product_9030,Clothing,214.35,true
9031,Product_9031,Electronics,151.36,false
9032,Product_9032,Electronics,134.23,true
9033,Product_9033,Electronics,487.81,true
9034,Product_9034,Electronics,412.61,true
9035,Product_9035,Clothing,453.06,true
9036,Product_9036,Clothing,100.41,true
9037,Product_9037,Electronics,190.71,true
9038,Product_9038,Electronics,275.9,true
9039,Product_9039,Electronics,498.05,true
9040,Product_9040,Electronics,170.7,true
9041,Product_9041,Electronics,400.4,true
9042,Product_9042,Electronics,228.64,true
9043,Product_9043,Electronics,154.99,false
9044,Product_9044,Clothing,179.33,true
9045,Product_9045,,423.03,true
9046,Product_9046,Home,32.42,true
9047,Product_9047,Electronics,33.33,false
9048,Product_9048,Electronics,378.81,true
9049,Product_9049,Electronics,174.55,true
9050,Product_9050,Home,289.37,false
9051,Product_9051,Clothing,17.69,true
9052,Product_9052,Clothing,353.7,true
9053,Product_9053,Home,236.06,true
9054,Product_9054,Electronics,494.74,true
9055,Product_9055,Home,145.16,true
9056,Product_9056,Electronics,402.65,true
9057,Product_9057,Electronics,97.76,false
9058,Product_9058,Home,103.27,true
9059,Product_9059,Home,230.95,true
9060,Product_9060,,76.51,true
9061,Product_9061,Electronics,99.11,true
9062,Product_9062,Clothing,387.43,true
9063,Product_9063,,72.37,false
9064,Product_9064,Clothing,324.68,true
9065,Product_9065,Electronics,125.81,false
9066,Product_9066,Clothing,470.54,true
9067,Product_9067,Clothing,138.23,true
9068,Product_9068,Electronics,200.18,true
9069,Product_9069,Clothing,228.72,true
9070,Product_9070,Home,411.52,true
9071,Product_9071,Electronics,412.17,true
9072,Product_9072,Clothing,294.22,true
9073,Product_9073,Home,236.82,true
9074,Product_9074,Electronics,409.88,true
9075,Product_9075,Electronics,240.0,true
9076,Product_9076,,28.41,true
9077,Product_9077,Clothing,353.87,true
9078,Product_9078,Home,289.15,true
9079,Product_9079,Clothing,82.67,true
9080,Product_9080,Electronics,240.79,true
9081,Product_9081,Home,11.81,true
9082,Product_9082,Home,402.45,true
9083,Product_9083,,232.67,true
9084,Product_9084,Clothing,98.9,true
9085,Product_9085,Clothing,336.18,true
9086,Product_9086,Home,487.61,true
9087,Product_9087,Home,210.53,true
9088,Product_9088,Home,477.89,true
9089,Product_9089,Home,225.86,true
9090,Product_9090,Clothing,235.97,true
9091,Product_9091,Electronics,118.64,true
9092,Product_9092,Home,22.9,true
9093,Product_9093,Home,287.06,true
9094,Product_9094,,139.56,true
9095,Product_9095,Clothing,469.5,false
9096,Product_9096,Clothing,383.7,true
9097,Product_9097,Electronics,359.27,true
9098,Product_9098,Electronics,449.92,true
9099,Product_9099,Clothing,357.13,true
9100,Product_9100,,421.16,true
9101,Product_9101,Clothing,388.58,true
9102,Product_9102,Electronics,153.69,true
9103,Product_9103,Home,254.59,true
9104,Product_9104,,218.54,true
9105,Product_9105,Clothing,359.42,true
9106,Product_9106,,424.74,false
9107,Product_9107,Home,433.72,false
9108,Product_9108,Electronics,353.94,true
9109,Product_9109,Clothing,404.89,true
9110,Product_9110,Electronics,382.27,false
9111,Product_9111,Clothing,205.97,true
9112,Product_9112,,71.73,true
9113,Product_9113,Electronics,142.24,true
9114,Product_9114,Electronics,28.48,true
9115,Product_9115,Clothing,277.73,true
9116,Product_9116,Clothing,264.66,true
9117,Product_9117,Electronics,74.8,true
9118,Product_9118,Electronics,236.96,true
9119,Product_9119,Electronics,109.48,true
9120,Product_9120,Home,315.14,true
9121,Product_9121,Home,230.51,true
9122,Product_9122,Electronics,427.48,true
9123,Product_9123,Electronics,377.36,true
9124,Product_9124,Home,160.56,false
9125,Product_9125,Electronics,298.55,true
9126,Product_9126,Electronics,412.6,true
9127,Product_9127,Clothing,237.02,true
9128,Product_9128,Electronics,99.6,true
9129,Product_9129,Clothing,78.04,true
9130,Product_9130,Electronics,312.29,true
9131,Product_9131,Home,311.79,true
9132,Product_9132,Electronics,161.01,true
9133,Product_9133,Home,372.6,true
9134,Product_9134,Electronics,133.71,true
9135,Product_9135,Electronics,163.91,true
9136,Product_9136,Clothing,263.76,true
9137,Product_9137,Home,212.89,true
9138,Product_9138,Electronics,379.01,true
9139,Product_9139,Electronics,485.72,true
9140,Product_9140,Electronics,328.03,true
9141,Product_9141,Clothing,329.29,true
9142,Product_9142,Home,293.04,true
9143,Product_9143,Home,348.28,true
9144,Product_9144,Home,39.26,true
9145,Product_9145,Electronics,145.43,true
9146,Product_9146,Electronics,173.63,true
9147,Product_9147,Home,293.33,true
9148,Product_9148,Clothing,34.39,true
9149,Product_9149,,94.39,true
9150,Product_9150,Home,64.28,true
9151,Product_9151,Electronics,88.14,true
9152,Product_9152,Home,370.52,true
9153,Product_9153,Clothing,406.9,true
9154,Product_9154,Electronics,232.72,true
9155,Product_9155,,474.73,true
9156,Product_9156,Clothing,216.21,true
9157,Product_9157,Electronics,392.32,true
9158,Product_9158,Electronics,292.47,true
9159,Product_9159,Clothing,402.23,true
9160,Product_9160,Clothing,345.31,true
9161,Product_9161,Clothing,366.18,true
9162,Product_9162,Clothing,497.49,true
9163,Product_9163,Clothing,423.49,true
9164,Product_9164,Electronics,180.08,true
9165,Product_9165,Home,235.75,true
9166,Product_9166,Electronics,285.06,true
9167,Product_9167,,173.4,true
9168,Product_9168,Electronics,38.43,true
9169,Product_9169,Clothing,255.84,true
9170,Product_9170,Electronics,241.53,true
9171,Product_9171,Clothing,309.47,false
9172,Product_9172,,386.92,true
9173,Product_9173,Home,381.87,true
9174,Product_9174,Electronics,77.95,false
9175,Product_9175,Clothing,73.23,true
9176,Product_9176,Electronics,134.3,true
9177,Product_9177,Electronics,350.35,true
9178,Product_9178,Electronics,242.13,false
9179,Product_9179,Electronics,115.73,true
9180,Product_9180,Home,346.82,false
9181,Product_9181,Home,425.45,true
9182,Product_9182,Home,55.97,false
9183,Product_9183,Home,279.45,true
9184,Product_9184,Clothing,261.44,true
9185,Product_9185,Clothing,167.68,true
9186,Product_9186,Electronics,125.73,true
9187,Product_9187,Clothing,427.25,true
9188,Product_9188,Electronics,132.75,true
9189,Product_9189,Electronics,231.26,true
9190,Product_9190,Electronics,14.9,true
9191,Product_9191,Clothing,222.47,true
9192,Product_9192,Electronics,373.71,true
9193,Product_9193,,106.95,true
9194,Product_9194,Home,475.45,true
9195,Product_9195,Electronics,488.03,true
9196,Product_9196,Home,413.03,true
9197,Product_9197,Electronics,185.2,true
9198,Product_9198,Electronics,162.81,true
9199,Product_9199,Electronics,485.51,true
9200,Product_9200,Electronics,95.95,true
9201,Product_9201,Electronics,84.33,true
9202,Product_9202,Electronics,118.61,true
9203,Product_9203,Electronics,401.77,true
9204,Product_9204,Home,210.87,true
9205,Product_9205,Clothing,34.19,true
9206,Product_9206,Electronics,192.54,true
9207,Product_9207,Electronics,84.14,true
9208,Product_9208,Clothing,221.28,true
9209,Product_9209,Clothing,351.59,true
9210,Product_9210,Electronics,267.4,true
9211,Product_9211,Electronics,496.65,true
9212,Product_9212,Electronics,308.39,true
9213,Product_9213,Home,285.75,true
9214,Product_9214,Electronics,348.04,true
9215,Product_9215,Home,205.9,false
9216,Product_9216,Electronics,215.28,true
9217,Product_9217,Home,353.03,false
9218,Product_9218,Home,40.62,true
9219,Product_9219,Electronics,78.05,true
9220,Product_9220,Electronics,123.37,true
9221,Product_9221,,77.85,false
9222,Product_9222,Home,411.44,true
9223,Product_9223,Electronics,325.03,true
9224,Product_9224,Electronics,301.13,true
9225,Product_9225,Electronics,376.3,true
9226,Product_9226,Clothing,343.95,true
9227,Product_9227,Electronics,397.2,true
9228,Product_9228,,24.3,true
9229,Product_9229,Home,362.76,true
9230,Product_9230,Electronics,278.15,false
9231,Product_9231,Electronics,113.68,true
9232,Product_9232,Electronics,157.81,true
9233,Product_9233,Electronics,20.62,true
9234,Product_9234,Electronics,380.61,false
9235,Product_9235,Electronics,165.06,true
9236,Product_9236,Electronics,443.21,true
9237,Product_9237,,182.79,true
9238,Product_9238,Electronics,161.42,false
9239,Product_9239,Home,266.61,true
9240,Product_9240,Clothing,62.76,true
9241,Product_9241,Electronics,219.13,true
9242,Product_9242,Electronics,324.65,false
9243,Product_9243,Clothing,132.56,false
9244,Product_9244,Clothing,32.74,true
9245,Product_9245,,102.54,true
9246,Product_9246,Clothing,376.98,true
9247,Product_9247,Clothing,284.08,true
9248,Product_9248,Home,282.5,true
9249,Product_9249,Electronics,174.48,true
9250,Product_9250,Home,162.61,true
9251,Product_9251,Electronics,66.34,true
9252,Product_9252,Home,157.83,false
9253,Product_9253,Electronics,368.66,true
9254,Product_9254,Clothing,425.35,true
9255,Product_9255,Clothing,232.28,true
9256,Product_9256,,425.14,false
9257,Product_9257,Home,433.53,true
9258,Product_9258,Home,352.55,true
9259,Product_9259,Electronics,123.05,true
9260,Product_9260,Clothing,220.69,true
9261,Product_9261,Home,301.94,true
9262,Product_9262,Home,242.98,true
9263,Product_9263,Clothing,484.01,true
9264,Product_9264,Home,315.2,true
9265,Product_9265,Electronics,23.72,true
9266,Product_9266,Home,65.33,false
9267,Product_9267,Electronics,355.6,true
9268,Product_9268,Electronics,245.43,true
9269,Product_9269,Home,351.45,true
9270,Product_9270,Clothing,360.85,true
9271,Product_9271,Clothing,279.07,false
9272,Product_9272,Electronics,497.31,true
9273,Product_9273,,139.72,true
9274,Product_9274,Clothing,112.14,true
9275,Product_9275,Electronics,471.44,true
9276,Product_9276,Electronics,189.38,true
9277,Product_9277,Clothing,219.39,true
9278,Product_9278,Home,217.51,true
9279,Product_9279,Electronics,223.89,true
9280,Product_9280,Electronics,360.48,true
9281,Product_9281,Electronics,416.65,true
9282,Product_9282,Electronics,105.75,true
9283,Product_9283,Home,81.7,true
9284,Product_9284,Clothing,245.76,false
9285,Product_9285,Home,208.68,true
9286,Product_9286,Electronics,229.32,false
9287,Product_9287,Electronics,39.76,true
9288,Product_9288,,206.92,true
9289,Product_9289,Home,453.63,true
9290,Product_9290,Home,362.15,true
9291,Product_9291,Clothing,240.21,true
9292,Product_9292,Electronics,112.23,true
9293,Product_9293,Electronics,498.8,true
9294,Product_9294,Home,192.0,true
9295,Product_9295,Clothing,139.93,true
9296,Product_9296,Electronics,412.63,true
9297,Product_9297,Clothing,463.85,true
9298,Product_9298,Electronics,281.34,true
9299,Product_9299,Clothing,70.55,true
9300,Product_9300,Home,74.29,true
9301,Product_9301,Electronics,204.06,true
9302,Product_9302,Home,27.29,true
9303,Product_9303,Electronics,120.29,true
9304,Product_9304,Electronics,222.32,true
9305,Product_9305,Clothing,148.38,true
9306,Product_9306,Electronics,276.17,true
9307,Product_9307,Electronics,133.75,true
9308,Product_9308,Electronics,341.72,true
9309,Product_9309,Electronics,40.21,true
9310,Product_9310,Electronics,200.73,true
9311,Product_9311,Home,209.64,true
9312,Product_9312,Clothing,328.43,true
9313,Product_9313,Home,168.66,true
9314,Product_9314,Electronics,363.17,true
9315,Product_9315,Clothing,83.88,true
9316,Product_9316,Clothing,221.68,true
9317,Product_9317,Electronics,331.01,true
9318,Product_9318,Clothing,291.21,true
9319,Product_9319,Electronics,128.3,false
9320,Product_9320,Electronics,309.76,true
9321,Product_9321,Clothing,494.34,true
9322,Product_9322,Electronics,334.22,true
9323,Product_9323,Electronics,374.76,false
9324,Product_9324,Electronics,359.69,true
9325,Product_9325,Electronics,424.8,true
9326,Product_9326,Electronics,92.9,true
9327,Product_9327,Home,130.85,true
9328,Product_9328,Electronics,62.37,true
9329,Product_9329,Electronics,80.14,true
9330,Product_9330,Clothing,341.54,true
9331,Product_9331,,36.42,true
9332,Product_9332,Clothing,315.99,true
9333,Product_9333,Clothing,326.38,true
9334,Product_9334,Home,142.09,true
9335,Product_9335,Electronics,96.7,true
9336,Product_9336,Electronics,379.11,true
9337,Product_9337,Home,243.38,false
9338,Product_9338,Home,481.75,true
9339,Product_9339,Clothing,193.82,true
9340,Product_9340,Electronics,84.11,true
9341,Product_9341,Electronics,413.98,false
9342,Product_9342,Clothing,145.19,true
9343,Product_9343,Clothing,286.83,true
9344,Product_9344,Electronics,237.58,false
9345,Product_9345,Electronics,30.92,false
9346,Product_9346,Clothing,242.81,true
9347,Product_9347,Electronics,305.36,true
9348,Product_9348,Clothing,90.35,true
9349,Product_9349,Electronics,317.53,true
9350,Product_9350,Clothing,150.59,true
9351,Product_9351,Clothing,377.84,true
9352,Product_9352,Clothing,492.54,true
9353,Product_9353,Clothing,228.42,false
9354,Product_9354,Electronics,88.19,true
9355,Product_9355,Clothing,11.51,true
9356,Product_9356,Clothing,486.15,true
9357,Product_9357,Home,27.33,true
9358,Product_9358,Clothing,78.22,true
9359,Product_9359,Electronics,156.27,true
9360,Product_9360,Electronics,283.81,true
9361,Product_9361,Electronics,293.67,true
9362,Product_9362,Clothing,46.9,true
9363,Product_9363,Clothing,187.04,false
9364,Product_9364,Home,295.16,true
9365,Product_9365,Electronics,454.68,true
9366,Product_9366,Electronics,396.18,false
9367,Product_9367,Clothing,437.99,true
9368,Product_9368,Clothing,425.1,true
9369,Product_9369,Electronics,94.12,true
9370,Product_9370,Clothing,21.31,true
9371,Product_9371,Electronics,96.62,true
9372,Product_9372,Clothing,342.65,true
9373,Product_9373,Clothing,158.89,true
9374,Product_9374,Home,24.1,true
9375,Product_9375,Clothing,134.84,true
9376,Product_9376,Home,249.08,true
9377,Product_9377,,326.79,false
9378,Product_9378,Electronics,329.78,true
9379,Product_9379,Electronics,487.8,true
9380,Product_9380,Electronics,178.04,true
9381,Product_9381,Clothing,17.76,true
9382,Product_9382,Electronics,298.9,true
9383,Product_9383,Home,94.53,true
9384,Product_9384,Electronics,31.76,true
9385,Product_9385,Clothing,257.16,true
9386,Product_9386,Home,413.05,true
9387,Product_9387,Electronics,213.58,true
9388,Product_9388,Electronics,232.07,true
9389,Product_9389,Electronics,200.82,true
9390,Product_9390,Electronics,237.64,true
9391,Product_9391,Home,373.96,true
9392,Product_9392,Electronics,303.86,false
9393,Product_9393,Home,482.33,true
9394,Product_9394,Electronics,140.21,true
9395,Product_9395,Electronics,396.5,true
9396,Product_9396,Home,113.16,true
9397,Product_9397,Home,259.28,true
9398,Product_9398,Electronics,211.81,true
9399,Product_9399,Clothing,318.11,true
9400,Product_9400,Electronics,134.69,true
9401,Product_9401,Home,23.42,true
9402,Product_9402,Electronics,437.11,true
9403,Product_9403,Clothing,26.4,true
9404,Product_9404,Electronics,470.89,true
9405,Product_9405,Home,71.09,true
9406,Product_9406,,129.74,true
9407,Product_9407,Home,159.51,true
9408,Product_9408,Clothing,182.22,true
9409,Product_9409,Clothing,381.34,true
9410,Product_9410,Home,456.11,true
9411,Product_9411,Clothing,326.03,true
9412,Product_9412,Electronics,209.2,true
9413,Product_9413,Electronics,298.45,true
9414,Product_9414,Home,256.54,true
9415,Product_9415,,346.84,true
9416,Product_9416,Electronics,126.17,true
9417,Product_9417,Home,498.18,false
9418,Product_9418,Electronics,250.25,true
9419,Product_9419,Electronics,290.18,true
9420,Product_9420,Electronics,149.83,true
9421,Product_9421,Electronics,259.29,true
9422,Product_9422,Clothing,154.98,false
9423,Product_9423,Clothing,49.6,true
9424,Product_9424,Clothing,132.43,true
9425,Product_9425,Electronics,214.11,true
9426,Product_9426,Home,245.14,true
9427,Product_9427,Home,331.11,true
9428,Product_9428,Clothing,293.39,true
9429,Product_9429,,329.97,true
9430,Product_9430,Electronics,214.77,true
9431,Product_9431,Clothing,220.64,true
9432,Product_9432,Electronics,87.09,true
9433,Product_9433,Clothing,493.52,true
9434,Product_9434,Home,168.3,false
9435,Product_9435,Clothing,391.95,true
9436,Product_9436,Electronics,41.08,true
9437,Product_9437,Electronics,484.92,true
9438,Product_9438,Home,399.17,true
9439,Product_9439,Electronics,492.26,true
9440,Product_9440,Clothing,335.68,true
9441,Product_9441,Electronics,467.26,true
9442,Product_9442,Clothing,422.85,true
9443,Product_9443,Home,475.28,true
9444,Product_9444,Electronics,172.13,true
9445,Product_9445,Electronics,414.01,false
9446,Product_9446,Clothing,398.55,true
9447,Product_9447,Home,202.5,true
9448,Product_9448,Clothing,266.4,true
9449,Product_9449,Electronics,47.72,true
9450,Product_9450,Electronics,169.72,true
9451,Product_9451,Electronics,353.51,true
9452,Product_9452,Home,387.51,true
9453,Product_9453,Home,209.38,true
9454,Product_9454,Electronics,231.69,true
9455,Product_9455,Clothing,452.04,true
9456,Product_9456,Home,259.02,false
9457,Product_9457,Electronics,379.0,true
9458,Product_9458,Electronics,228.06,true
9459,Product_9459,Electronics,300.83,true
9460,Product_9460,Home,128.45,true
9461,Product_9461,Clothing,46.26,true
9462,Product_9462,Electronics,426.92,true
9463,Product_9463,Clothing,154.28,true
9464,Product_9464,Clothing,266.67,true
9465,Product_9465,Home,245.22,true
9466,Product_9466,Electronics,216.73,true
9467,Product_9467,Electronics,289.8,true
9468,Product_9468,Clothing,258.67,true
9469,Product_9469,Clothing,200.88,true
9470,Product_9470,Electronics,172.5,true
9471,Product_9471,Home,435.72,true
9472,Product_9472,Clothing,458.85,false
9473,Product_9473,Clothing,451.4,false
9474,Product_9474,Electronics,482.75,true
9475,Product_9475,Clothing,249.46,true
9476,Product_9476,Electronics,401.47,true
9477,Product_9477,Electronics,26.31,true
9478,Product_9478,Clothing,348.32,true
9479,Product_9479,Electronics,86.46,true
9480,Product_9480,Electronics,404.26,true
9481,Product_9481,Electronics,41.99,true
9482,Product_9482,Home,31.42,true
9483,Product_9483,Clothing,233.78,true
9484,Product_9484,Electronics,48.9,true
9485,Product_9485,Clothing,84.18,true
9486,Product_9486,Clothing,328.99,true
9487,Product_9487,Clothing,186.57,true
9488,Product_9488,Electronics,232.0,true
9489,Product_9489,Electronics,116.76,true
9490,Product_9490,Clothing,466.41,true
9491,Product_9491,Electronics,353.71,true
9492,Product_9492,Electronics,207.5,true
9493,Product_9493,Home,380.98,true
9494,Product_9494,Electronics,300.31,true
9495,Product_9495,Clothing,373.31,true
9496,Product_9496,Clothing,183.53,true
9497,Product_9497,Clothing,415.27,true
9498,Product_9498,Electronics,66.84,true
9499,Product_9499,Clothing,303.08,true
9500,Product_9500,Electronics,410.38,true
9501,Product_9501,Clothing,220.67,true
9502,Product_9502,Home,267.3,true
9503,Product_9503,Home,227.19,true
9504,Product_9504,Electronics,96.61,true
9505,Product_9505,Home,438.62,true
9506,Product_9506,Electronics,304.21,true
9507,Product_9507,Electronics,437.98,true
9508,Product_9508,Home,328.36,true
9509,Product_9509,Electronics,493.57,true
9510,Product_9510,Home,319.61,true
9511,Product_9511,Electronics,335.97,true
9512,Product_9512,Home,312.21,true
9513,Product_9513,Electronics,152.77,true
9514,Product_9514,Electronics,259.4,true
9515,Product_9515,Electronics,158.88,true
9516,Product_9516,Clothing,149.11,true
9517,Product_9517,,211.85,true
9518,Product_9518,Clothing,434.87,true
9519,Product_9519,Electronics,52.73,true
9520,Product_9520,Electronics,303.59,false
9521,Product_9521,Clothing,421.29,true
9522,Product_9522,Home,227.86,true
9523,Product_9523,Clothing,43.47,true
9524,Product_9524,Electronics,115.75,true
9525,Product_9525,Clothing,59.46,true
9526,Product_9526,Electronics,380.01,true
9527,Product_9527,Electronics,214.99,false
9528,Product_9528,,361.52,true
9529,Product_9529,Electronics,112.01,true
9530,Product_9530,Electronics,132.05,true
9531,Product_9531,Electronics,471.63,true
9532,Product_9532,,194.96,true
9533,Product_9533,Home,192.04,true
9534,Product_9534,,150.23,true
9535,Product_9535,Electronics,476.56,true
9536,Product_9536,Electronics,18.75,true
9537,Product_9537,Clothing,422.12,true
9538,Product_9538,Electronics,113.45,true
9539,Product_9539,Electronics,209.85,false
9540,Product_9540,Home,192.26,true
9541,Product_9541,Electronics,437.28,true
9542,Product_9542,,145.83,true
9543,Product_9543,,29.53,false
9544,Product_9544,Electronics,424.92,true
9545,Product_9545,Clothing,379.55,true
9546,Product_9546,Electronics,495.05,true
9547,Product_9547,Home,125.29,true
9548,Product_9548,Clothing,90.91,true
9549,Product_9549,Clothing,320.32,true
9550,Product_9550,Clothing,243.93,true
9551,Product_9551,Electronics,385.9,true
9552,Product_9552,Clothing,246.09,true
9553,Product_9553,Electronics,168.09,true
9554,Product_9554,Electronics,495.41,true
9555,Product_9555,Electronics,443.87,false
9556,Product_9556,Electronics,54.38,true
9557,Product_9557,Electronics,310.23,true
9558,Product_9558,Electronics,99.39,true
9559,Product_9559,,302.35,true
9560,Product_9560,Electronics,133.2,true
9561,Product_9561,Electronics,237.21,true
9562,Product_9562,Clothing,124.48,true
9563,Product_9563,Electronics,118.07,true
9564,Product_9564,Clothing,264.56,true
9565,Product_9565,Electronics,446.84,true
9566,Product_9566,Clothing,209.66,true
9567,Product_9567,Electronics,353.7,false
9568,Product_9568,Clothing,139.92,true
9569,Product_9569,Electronics,228.72,true
9570,Product_9570,Electronics,137.95,true
9571,Product_9571,Clothing,30.92,true
9572,Product_9572,,180.72,true
9573,Product_9573,Electronics,237.93,true
9574,Product_9574,Clothing,418.19,true
9575,Product_9575,Home,248.97,true
9576,Product_9576,Home,228.3,true
9577,Product_9577,,177.77,true
9578,Product_9578,Home,153.1,true
9579,Product_9579,Clothing,64.96,true
9580,Product_9580,Electronics,496.66,true
9581,Product_9581,Home,253.53,false
9582,Product_9582,Clothing,264.06,true
9583,Product_9583,Home,471.23,true
9584,Product_9584,Electronics,256.73,true
9585,Product_9585,Electronics,233.92,true
9586,Product_9586,Electronics,320.11,true
9587,Product_9587,Clothing,252.19,true
9588,Product_9588,Electronics,132.58,false
9589,Product_9589,Home,326.53,true
9590,Product_9590,Home,451.19,true
9591,Product_9591,Clothing,482.61,true
9592,Product_9592,Clothing,14.1,true
9593,Product_9593,Electronics,130.13,true
9594,Product_9594,Electronics,302.92,true
9595,Product_9595,Clothing,125.35,true
9596,Product_9596,Electronics,74.03,true
9597,Product_9597,Clothing,434.01,true
9598,Product_9598,,374.97,true
9599,Product_9599,Electronics,11.25,true
9600,Product_9600,Electronics,169.94,true
9601,Product_9601,Clothing,366.71,true
9602,Product_9602,Electronics,236.12,true
9603,Product_9603,Clothing,224.96,true
9604,Product_9604,Clothing,253.44,true
9605,Product_9605,Electronics,217.82,true
9606,Product_9606,Clothing,127.32,true
9607,Product_9607,Electronics,172.81,false
9608,Product_9608,Home,433.53,true
9609,Product_9609,Clothing,223.87,true
9610,Product_9610,Electronics,458.88,true
9611,Product_9611,Electronics,68.78,true
9612,Product_9612,Clothing,84.07,true
9613,Product_9613,Electronics,480.05,true
9614,Product_9614,Electronics,266.97,true
9615,Product_9615,Clothing,253.25,false
9616,Product_9616,Electronics,177.35,true
9617,Product_9617,Electronics,341.48,true
9618,Product_9618,Electronics,35.83,true
9619,Product_9619,,472.41,true
9620,Product_9620,Clothing,75.05,true
9621,Product_9621,Electronics,405.84,true
9622,Product_9622,Home,442.82,true
9623,Product_9623,Electronics,268.84,false
9624,Product_9624,Clothing,326.72,true
9625,Product_9625,Clothing,490.44,true
9626,Product_9626,Clothing,152.54,true
9627,Product_9627,Electronics,476.08,true
9628,Product_9628,Electronics,300.87,true
9629,Product_9629,Electronics,140.56,true
9630,Product_9630,,166.01,true
9631,Product_9631,Clothing,125.52,true
9632,Product_9632,Clothing,276.75,true
9633,Product_9633,Clothing,406.27,true
9634,Product_9634,,463.95,true
9635,Product_9635,Home,150.25,true
9636,Product_9636,Electronics,268.58,false
9637,Product_9637,Electronics,30.18,false
9638,Product_9638,Clothing,246.57,true
9639,Product_9639,,76.23,true
9640,Product_9640,Clothing,95.63,true
9641,Product_9641,Home,497.54,true
9642,Product_9642,Electronics,166.93,true
9643,Product_9643,Clothing,408.58,true
9644,Product_9644,Electronics,108.05,true
9645,Product_9645,Electronics,218.1,false
9646,Product_9646,,124.25,true
9647,Product_9647,Home,295.82,true
9648,Product_9648,Clothing,181.93,true
9649,Product_9649,,44.56,true
9650,Product_9650,Home,122.55,true
9651,Product_9651,Clothing,335.08,true
9652,Product_9652,Home,295.43,false
9653,Product_9653,Clothing,449.66,true
9654,Product_9654,Clothing,199.07,true
9655,Product_9655,Home,414.65,true
9656,Product_9656,Electronics,44.38,true
9657,Product_9657,Home,296.69,false
9658,Product_9658,Home,469.9,true
9659,Product_9659,Electronics,433.0,true
9660,Product_9660,Electronics,307.56,true
9661,Product_9661,Clothing,214.66,true
9662,Product_9662,Electronics,260.64,false
9663,Product_9663,Clothing,403.86,true
9664,Product_9664,Electronics,40.31,true
9665,Product_9665,Electronics,43.69,false
9666,Product_9666,Electronics,228.55,true
9667,Product_9667,Clothing,21.92,true
9668,Product_9668,Electronics,212.65,false
9669,Product_9669,Home,460.76,true
9670,Product_9670,Home,299.01,true
9671,Product_9671,Clothing,175.33,true
9672,Product_9672,Electronics,302.43,true
9673,Product_9673,Electronics,396.86,false
9674,Product_9674,Clothing,219.45,true
9675,Product_9675,,404.24,true
9676,Product_9676,Electronics,381.91,true
9677,Product_9677,Electronics,170.32,false
9678,Product_9678,Clothing,373.24,true
9679,Product_9679,Home,118.22,true
9680,Product_9680,Home,416.77,true
9681,Product_9681,Clothing,190.35,true
9682,Product_9682,Clothing,161.68,true
9683,Product_9683,Clothing,241.82,true
9684,Product_9684,Clothing,113.32,true
9685,Product_9685,Electronics,224.73,true
9686,Product_9686,Clothing,242.56,true
9687,Product_9687,Electronics,341.8,true
9688,Product_9688,Electronics,327.74,true
9689,Product_9689,Electronics,416.88,true
9690,Product_9690,Electronics,295.82,true
9691,Product_9691,Clothing,128.38,true
9692,Product_9692,Electronics,498.28,true
9693,Product_9693,Clothing,244.33,false
9694,Product_9694,Electronics,322.28,true
9695,Product_9695,Clothing,80.67,true
9696,Product_9696,Home,54.57,true
9697,Product_9697,,200.76,true
9698,Product_9698,Home,221.46,true
9699,Product_9699,Clothing,293.23,true
9700,Product_9700,,22.47,true
9701,Product_9701,Clothing,206.16,true
9702,Product_9702,Home,61.3,true
9703,Product_9703,,233.25,true
9704,Product_9704,Clothing,387.25,true
9705,Product_9705,Clothing,83.72,true
9706,Product_9706,Clothing,219.57,true
9707,Product_9707,Electronics,224.99,true
9708,Product_9708,Electronics,126.5,true
9709,Product_9709,Electronics,281.58,false
9710,Product_9710,Home,423.38,true
9711,Product_9711,Clothing,245.64,true
9712,Product_9712,Home,286.0,true
9713,Product_9713,Electronics,279.94,true
9714,Product_9714,Clothing,419.07,true
9715,Product_9715,Electronics,444.86,true
9716,Product_9716,Electronics,339.64,true
9717,Product_9717,Electronics,373.36,true
9718,Product_9718,Home,480.24,true
9719,Product_9719,Clothing,213.6,true
9720,Product_9720,Clothing,160.39,true
9721,Product_9721,Clothing,304.88,true
9722,Product_9722,Electronics,291.68,true
9723,Product_9723,,239.69,true
9724,Product_9724,Clothing,457.94,true
9725,Product_9725,,69.04,false
9726,Product_9726,Electronics,189.56,true
9727,Product_9727,Electronics,33.27,true
9728,Product_9728,Clothing,390.44,true
9729,Product_9729,Electronics,54.26,true
9730,Product_9730,Clothing,378.68,true
9731,Product_9731,Electronics,105.65,true
9732,Product_9732,Home,178.47,false
9733,Product_9733,Electronics,296.2,true
9734,Product_9734,Clothing,366.13,true
9735,Product_9735,Clothing,360.38,true
9736,Product_9736,Electronics,282.04,true
9737,Product_9737,Home,128.09,true
9738,Product_9738,Clothing,103.78,true
9739,Product_9739,,56.52,true
9740,Product_9740,Home,423.79,true
9741,Product_9741,Clothing,418.86,true
9742,Product_9742,Electronics,460.76,true
9743,Product_9743,Clothing,308.18,true
9744,Product_9744,Electronics,368.74,true
9745,Product_9745,Home,112.75,true
9746,Product_9746,Electronics,147.37,false
9747,Product_9747,Electronics,308.93,true
9748,Product_9748,Electronics,306.11,true
9749,Product_9749,,430.65,true
9750,Product_9750,,342.31,true
9751,Product_9751,Clothing,210.9,true
9752,Product_9752,Clothing,462.99,true
9753,Product_9753,Home,402.83,true
9754,Product_9754,Electronics,457.15,true
9755,Product_9755,Electronics,376.53,true
9756,Product_9756,Electronics,276.55,true
9757,Product_9757,Electronics,249.53,false
9758,Product_9758,Electronics,59.27,true
9759,Product_9759,Electronics,154.27,true
9760,Product_9760,Electronics,337.35,true
9761,Product_9761,,110.9,true
9762,Product_9762,Clothing,235.13,true
9763,Product_9763,Electronics,276.01,true
9764,Product_9764,Clothing,384.8,true
9765,Product_9765,Home,34.34,true
9766,Product_9766,Clothing,282.48,true
9767,Product_9767,,10.3,true
9768,Product_9768,Clothing,464.58,true
9769,Product_9769,Home,185.39,true
9770,Product_9770,Clothing,264.1,true
9771,Product_9771,Home,276.62,true
9772,Product_9772,Electronics,117.05,true
9773,Product_9773,Electronics,280.41,true
9774,Product_9774,,489.82,true
9775,Product_9775,Electronics,440.74,true
9776,Product_9776,Home,248.91,true
9777,Product_9777,Home,303.37,true
9778,Product_9778,Home,430.96,false
9779,Product_9779,Electronics,40.03,true
9780,Product_9780,Home,156.91,true
9781,Product_9781,Electronics,337.2,true
9782,Product_9782,,60.17,true
9783,Product_9783,Electronics,486.6,false
9784,Product_9784,Clothing,363.4,true
9785,Product_9785,Electronics,166.63,true
9786,Product_9786,Clothing,481.43,true
9787,Product_9787,Electronics,484.75,true
9788,Product_9788,Electronics,135.2,true
9789,Product_9789,Home,357.32,true
9790,Product_9790,Electronics,485.77,true
9791,Product_9791,Electronics,94.5,false
9792,Product_9792,Electronics,263.05,true
9793,Product_9793,Home,341.49,true
9794,Product_9794,Electronics,256.34,true
9795,Product_9795,Electronics,209.72,true
9796,Product_9796,Electronics,242.52,true
9797,Product_9797,Clothing,302.13,true
9798,Product_9798,Home,80.83,true
9799,Product_9799,Clothing,185.03,true
9800,Product_9800,,397.56,true
9801,Product_9801,Electronics,323.39,true
9802,Product_9802,Clothing,354.0,true
9803,Product_9803,Clothing,369.16,false
9804,Product_9804,Clothing,235.92,true
9805,Product_9805,Clothing,163.36,true
9806,Product_9806,Electronics,489.92,true
9807,Product_9807,Home,280.41,false
9808,Product_9808,Electronics,432.27,true
9809,Product_9809,Electronics,12.5,true
9810,Product_9810,Electronics,102.74,false
9811,Product_9811,Home,444.76,true
9812,Product_9812,Home,474.92,true
9813,Product_9813,Clothing,486.99,true
9814,Product_9814,Home,57.54,true
9815,Product_9815,,445.9,true
9816,Product_9816,Home,369.27,true
9817,Product_9817,Electronics,161.89,true
9818,Product_9818,Clothing,329.58,true
9819,Product_9819,Clothing,370.27,true
9820,Product_9820,Electronics,362.07,true
9821,Product_9821,,166.63,true
9822,Product_9822,Clothing,278.43,true
9823,Product_9823,Electronics,260.08,true
9824,Product_9824,Clothing,437.5,true
9825,Product_9825,Clothing,355.58,false
9826,Product_9826,Home,316.54,true
9827,Product_9827,Electronics,228.93,true
9828,Product_9828,,391.63,true
9829,Product_9829,Electronics,284.1,true
9830,Product_9830,Home,350.82,true
9831,Product_9831,Electronics,82.11,true
9832,Product_9832,,164.24,true
9833,Product_9833,Electronics,352.14,true
9834,Product_9834,,440.62,true
9835,Product_9835,Electronics,268.37,false
9836,Product_9836,Home,118.85,true
9837,Product_9837,,320.11,true
9838,Product_9838,Electronics,157.91,false
9839,Product_9839,,389.49,false
9840,Product_9840,Electronics,420.19,true
9841,Product_9841,Home,226.4,true
9842,Product_9842,Home,147.71,true
9843,Product_9843,Electronics,185.19,true
9844,Product_9844,Electronics,63.75,true
9845,Product_9845,Electronics,423.01,true
9846,Product_9846,Home,193.46,true
9847,Product_9847,Electronics,418.88,true
9848,Product_9848,Clothing,438.01,true
9849,Product_9849,Clothing,454.61,true
9850,Product_9850,Home,27.34,true
9851,Product_9851,Electronics,28.7,true
9852,Product_9852,Clothing,296.9,true
9853,Product_9853,Clothing,245.42,true
9854,Product_9854,Clothing,81.0,true
9855,Product_9855,Electronics,239.1,false
9856,Product_9856,Clothing,73.84,true
9857,Product_9857,Home,348.89,true
9858,Product_9858,Home,101.61,true
9859,Product_9859,Home,33.27,true
9860,Product_9860,Clothing,278.45,true
9861,Product_9861,Clothing,80.06,true
9862,Product_9862,Electronics,264.06,true
9863,Product_9863,Home,168.54,true
9864,Product_9864,Clothing,357.02,true
9865,Product_9865,Home,272.3,true
9866,Product_9866,Clothing,226.19,true
9867,Product_9867,Home,194.25,true
9868,Product_9868,Clothing,316.86,true
9869,Product_9869,Electronics,177.58,true
9870,Product_9870,,226.76,true
9871,Product_9871,Electronics,271.54,true
9872,Product_9872,Home,141.22,true
9873,Product_9873,Home,153.23,true
9874,Product_9874,Electronics,122.29,true
9875,Product_9875,Electronics,140.69,true
9876,Product_9876,Electronics,402.93,true
9877,Product_9877,Electronics,178.32,true
9878,Product_9878,Clothing,155.11,true
9879,Product_9879,Electronics,463.46,true
9880,Product_9880,Clothing,71.47,true
9881,Product_9881,Home,453.56,true
9882,Product_9882,Electronics,355.21,true
9883,Product_9883,Home,387.32,true
9884,Product_9884,,394.23,true
9885,Product_9885,Home,333.52,true
9886,Product_9886,Electronics,71.72,true
9887,Product_9887,Electronics,157.82,true
9888,Product_9888,Electronics,493.62,true
9889,Product_9889,Home,278.54,true
9890,Product_9890,Clothing,102.46,true
9891,Product_9891,Electronics,457.9,true
9892,Product_9892,Electronics,230.38,true
9893,Product_9893,Electronics,142.0,true
9894,Product_9894,Clothing,491.97,true
9895,Product_9895,Clothing,296.93,true
9896,Product_9896,Electronics,472.96,true
9897,Product_9897,Clothing,131.93,true
9898,Product_9898,,116.73,true
9899,Product_9899,Clothing,393.38,true
9900,Product_9900,Home,154.34,true
9901,Product_9901,Electronics,87.96,true
9902,Product_9902,Home,242.42,true
9903,Product_9903,Electronics,462.79,true
9904,Product_9904,Home,92.04,true
9905,Product_9905,Electronics,158.08,true
9906,Product_9906,Home,73.17,false
9907,Product_9907,Clothing,21.2,true
9908,Product_9908,Electronics,49.6,true
9909,Product_9909,Home,241.72,true
9910,Product_9910,Electronics,378.53,true
9911,Product_9911,Clothing,315.46,true
9912,Product_9912,,319.31,true
9913,Product_9913,Electronics,316.93,true
9914,Product_9914,Electronics,62.26,true
9915,Product_9915,Electronics,189.78,true
9916,Product_9916,Clothing,68.03,true
9917,Product_9917,Home,430.19,true
9918,Product_9918,Electronics,334.15,true
9919,Product_9919,,159.69,true
9920,Product_9920,,304.28,true
9921,Product_9921,,360.82,false
9922,Product_9922,Electronics,421.87,true
9923,Product_9923,Clothing,495.27,true
9924,Product_9924,Electronics,10.21,true
9925,Product_9925,Electronics,136.57,false
9926,Product_9926,Home,238.6,false
9927,Product_9927,Clothing,194.69,true
9928,Product_9928,Clothing,365.58,true
9929,Product_9929,Home,469.16,true
9930,Product_9930,Electronics,175.83,true
9931,Product_9931,,103.66,false
9932,Product_9932,,133.71,false
9933,Product_9933,Clothing,48.26,true
9934,Product_9934,Home,322.27,true
9935,Product_9935,,257.52,true
9936,Product_9936,Home,325.02,true
9937,Product_9937,Clothing,439.98,false
9938,Product_9938,,448.74,true
9939,Product_9939,Clothing,470.65,true
9940,Product_9940,Clothing,214.45,true
9941,Product_9941,Home,96.7,false
9942,Product_9942,Clothing,293.07,true
9943,Product_9943,,436.99,true
9944,Product_9944,Home,332.09,true
9945,Product_9945,Clothing,198.72,true
9946,Product_9946,,447.01,true
9947,Product_9947,Electronics,65.76,true
9948,Product_9948,Home,498.61,true
9949,Product_9949,Home,382.67,true
9950,Product_9950,Home,367.17,true
9951,Product_9951,Clothing,280.0,true
9952,Product_9952,Electronics,301.18,true
9953,Product_9953,Clothing,262.27,true
9954,Product_9954,Home,413.11,true
9955,Product_9955,Electronics,89.6,true
9956,Product_9956,Home,377.94,true
9957,Product_9957,,242.4,true
9958,Product_9958,Electronics,414.41,true
9959,Product_9959,Electronics,401.52,true
9960,Product_9960,Clothing,441.59,true
9961,Product_9961,Electronics,296.71,true
9962,Product_9962,Clothing,238.89,true
9963,Product_9963,Electronics,140.74,true
9964,Product_9964,Home,259.42,false
9965,Product_9965,Electronics,211.52,true
9966,Product_9966,Clothing,24.3,true
9967,Product_9967,Home,31.45,true
9968,Product_9968,Clothing,418.34,true
9969,Product_9969,Home,497.89,false
9970,Product_9970,Electronics,168.6,true
9971,Product_9971,Electronics,74.18,true
9972,Product_9972,Electronics,282.32,true
9973,Product_9973,Clothing,287.35,true
9974,Product_9974,Clothing,76.49,true
9975,Product_9975,Electronics,370.34,true
9976,Product_9976,Home,481.15,true
9977,Product_9977,Home,298.23,true
9978,Product_9978,Electronics,238.04,true
9979,Product_9979,Electronics,127.6,true
9980,Product_9980,Clothing,278.1,true
9981,Product_9981,Electronics,215.38,true
9982,Product_9982,Home,335.03,true
9983,Product_9983,Electronics,491.42,true
9984,Product_9984,Home,381.07,true
9985,Product_9985,Clothing,163.63,true
9986,Product_9986,Home,174.2,true
9987,Product_9987,Home,96.21,true
9988,Product_9988,Clothing,432.48,false
9989,Product_9989,Electronics,372.0,true
9990,Product_9990,Clothing,307.85,true
9991,Product_9991,Clothing,249.26,true
9992,Product_9992,Clothing,321.64,true
9993,Product_9993,Clothing,392.62,true
9994,Product_9994,Electronics,469.53,false
9995,Product_9995,Clothing,110.37,true
9996,Product_9996,Clothing,19.03,true
9997,Product_9997,Clothing,242.3,true
9998,Product_9998,Electronics,484.78,true
9999,Product_9999,Home,238.25,true
10000,Product_10000,Clothing,455.89,true
